title,url,time_added,tags,status
http://www.101cookbooks.com/archives/skinny-omelette-recipe.html,http://www.101cookbooks.com/archives/skinny-omelette-recipe.html,1467204139,snídaně,unread
https://www.jamieoliver.com/recipes/turkey-recipes/asian-inspired-turkey-salad/,https://www.jamieoliver.com/recipes/turkey-recipes/asian-inspired-turkey-salad/,1517231587,saláty,unread
https://www.twopeasandtheirpod.com/homemade-soft-pretzel-bites/,https://www.twopeasandtheirpod.com/homemade-soft-pretzel-bites/,1518887676,svačiny a chuťovky,unread
http://www.skinnytaste.com/2010/03/spinach-and-feta-stuffed-chicken.html,http://www.skinnytaste.com/2010/03/spinach-and-feta-stuffed-chicken.html,1435146318,hlavní jídla,unread
https://smittenkitchen.com/2010/05/carrot-salad-with-harissa-feta-and-mint/,https://smittenkitchen.com/2010/05/carrot-salad-with-harissa-feta-and-mint/,1517231565,saláty,unread
http://www.skinnytaste.com/2010/05/lighter-baked-macaroni-and-cheese.html,http://www.skinnytaste.com/2010/05/lighter-baked-macaroni-and-cheese.html,1435210365,hlavní jídla,unread
http://www.theparsleythief.com/2010/11/chestnut-stuffing-with-leeks-apples.html,http://www.theparsleythief.com/2010/11/chestnut-stuffing-with-leeks-apples.html,1490286210,přílohy|svačiny a chuťovky,unread
http://www.simplebites.net/three-homemade-salad-dressing-recipes-better-for-you-better-for-your-wallet/,http://www.simplebites.net/three-homemade-salad-dressing-recipes-better-for-you-better-for-your-wallet/,1467105542,přílohy|saláty,unread
http://www.gimmesomeoven.com/how-to-make-pesto/,http://www.gimmesomeoven.com/how-to-make-pesto/,1467208555,hlavní jídla|přílohy,unread
Green Eggs,https://elanaspantry.com/green-eggs/,1647357700,snídaně,unread
http://www.rachaelraymag.com/recipes/103-healthy-snack-recipe-ideas,http://www.rachaelraymag.com/recipes/103-healthy-snack-recipe-ideas,1467278546,svačiny a chuťovky,unread
http://www.skinnytaste.com/2011/04/baby-pasta-shells-with-asparagus-and.html,http://www.skinnytaste.com/2011/04/baby-pasta-shells-with-asparagus-and.html,1435205674,hlavní jídla,unread
http://www.the-girl-who-ate-everything.com/2010/01/baked-zucchini-fries.html,http://www.the-girl-who-ate-everything.com/2010/01/baked-zucchini-fries.html,1435156026,přílohy,unread
http://www.twopeasandtheirpod.com/two-ingredient-banana-peanut-butter-ice-cream/,http://www.twopeasandtheirpod.com/two-ingredient-banana-peanut-butter-ice-cream/,1435182189,dezerty,unread
http://www.the-girl-who-ate-everything.com/2011/04/spinach-lasagna-rolls.html,http://www.the-girl-who-ate-everything.com/2011/04/spinach-lasagna-rolls.html,1467025176,hlavní jídla,unread
https://draxe.com/recipe/hummus/,https://draxe.com/recipe/hummus/,1518887622,pomazánky,unread
https://steamykitchen.com/19511-leftover-turkey-recipe-halal-cart-style-turkey-and-rice-with-white-sauce.html,https://steamykitchen.com/19511-leftover-turkey-recipe-halal-cart-style-turkey-and-rice-with-white-sauce.html,1517233762,hlavní jídla,unread
https://draxe.com/recipe/curried-turkey-salad/,https://draxe.com/recipe/curried-turkey-salad/,1517231596,saláty,unread
http://www.thegraciouspantry.com/clean-eating-banana-wrap/,http://www.thegraciouspantry.com/clean-eating-banana-wrap/,1435182139,snídaně,unread
http://steamykitchen.com/20966-cauliflower-mashed-potatoes-recipe.html,http://steamykitchen.com/20966-cauliflower-mashed-potatoes-recipe.html,1467211236,přílohy,unread
http://backtoherroots.com/2012/03/20/penne-rosa-with-shrimp/,http://backtoherroots.com/2012/03/20/penne-rosa-with-shrimp/,1435205660,hlavní jídla,unread
https://wellnessmama.com/4505/iced-lime-dandelion-tea,https://wellnessmama.com/4505/iced-lime-dandelion-tea,1539766292,nápoje,unread
http://www.kevinandamanda.com/recipes/dinner/spicy-sausage-pasta.html#_a5y_p=1384074,http://www.kevinandamanda.com/recipes/dinner/spicy-sausage-pasta.html#_a5y_p=1384074,1435205552,,unread
https://draxe.com/recipe/secret-detox-drink/,https://draxe.com/recipe/secret-detox-drink/,1517234069,nápoje,unread
"Risotto so špargľou, pórom a kuracím mäsom",http://www.foodissimo.eu/2012/05/18/risotto-so-sparglou-porom-a-kuracim-masom/,1364639165,#chřestová sezóna|hlavní jídla,unread
http://www.motherthyme.com/2012/05/chickpea-and-edamame-salad.html,http://www.motherthyme.com/2012/05/chickpea-and-edamame-salad.html,1467202258,saláty,unread
http://www.skinnytaste.com/2012/05/red-white-and-blueberry-cheesecake.html,http://www.skinnytaste.com/2012/05/red-white-and-blueberry-cheesecake.html,1435208990,dezerty,unread
http://www.glowkitchen.com/2012/04/beet-hummus/,http://www.glowkitchen.com/2012/04/beet-hummus/,1435156063,svačiny a chuťovky,unread
http://bevcooks.com/2012/05/pan-seared-salmon-for-one/,http://bevcooks.com/2012/05/pan-seared-salmon-for-one/,1435146308,hlavní jídla,unread
Jahody v té nejstylovější úpravě,http://www.gurmanka.cz/2012/06/jahody-v-te-nejstylovejsi-uprave,1564936770,dezerty,unread
"Zápisky Kačky Žvýkačky: Cukr, káva limonáda...",http://kackazvykacka.blogspot.cz/2012/06/cukr-kava-limonada.html,1371238541,nápoje,unread
Zápisky Kačky Žvýkačky: Nápoj lásky...,http://kackazvykacka.blogspot.cz/2012/05/napoj-lasky.html,1370394352,nápoje,unread
http://skinnyms.com/oatmeal-blueberry-protein-pancakes/,http://skinnyms.com/oatmeal-blueberry-protein-pancakes/,1467202076,snídaně,unread
Zápisky Kačky Žvýkačky: Když je v Praze abnormální hic...,http://kackazvykacka.blogspot.cz/2012/06/kdyz-je-v-praze-abnormalni-hic.html,1376487693,saláty,unread
"Spinach, Tomato And Feta Quiche Recipe - Food.com",http://www.food.com/recipe/spinach-tomato-and-feta-quiche-33454,1466285981,hlavní jídla,unread
http://www.skinnytaste.com/2009/04/deviled-eggs.html,http://www.skinnytaste.com/2009/04/deviled-eggs.html,1435156074,svačiny a chuťovky|velikonoce,unread
http://www.fannetasticfood.com/recipes/healthy-deviled-eggs/,http://www.fannetasticfood.com/recipes/healthy-deviled-eggs/,1467125460,svačiny a chuťovky,unread
http://www.theironyou.com/2012/06/quinoa-zucchini-sun-dried-tomatoes.html,http://www.theironyou.com/2012/06/quinoa-zucchini-sun-dried-tomatoes.html,1467201992,snídaně,unread
http://iowagirleats.com/2012/07/09/no-heat-required-greek-dip-platter/,http://iowagirleats.com/2012/07/09/no-heat-required-greek-dip-platter/,1467123958,saláty,unread
Letné zeleninové karbonátky. Oživený retro návrat starej receptúry,http://www.foodissimo.eu/2012/07/04/letne-zeleninove-karbonatky-oziveny-retro-navrat-starej-receptury/,1364639754,hlavní jídla,unread
Grilovaný ananas se skořicí a medem,http://www.gurmanka.cz/2012/07/grilovany-ananas-se-skorici-a-medem,1364639788,dezerty,unread
https://wellnessmama.com/2883/probiotic-lemonade,https://wellnessmama.com/2883/probiotic-lemonade,1539950861,nápoje,unread
https://kareninthekitchen.wordpress.com/2012/04/20/strawberry-shortcake-skewers/,https://kareninthekitchen.wordpress.com/2012/04/20/strawberry-shortcake-skewers/,1435146362,dezerty,unread
http://www.glowkitchen.com/2012/07/cauliflower-crust-pizza/,http://www.glowkitchen.com/2012/07/cauliflower-crust-pizza/,1467121292,hlavní jídla,unread
http://www.manilaspoon.com/2012/08/spinach-quiche-cups.html,http://www.manilaspoon.com/2012/08/spinach-quiche-cups.html,1467111234,svačiny a chuťovky,unread
http://www.picklesnhoney.com/2012/01/03/mock-mashed-potatoes/,http://www.picklesnhoney.com/2012/01/03/mock-mashed-potatoes/,1435210459,přílohy,unread
Dort s mangovou pěnou a kokosovým krémem,http://luciedvorakova.blogspot.cz/2012/08/dort-s-mangovou-penou-kokosovym-kremem.html,1364639993,dezerty,unread
Brambory se špenátem nebo mangoldem. Co je chorvatská blitva?,http://www.gurmanka.cz/2012/08/brambory-se-spenatem-nebo-mangoldem-chorvatska-blitva,1364640009,přílohy,unread
Plněné papriky po bulharsku,http://luciedvorakova.blogspot.cz/2012/08/plnene-papriky-po-bulharsku.html,1364640133,hlavní jídla,unread
Pâte à Choux / Odpalované těsto - Výzva The Daring Bakers',http://luciedvorakova.blogspot.cz/2012/08/pate-choux-odpalovane-testo-vyzva.html,1364640152,dezerty,unread
Mušle – slávky na víně,http://www.gurmanka.cz/2012/09/musle-slavky-na-vine,1364640273,hlavní jídla,unread
Výzva The Daring Bakers: Černá labuť s kávovým krémem a ostružinovou omáčko,http://catalinapece.blogspot.cz/2012/09/vyzva-daring-bakers-cerna-labut-s.html,1364640312,dezerty,unread
Čokoládový cheesecake s chilli,http://luciedvorakova.blogspot.cz/2012/09/cokoladovy-cheesecake-s-chilli.html,1364640390,dezerty,unread
Zápisky Kačky Žvýkačky: Blíží se topné období...,http://kackazvykacka.blogspot.cz/2012/09/blizi-se-topne-obdobi.html,1377657114,saláty,unread
Graveyard Dirt Cake,https://lilluna.com/graveyard-dirt-cake/,1632313269,dezerty,unread
Dýňovo-cizrnové karí,http://zdravejist.blogspot.cz/2012/09/dynovo-cizrnove-kari.html,1364640458,hlavní jídla,unread
Zápisky Kačky Žvýkačky: Esenciální esence ...,http://kackazvykacka.blogspot.cz/2012/10/esencialni-esence.html,1377657225,"dezerty|marmelády, zavařování|přílohy",unread
Aj ja chcem jesť ako Nigella,http://www.natanieri.sk/aj-ja-chcem-jest-ako-nigella/,1364640669,hlavní jídla,unread
Raňajky pre zaneprázdnených i návštevy,http://www.natanieri.sk/ranajky-pre-zaneprazdnenych-i-navstevy/,1364640751,snídaně,unread
Zápisky Kačky Žvýkačky: Prý pyré,http://kackazvykacka.blogspot.cz/2012/10/pry-pyre.html,1377721513,dezerty,unread
https://www.saveur.com/article/Recipes/Salvadoran-Turkey-Sandwich,https://www.saveur.com/article/Recipes/Salvadoran-Turkey-Sandwich,1517231696,hlavní jídla,unread
Naložený sýr feta ve voňavém oleji,http://www.gurmanka.cz/2012/10/nalozeny-syr-feta-ve-vonavem-oleji,1364640818,svačiny a chuťovky,unread
Olivová variácia v podobe bruschetty,http://www.foodissimo.eu/2012/10/21/olivova-variacia-v-podobe-bruschetty/,1364640911,snídaně,unread
Fantasticky prostřeno - Vejce se slaninou podle Samuela Elánia,http://www.fantasyplanet.cz/clanek/fantasticky-prostreno-vejce-se-slaninou-podle-samuela-elania,1364642289,snídaně,unread
Baq Ti Xcacau,http://www.gurmanka.cz/2012/10/baq-ti-xcacau,1364640911,hlavní jídla,unread
Dýňová polévka,http://delicious-blog-lucie.blogspot.cz/2012/09/dynova-polevka.html,1364640501,polévky,unread
Dýňové risotto,http://delicious-blog-lucie.blogspot.cz/2012/09/dynove-risotto.html,1364640413,hlavní jídla,unread
Tak trochu jiný „guláš“,http://www.gurmanka.cz/2012/11/tak-trochu-jiny-gulas,1364641098,hlavní jídla,unread
Kde sa pivo nevarí…,http://www.natanieri.sk/kde-sa-pivo-nevari/,1364641098,nápoje,unread
"Dnes rýchly obed v podobe šalátu z mangoldu, opečených orechov a olív",http://www.foodissimo.eu/2012/10/31/dnes-rychly-obed-v-podobe-salatu-z-mangoldu-opecenych-orechov-a-oliv/,1364641027,saláty,unread
"Dušená hovězí líčka se žampióny, chilli a tymiánem",http://www.gurmanka.cz/2012/11/dusena-hovezi-licka-se-zampiony-chilli-a-tymianem,1364641220,hlavní jídla,unread
http://paleomg.com/loaded-turkey-stuffed-twice-baked-sweet-potatoes/,http://paleomg.com/loaded-turkey-stuffed-twice-baked-sweet-potatoes/,1517233711,hlavní jídla,unread
Len aby sa nezabudlo na thajskú kuchyňu,http://www.natanieri.sk/len-aby-sa-nezabudlo-na-thajsku-kuchynu/,1364641273,hlavní jídla|polévky,unread
Základní cheesecake,http://kivibloguje.blogspot.cz/2012/06/zakladni-cheesecake.html,1364639393,dezerty|dorty,unread
https://www.simplyrecipes.com/recipes/turkey_soup_with_lemon_and_barley/,https://www.simplyrecipes.com/recipes/turkey_soup_with_lemon_and_barley/,1517231393,polévky,unread
https://elanaspantry.com/paleo-turkey-hash/,https://elanaspantry.com/paleo-turkey-hash/,1517233718,hlavní jídla,unread
https://www.marthastewart.com/319449/thanksgiving-leftovers-shepherds-pie,https://www.marthastewart.com/319449/thanksgiving-leftovers-shepherds-pie,1517233866,hlavní jídla,unread
http://www.theperfectpantry.com/2012/11/recipe-for-turkey-kale-and-cheese-quesadillas.html,http://www.theperfectpantry.com/2012/11/recipe-for-turkey-kale-and-cheese-quesadillas.html,1517233753,hlavní jídla,unread
Bůček podle Hestona Blumenthala,http://luciedvorakova.blogspot.cz/2012/11/bucek-podle-hestona-blumenthala.html,1364641466,hlavní jídla,unread
Květákový krém s houbami,http://luciedvorakova.blogspot.cz/2012/11/kvetakovy-krem-s-houbami.html,1364641220,polévky,unread
http://pinchofyum.com/healthy-fettucine-alfredo,http://pinchofyum.com/healthy-fettucine-alfredo,1467211321,hlavní jídla,unread
Fresh šalát s chuťou leta. V tomto období poteší.,http://www.foodissimo.eu/2012/11/30/fresh-salat-s-chutou-leta-v-tomto-obdobi-potesi/,1364641519,saláty,unread
Marinovaná vepřová žebírka,http://www.menudomu.cz/marinovana-veprova-zebirka/,1364641656,hlavní jídla,unread
https://www.bbcgoodfood.com/recipes/1813659/korean-rice-pot,https://www.bbcgoodfood.com/recipes/1813659/korean-rice-pot,1517233847,hlavní jídla,unread
"http://www.health.com/health/recipe/0,,10000001816306,00.html","http://www.health.com/health/recipe/0,,10000001816306,00.html",1467276702,snídaně,unread
Test vánoček: Kolik je v rozinkové rozinek? Tipněte si,http://www.vitalia.cz/clanky/test-vanocky-z-obchodu/#utm_source=rss&utm_medium=text&utm_campaign=rss,1364641837,,unread
Niečo malé na zahriatie v tomto usmoklenom počasí. Krémová chrenová polievk,http://www.foodissimo.eu/2012/12/16/nieco-male-na-zahriatie-v-tomto-usmoklenom-pocasi-kremova-chrenova-polievka/,1364641896,polévky,unread
Tak trochu rustikálne kura.,http://www.foodissimo.eu/2012/12/17/tak-trochu-rustikalne-kura/,1364641926,hlavní jídla,unread
https://draxe.com/recipe/dark-chocolate-almond-butter-cookies/,https://draxe.com/recipe/dark-chocolate-almond-butter-cookies/,1517323532,dezerty,unread
&quot;Nereceptová jídla&quot; - svačinky poprvé ;-),http://hubneme-a-zhubneme.blogspot.cz/2012/11/nereceptova-jidla-svacinky-poprve.html,1364641254,svačiny a chuťovky,unread
Fantasticky prostřeno - Lembas,http://www.fantasyplanet.cz/clanek/fantasticky-prostreno-lembas,1364642289,dezerty,unread
&quot;Nereceptová jídla&quot; - snídaně poprvé ;-),http://hubneme-a-zhubneme.blogspot.cz/2012/12/nereceptova-jidla-snidane-poprve.html,1364641778,snídaně,unread
http://www.twopeasandtheirpod.com/roasted-cauliflower-cheddar-soup/,http://www.twopeasandtheirpod.com/roasted-cauliflower-cheddar-soup/,1467211295,polévky,unread
Teplé nápoje pro studené dny: jde to i bez alkoholu,http://www.vitalia.cz/clanky/teple-napoje-pro-studene-dny-bez-alkoholu/#utm_source=rss&utm_medium=text&utm_campaign=rss,1364642321,,unread
Orecchiette se seitanem a chřestem,http://www.menudomu.cz/orecchiette-se-seitanem-a-chrestem/,1364642321,#chřestová sezóna|hlavní jídla,unread
Hovězí líčka na červeném víně,http://www.menudomu.cz/hovezi-licka-na-cervenem-vine/,1364641694,hlavní jídla,unread
Salát Waldorf,http://luciedvorakova.blogspot.cz/2013/01/salat-waldorf.html,1364642375,saláty,unread
super rychlé rizoto s červenou čočkou,http://e-cake.blogspot.cz/2013/01/super-rychle-rizoto-s-cervenou-cockou.html,1364642362,hlavní jídla,unread
Panettone - Výzva The Daring Bakers',http://luciedvorakova.blogspot.cz/2012/12/panettone-vyzva-daring-bakers.html,1364642109,dezerty|vánoce,unread
Ořechové muffiny s povidly,http://www.laskominyodmaryny.cz/2013/01/orechove-muffiny-s-povidly.html,1364642370,dezerty,unread
Rillettes,http://vareni.ritta.cz/party/rillettes/,1364642392,svačiny a chuťovky,unread
Tuňák &amp; ratatouille,http://www.menudomu.cz/tunak-ratatouille/,1364642598,hlavní jídla,unread
Vanilkový cheesecake s malinami,http://polnekvety.blogspot.cz/2013/01/vanilkovy-cheesecake-s-malinami.html,1364642562,dezerty,unread
Lemon curd II.,http://www.laskominyodmaryny.cz/2013/01/lemon-curd-ii.html,1364642562,"marmelády, zavařování",unread
Lemon curd,http://www.laskominyodmaryny.cz/2012/10/lemon-curd.html,1364640885,"marmelády, zavařování",unread
Hruškový koláč s likérem Amaretto a drobenkou,http://luciedvorakova.blogspot.cz/2013/01/hruskovy-kolac-s-likerem-amaretto.html,1364642700,dezerty,unread
Ako na Nový rok…,http://www.natanieri.sk/ako-na-novy-rok/,1364642598,dezerty,unread
Dneska vařím já: Martin Háze - restovaný tuňák na cibulce,http://kulturistika.ronnie.cz/c-14361-dneska-varim-ja-martin-haze-restovany-tunak-na-cibulce.html,1364642734,hlavní jídla,unread
Načierno,http://www.natanieri.sk/nacierno/,1364642734,hlavní jídla,unread
Baby kuřátko a plněné lumaconi,http://www.menudomu.cz/baby-kuratko-a-plnene-lumaconi/,1364641778,hlavní jídla,unread
Jeseter na pare,http://polnekvety.blogspot.cz/2013/01/jeseter-na-pare.html,1364642686,hlavní jídla,unread
Citronové mini Pavlovy,http://www.laskominyodmaryny.cz/2013/01/citronove-mini-pavlovy.html,1364642664,dezerty,unread
Mléčné řezy,http://www.laskominyodmaryny.cz/2013/01/mlecne-rezy.html,1364642686,dezerty,unread
Čokoládový fondant,http://www.menudomu.cz/cokoladovy-fondant/,1364642734,dezerty,unread
Tajemství Siamu,http://cuocadolce.blogspot.cz/2013/01/tajemstvi-siamu.html,1364642828,hlavní jídla,unread
Ciderová buchta,http://www.laskominyodmaryny.cz/2013/01/ciderova-buchta.html,1364642866,dezerty,unread
Makový závin,http://www.laskominyodmaryny.cz/2013/01/makovy-zavin.html,1364642828,dezerty,unread
Banánový chlebíček,http://unavenavarecka.blogspot.cz/2013/01/bananovy-chlebicek.html,1364642910,dezerty,unread
Gevulde Speculaas - Výzva The Daring Bakers',http://luciedvorakova.blogspot.cz/2013/01/gevulde-speculaas-vyzva-daring-bakers.html,1364642986,dezerty,unread
Spaghetti aglio olio e peperoncino: recept a praktické tipy,http://tomichutna.cz/recept-tipy-spaghetti-aglio-olio-e-peperoncino,1364643037,hlavní jídla,unread
"Vše, co člověk potřebuje k životu, je v jediném semínku",http://www.vitalia.cz/clanky/vse-co-clovek-potrebuje-k-zivotu-je-v-jedinem-seminku/#utm_source=rss&utm_medium=text&utm_campaign=rss,1364643020,,unread
Vitamínová podpora v podobe grepfruitového šalátu s avokádom,http://www.foodissimo.eu/2013/01/27/vitaminova-podpora-v-podobe-grepfruitoveho-salatu-s-avokadom/,1364642986,saláty,unread
https://againstallgrain.com/2013/01/30/leftover-roast-chicken-soup-with-roasted-vegetables/,https://againstallgrain.com/2013/01/30/leftover-roast-chicken-soup-with-roasted-vegetables/,1517231400,polévky,unread
Britská kuchyňa vstáva z popola,http://www.natanieri.sk/britska-kuchyna-vstava-z-popola/,1364643122,hlavní jídla,unread
http://pinchofyum.com/creamy-cauliflower-garlic-rice,http://pinchofyum.com/creamy-cauliflower-garlic-rice,1467211207,přílohy,unread
Vepřová panenka Wellington,http://www.menudomu.cz/veprova-panenka-wellington/,1364643256,hlavní jídla,unread
Simple Coconut Chicken Curry.,https://www.halfbakedharvest.com/simple-coconut-chicken-curry/,1658753076,hlavní jídla,unread
Ryba v papilotě,http://delicious-blog-lucie.blogspot.cz/2013/01/ryba-v-papilote.html,1364642828,hlavní jídla,unread
"Samovar, Anna Karenina a bliny",http://www.natanieri.sk/samovar-anna-karenina-a-bliny/,1364643256,svačiny a chuťovky,unread
Panna cotta s levandulovo-limetkovým želé,http://catalinapece.blogspot.cz/2013/02/panna-cotta-s-levandulovo-limetkovym.html,1364643218,dezerty,unread
Kokosové muffiny s lemon curd,http://www.laskominyodmaryny.cz/2013/02/kokosove-muffiny-s-lemon-curd.html,1364643464,dezerty,unread
"Cheesecake - paleo, RAW, vegan",http://the-beauty-gloss.blogspot.cz/2013/02/cheesecake-paleo-raw-vegan.html,1364643443,dezerty,unread
https://zazvor.info/recepty.php,https://zazvor.info/recepty.php,1637433260,"dezerty|hlavní jídla|marmelády, zavařování|polévky",unread
Pomazánka z avokáda,http://www.laskominyodmaryny.cz/2013/02/pomazanka-z-avokada.html,1364643623,pomazánky,unread
2 recepty na sladký kuskus z trouby,http://hubneme-a-zhubneme.blogspot.cz/2012/12/2-recepty-na-sladky-kuskus-z-trouby.html,1364641926,dezerty|hlavní jídla,unread
Recept na dvě lehké večeře :-),http://hubneme-a-zhubneme.blogspot.cz/2012/11/recept-na-dve-lehke-vecere.html,1364641519,hlavní jídla,unread
Salmon &amp; spinach fish pie,http://www.bbcgoodfood.com/recipes/2877661/puffed-salmon-and-spinach-fish-pie,1364644248,hlavní jídla,unread
Lenivé sobotné ráno a s ním vajcia Benedikt,http://www.foodissimo.eu/2013/02/23/lenive-sobotne-rano-a-s-nim-vajcia-benedikt/,1364643716,snídaně,unread
Slané zobání - cizrna,http://delicious-blog-lucie.blogspot.cz/2013/01/slane-zobani-cizrna.html,1364642350,svačiny a chuťovky,unread
Raw proteinové tyčinky,http://veganotic.blogspot.cz/2013/02/raw-proteinove-tycinky.html,1364643443,svačiny a chuťovky,unread
Cupcakes s karamelovým krémem,http://luciedvorakova.blogspot.cz/2013/02/cupcakes-s-karamelovym-kremem.html,1364643761,dezerty,unread
Hovězí svíčková na smetaně,http://www.menudomu.cz/hovezi-svickova-na-smetane/,1364641496,hlavní jídla,unread
"Chléb s bramborami, rozmarýnem a Cheddarem",http://www.laskominyodmaryny.cz/2013/02/chleb-s-bramborami-rozmarynem-cheddarem.html,1364643799,pečivo,unread
The Daring Bakers’ February 2013 Challenge – Crisp Crackers and Flatbreads ,http://vareni.ritta.cz/hlavni-jidla/z-hoveziho-masa/the-daring-bakers-february-2013-challenge-crisp-crackers-and-flatbreads-a-chilli-con-carne-k-tomu/,1364643848,hlavní jídla|přílohy,unread
Štafetky,http://luciedvorakova.blogspot.cz/2013/02/stafetky.html,1364643889,dezerty,unread
Belgický tatarák,http://www.menudomu.cz/belgicky-tatarak/,1364644053,hlavní jídla,unread
Loupáky a.k.a. Makovky,http://luciedvorakova.blogspot.cz/2013/03/loupaky-aka-makovky.html,1364644175,pečivo,unread
Holandská omáčka,http://www.menudomu.cz/holandska-omacka/,1364643872,přílohy,unread
Whoopie !,http://unavenavarecka.blogspot.cz/2013/03/whoopie.html,1364644200,dezerty,unread
Velikonoční hnízda,http://www.laskominyodmaryny.cz/2013/03/velikonocni-hnizda.html,1364644285,dezerty|velikonoce,unread
Divy s čekankou,http://cuocadolce.blogspot.cz/2013/03/divy-s-cekankou.html,1364644200,saláty,unread
Pečení bez mouky...lněné bulky,http://delicious-blog-lucie.blogspot.cz/2013/03/lnene-bulky.html,1364644370,pečivo,unread
Telecí medailonky na šalvěji,http://www.menudomu.cz/teleci-medailonky-na-salveji/,1364642664,hlavní jídla,unread
Polévka z červené čočky se zelím a klobáskou,http://www.menudomu.cz/polevka-z-cervene-cocky-se-zelim-a-klobaskou/,1364642350,polévky,unread
Kokosový dort Raffaello s bílou čokoládou,http://catalinapece.blogspot.cz/2012/10/kokosovy-dort-raffaello-s-bilou.html,1364640669,dezerty,unread
19.3. dnes má svátek Josef a nebo také Giuseppe,http://unavenavarecka.blogspot.cz/2013/03/193-dnes-ma-svatek-josef-nebo-take.html,1364644370,dezerty,unread
Boeuf Bourguignon / Hovězí po Burgundsku,http://luciedvorakova.blogspot.cz/2012/10/boeuf-bourguignon-hovezi-po-burgundsku.html,1364640728,hlavní jídla,unread
Recept na velikonoční nádivku se původně obešel bez pečiva,http://www.vitalia.cz/clanky/recept-na-velikonocni-nadivku-se-puvodne-obesel-bez-peciva/#utm_source=rss&utm_medium=text&utm_campaign=rss,1364644432,,unread
Mrkvový dort - Skrytá zelenina - Výzva The Daring Bakers',http://luciedvorakova.blogspot.cz/2013/03/mrkvovy-dort-skryta-zelenina-vyzva.html,1364644522,dezerty,unread
Velikonoční beránek z oříškového másla s čokoládovým krémem,http://catalinapece.blogspot.cz/2013/03/velikonocni-beranek-z-oriskoveho-masla.html,1364644522,dezerty|velikonoce,unread
Cheesecake s karamelem a makadamovými ořechy,http://luciedvorakova.blogspot.cz/2013/03/cheesecake-s-karamelem-makadamovymi.html,1364644471,dezerty,unread
Vanilková pascha,http://www.laskominyodmaryny.cz/2013/03/vanilkova-pascha.html,1364644522,dezerty|velikonoce,unread
Beránek s ricottou,http://www.laskominyodmaryny.cz/2013/03/beranek-s-ricottou.html,1364644471,dezerty|velikonoce,unread
Čokoládovo-pomerančová zmrzlina,http://www.laskominyodmaryny.cz/2013/03/cokoladovo-pomerancova-zmrzlina.html,1364644432,dezerty,unread
Velikonoční bochánek,http://unavenavarecka.blogspot.cz/2013/03/velikonocni-bochanek.html,1364644522,dezerty|velikonoce,unread
Koláč plný slunce,http://unavenavarecka.blogspot.cz/2013/03/kolac-plny-slunce.html,1364644432,dezerty,unread
Jarné inšpirácie,http://www.natanieri.sk/jarne-inspiracie/,1364644522,hlavní jídla,unread
Medové jidáše podle Cataliny,http://martininakuchyne.blogspot.cz/2013/03/medove-jidase-podle-cataliny.html,1364644534,dezerty|velikonoce,unread
Karamelová poleva,http://somktosom.blogspot.cz/2012/02/karamelova-poleva.html,1620763574,polevy,unread
Jablkovo-mrkvová nátierka s kari - kôprovým nádychom,http://frommarysity.blogspot.cz/2012/03/jablkovo-mrkvova-natierka-s-kari.html,1364605845,pomazánky,unread
Staromodne likerove spice,http://evekei.blogspot.cz/2012/03/staromodne-likerove-spice.html,1364605845,dezerty,unread
Feniklový šalát s pomarančom,http://lucylovetobake.blogspot.cz/2012/03/feniklovy-salat-s-pomarancom.html,1364605845,saláty,unread
Jogurt domáci,http://polnekvety.blogspot.cz/2012/03/jogurt-domaci.html,1364605849,svačiny a chuťovky,unread
Tiramisu bez príčiny,http://www.natanieri.sk/tiramisu-bez-priciny/,1364605871,dezerty|dorty,unread
Banánový koláč s arašidovým maslom,http://lucylovetobake.blogspot.cz/2012/03/bananovy-kolac-s-arasidovym-maslom.html,1364605932,dezerty,unread
"Velkonocne variacie - muffiny ako kvietky, zajaciky, baranceky",http://adkas-tastyfood.blogspot.cz/2012/03/velkonocne-variacie-muffiny-ako-kvietky.html,1364605947,dezerty|velikonoce,unread
Kremrole (šamrole) s jahodovou penou,http://somktosom.blogspot.cz/2012/03/kremrole-samrole-s-jahodovou-penou.html,1364605947,dezerty,unread
Tiramisu,http://polnekvety.blogspot.cz/2012/04/tiramisu.html,1364605981,dezerty|dorty,unread
Veľkonočná focaccia a iné radosti,http://varimeslaskou.blogspot.cz/2012/04/velkonocna-focaccia-ine-radosti.html,1364605992,pečivo|velikonoce,unread
Veľkonočný pečený mäsový syrek,http://www.svarechou.sk/2012/04/velkonocny-peceny-masovy-syrek.html,1364605999,svačiny a chuťovky|velikonoce,unread
Ľahký citrónový &quot;kejk&quot;,http://frommarysity.blogspot.cz/2012/04/lahky-citronovy-kejk.html,1364606016,dezerty|dorty,unread
Velkonocny vajcovy syrek,http://adkas-tastyfood.blogspot.cz/2012/04/velkonocny-vajcovy-syrek.html,1364606042,svačiny a chuťovky|velikonoce,unread
Farebné plnené vajíčka,http://anetagoesyummi.blogspot.cz/2012/04/farebne-plnene-vajicka.html,1364606042,svačiny a chuťovky|velikonoce,unread
Mandľový koláč. S likérom. Karamelovým.,http://foodependence.blogspot.cz/2012/04/mandlovy-kolac-s-likerom-karamelovym.html,1364606042,dezerty,unread
Zelatinove vajicka,http://adkas-tastyfood.blogspot.cz/2012/04/zelatinove-vajicka.html,1364606042,svačiny a chuťovky|velikonoce,unread
Pórový gratin s paradajkovo-feniklovou omáčkou,http://lucylovetobake.blogspot.cz/2012/04/porovy-gratin-s-paradajkovo-feniklovou.html,1364606042,hlavní jídla,unread
Hovädzie líčka alebo ako zatraktívniť guláš,http://www.natanieri.sk/hovadzie-licka-alebo-ako-zatraktivnit-gulas/,1364606042,hlavní jídla,unread
Parmigiana di melanzane,http://varimeslaskou.blogspot.cz/2012/04/parmigiana-di-melanzane.html,1364606068,hlavní jídla,unread
Nečakajte (na) špenát,http://www.natanieri.sk/necakajte-na-spenat/,1364606101,#kopřivy|hlavní jídla,unread
Kuracie prsia na rozmaríne s citrónovou omáčkou,http://dorasart.blogspot.cz/2012/04/kuracie-maso-s-citronovou-omackou.html,1364606101,hlavní jídla,unread
Chléb z arašídového másla bez mouky,http://the-beauty-gloss.blogspot.cz/2013/01/chleb-z-arasidoveho-masla-bez-mouky.html,1364642948,pečivo,unread
Pečená ovsená kaša,http://anetagoesyummi.blogspot.cz/2012/05/pecena-ovsena-kasa.html,1364639052,snídaně,unread
Májové vyvařování,http://cuocadolce.blogspot.cz/2012/05/majove-vyvarovani.html,1364639089,polévky,unread
Madarsky gulas pre slovenskeho chlapa,http://adkas-tastyfood.blogspot.cz/2012/05/madarsky-gulas-pre-slovenskeho-chlapa.html,1364639095,hlavní jídla,unread
90DD - Kuličky ze sušeného ovoce,http://martininakuchyne.blogspot.cz/2012/05/90dd-kulicky-ze-suseneho-ovoce.html,1364639106,dezerty,unread
"Nazdravie, krpci!",http://www.natanieri.sk/nazdravie-krpci/,1364639106,dezerty,unread
Raňajková inšpirácia,http://varimeslaskou.blogspot.cz/2012/05/ranajkova-inspiracia.html,1364639133,snídaně,unread
Banánovo - jahodový pohár,http://martininakuchyne.blogspot.cz/2012/05/bananovo-jahodovy-pohar.html,1364639133,dezerty,unread
Jarné mini kuriatka na masle (alebo ako urobiť z obligátneho kuraťa štýlový,http://anetagoesyummi.blogspot.cz/2012/05/jarne-mini-kuriatka-na-masle-alebo-ako.html,1364639133,#chřestová sezóna|hlavní jídla,unread
The Daring Cook's May 2012: Messieurs-Dames: Boeuf Bourguignon!,http://martininakuchyne.blogspot.cz/2012/05/daring-cooks-may-2012-messieurs-dames.html,1364639133,hlavní jídla,unread
Vzhůru do léta s antioxidanty,http://slecna.info/blogy/vzhuru-do-leta-s-antioxidanty/,1364639133,hlavní jídla|svačiny a chuťovky,unread
Rebarborový kompót,http://polnekvety.blogspot.cz/2012/05/rebarborovy-kompot.html,1364639144,dezerty,unread
90DD - Fazolové lusky s bramborem,http://martininakuchyne.blogspot.cz/2012/05/90dd-fazolove-lusky-s-bramborem.html,1364639156,hlavní jídla,unread
Špargľové dni na foodissime,http://www.foodissimo.eu/2012/05/17/sparglove-dni-na-foodissime/,1364639163,#chřestová sezóna|hlavní jídla|svačiny a chuťovky,unread
"Ako dodať pitnému režimu nóbl rozmer, časť prvá",http://anetagoesyummi.blogspot.cz/2012/05/ako-dodat-pitnemu-rezimu-nobl-rozmer.html,1364639163,nápoje,unread
Špenátovo-chřestový koláč,http://gurmankalenulka.blogspot.cz/2012/05/spenatovo-chrestovy-kolac.html,1364639182,#chřestová sezóna|hlavní jídla|svačiny a chuťovky,unread
90DD - Ratatouille,http://martininakuchyne.blogspot.cz/2012/05/90dd-ratatouille.html,1364639182,hlavní jídla,unread
Pečené banány,http://martininakuchyne.blogspot.cz/2012/05/pecene-banany.html,1364639182,dezerty,unread
Z pekla rovno do rozprávky,http://www.natanieri.sk/z-pekla-rovno-do-rozpravky/,1364639201,saláty,unread
Jáhlové škubánky,http://zdravejist.blogspot.cz/2012/05/jahlove-skubanky.html,1364639201,hlavní jídla,unread
Yumurta Piyazi,http://nazarboncukagaci.blogspot.cz/2012/05/yumurta-piyazi.html,1364639206,saláty,unread
Chřestový koláč s karamelizovaným pórkem a kozím sýrem,http://crustycorner.blogspot.cz/2012/05/chrestovy-kolac-s-karamelizovanym.html,1364639218,#chřestová sezóna|hlavní jídla|svačiny a chuťovky,unread
Makový koláč,http://zdravejist.blogspot.cz/2012/05/makovy-kolac.html,1364639218,dezerty,unread
90DD - Celozrnné noky s rajčaty a špenátem,http://martininakuchyne.blogspot.cz/2012/05/90dd-testoviny-s-rajcaty-spenatem.html,1364639218,hlavní jídla,unread
Melounové &quot;frosty&quot;,http://delicious-blog-lucie.blogspot.cz/2012/05/melounove-frosty.html,1364639232,dezerty,unread
Limetkový koláč,http://crustycorner.blogspot.cz/2012/05/limetkovy-kolac.html,1364639232,dezerty,unread
Deň detí,http://littlecookingdiary.blogspot.cz/2012/05/den-deti.html,1364639246,dezerty,unread
&quot;Obyčajný&quot; brownie,http://littlecookingdiary.blogspot.cz/2012/06/obycajny-brownie.html,1364639344,dezerty,unread
Krůtí karbanátky - smažené nebo pečené jak je libo,http://kivibloguje.blogspot.cz/2012/06/kruti-karbanatky-smazene-nebo-pecene.html,1364639344,hlavní jídla,unread
Jahodový koktejl,http://zdravejist.blogspot.cz/2012/06/jahodovy-koktejl.html,1364639355,nápoje|snídaně,unread
Salát z čínského zelí s kukuřicí a ořechy,http://martininakuchyne.blogspot.cz/2012/06/salat-z-cinskeho-zeli-s-kukurici-orechy.html,1364639355,saláty,unread
Šťouchané brambory s mrkví,http://martininakuchyne.blogspot.cz/2012/06/stouchane-brambory-s-mrkvi.html,1364639355,hlavní jídla|přílohy,unread
&quot;Pizza&quot; s rebarborovým čátní,http://delicious-blog-lucie.blogspot.cz/2012/06/pizza-s-rebarborovym-catni.html,1364639355,hlavní jídla,unread
"Dorábam, dorábame",http://www.natanieri.sk/dorabam-dorabame/,1364639355,nápoje|svačiny a chuťovky,unread
Lebeda a slaný koláč,http://gurmankalenulka.blogspot.cz/2012/06/lebeda-slany-kolac.html,1364639380,hlavní jídla|svačiny a chuťovky,unread
Tavče Gravče - Zapékané fazole s cibulí,http://martininakuchyne.blogspot.cz/2012/06/tavce-gravce-zapekane-fazole-s-cibuli.html,1364639393,hlavní jídla,unread
Meruňková galetka s mandlovou krustou a tymiánem,http://delicious-blog-lucie.blogspot.cz/2012/06/merunkova-galetka-s-mandlovou-krustou.html,1364639393,dezerty,unread
Nepečená torta s kávovou vrstvou,http://polnekvety.blogspot.cz/2012/06/nepecena-torta-s-kavovou-vrstvou.html,1364639393,dezerty|dorty,unread
Smotanovo-jogurtový krém s ražnými piškótami,http://littlecookingdiary.blogspot.cz/2012/06/smotanovo-jogurtovy-krem-s-raznymi.html,1364639408,dezerty,unread
The Daring Cook's June 2012: Cannelloni,http://martininakuchyne.blogspot.cz/2012/06/daring-cooks-june-2012-cannelloni.html,1364639408,hlavní jídla,unread
Na ihlách,http://www.natanieri.sk/na-ihlach/,1364639408,hlavní jídla,unread
Jáhlové koláčky s kokosem,http://zdravejist.blogspot.cz/2012/06/jahlove-kolacky-s-kokosem.html,1364639423,dezerty,unread
"Koláč, který tu neměl být",http://cuocadolce.blogspot.cz/2012/06/kolac-ktery-tu-nemel-byt.html,1564936764,dezerty,unread
Čokoládové müsli,http://kivibloguje.blogspot.cz/2012/06/cokoladove-musli.html,1364639434,snídaně,unread
Placky z repných listov,http://dorasart.blogspot.cz/2012/06/placky-z-repnych-listov.html,1364639445,hlavní jídla,unread
Zdravý životní styl nemusí být drahý,http://slecna.info/blogy/zdravy-zivotni-styl-nemusi-byt-drahy/,1364639447,snídaně,unread
Zeleninové rizoto,http://martininakuchyne.blogspot.cz/2012/06/zeleninove-rizoto.html,1364639459,hlavní jídla,unread
Zebra bonbony,http://adkas-tastyfood.blogspot.cz/2012/06/zebra-bonbony.html,1364639469,dezerty,unread
Slaný koláč s brokolicou a karfiolom,http://dorasart.blogspot.cz/2012/06/slany-kolac-s-brokolicou-karfiolom.html,1364639485,hlavní jídla,unread
Těstoviny s červenou řepou a balkánským sýrem,http://kivibloguje.blogspot.cz/2012/06/testoviny-s-cervenou-repou-balkanskym.html,1364639485,hlavní jídla,unread
"Pavlova s jahodami, borůvkami a malinovou omáčkou",http://crustycorner.blogspot.cz/2012/06/pavlova-s-jahodami-boruvkami-malinovou.html,1564936783,dezerty,unread
Antonia Mačingová: Mrkvový perkelt,http://martininakuchyne.blogspot.cz/2012/06/antonia-macingova-mrkvovy-perkelt.html,1364639485,hlavní jídla,unread
"Letní grilování: tipy, jak si užít (a připravit) skvělou párty",http://slecna.info/blogy/letni-grilovani-tipy-jak-si-uzit-a-pripravit-skvelou-party/,1364639498,dezerty|svačiny a chuťovky,unread
Letní polévka s hráškem,http://www.gurmanka.cz/2012/06/letni-polevka-s-hraskem,1364639498,polévky,unread
Kuřecí nugetky na majoránce,http://www.gurmanka.cz/2012/06/kureci-nugetky-na-majorance,1364639498,hlavní jídla,unread
Pecena cvikla II.,http://adkas-tastyfood.blogspot.cz/2012/06/pecena-cvikla-ii.html,1364639498,přílohy,unread
Ovocné poháre,http://dorasart.blogspot.cz/2012/06/ovocne-pohare.html,1364639498,dezerty,unread
Nátierka z červenej repy a cottage cheese,http://anetagoesyummi.blogspot.cz/2012/06/natierka-z-cervenej-repy-cottage-cheese.html,1364639520,pomazánky,unread
"Cviklový šalát s vajíčkom, orechami a cottage cheese",http://anetagoesyummi.blogspot.cz/2012/06/cviklovy-salat-s-vajickom-orechami.html,1364639520,saláty,unread
Cizrnová polévka,http://martininakuchyne.blogspot.cz/2012/07/cizrnova-polevka.html,1364639733,polévky,unread
Banánovo-arašidový shake,http://littlecookingdiary.blogspot.cz/2012/07/bananovo-arasidovy-shake.html,1364639745,nápoje,unread
Kuřecí stehna v marinádě,http://www.gurmanka.cz/2012/07/kureci-stehna-v-marinade,1364639745,hlavní jídla,unread
"Ako dodať pitnému režimu nóbl rozmer, časť druhá",http://anetagoesyummi.blogspot.cz/2012/07/ako-dodat-pitnemu-rezimu-nobl-rozmer.html,1364639745,nápoje,unread
Šlehačkový pohár s ovocným pyré,http://martininakuchyne.blogspot.cz/2012/07/slehackovy-pohar-s-ovocnym-pyre.html,1364639745,dezerty,unread
Užij si ředkvičkovou sezonu,http://slecna.info/wellness/uzij-si-redkvickovou-sezonu/,1364639745,saláty|svačiny a chuťovky,unread
Sexi &quot;hemendex&quot; s dúhovým mangoldom a jarnou cibuľkou,http://anetagoesyummi.blogspot.cz/2012/07/sexi-hemendex-s-duhovym-mangoldom.html,1364639766,snídaně,unread
Králik na horčici a smotane,http://dorasart.blogspot.cz/2012/07/kralik-na-horcici-smotane.html,1364639766,hlavní jídla,unread
Plnene kosicky z tortilly,http://adkas-tastyfood.blogspot.cz/2012/07/plnene-kosicky-z-tortilly.html,1364639766,svačiny a chuťovky,unread
Květáková polévka,http://zdravejist.blogspot.cz/2012/07/kvetakova-polevka.html,1364639788,polévky,unread
Zavařujeme se stévií,http://zdravejist.blogspot.cz/2012/07/zavarujeme-se-stevii.html,1364639788,"marmelády, zavařování",unread
Butterfish s krémovým špenátom a julienne zeleninkou,http://lucylovetobake.blogspot.cz/2012/07/butterfish-s-kremovym-spenatom-julienne.html,1364639788,hlavní jídla,unread
Brokolica s opečenou cibuľou a cesnakom v spoločnosti kuracích steakov,http://frommarysity.blogspot.cz/2012/07/brokolica-s-opecenou-cibulou-cesnakom-v.html,1364639788,hlavní jídla,unread
Hrášková polievka s mätovým osviežením,http://frommarysity.blogspot.cz/2012/07/hraskova-polievka-s-matovym-osviezenim.html,1364639788,polévky,unread
Letní osvěžení,http://cuisinebyklarish.blogspot.cz/2012/07/mi-drazi-milovani-jelikoz-me-sabotovala.html,1364639788,nápoje,unread
Tiramisu s borůvkami a bazalkovým cukrem,http://www.laskominyodmaryny.cz/2012/07/tiramisu-s-boruvkami-bazalkovym-cukrem.html,1364639788,dezerty|dorty,unread
Talianska trikolóra v žemli,http://www.natanieri.sk/talianska-trikolora-v-zemli/,1364639788,hlavní jídla,unread
Bramborová polévka,http://martininakuchyne.blogspot.cz/2012/07/bramborova-polevka.html,1364639802,polévky,unread
Tiramisu,http://vypecenyden.blogspot.cz/2012/07/tiramisu.html,1364639802,dezerty|dorty,unread
Kynutý koláč s borůvkami,http://gurmankalenulka.blogspot.cz/2012/07/kynuty-kolac-s-boruvkami.html,1364639802,dezerty,unread
Marhuľový koláč s dvojitým zážitkom,http://dorasart.blogspot.cz/2012/07/double-marhulovy-kolac.html,1364639802,dezerty,unread
Ananás s čiernym korením a vanilkovou zmrzlinou podľa Hanky Michopulu,http://anetagoesyummi.blogspot.cz/2012/07/ananas-s-ciernym-korenim-vanilkovou.html,1364639802,dezerty,unread
Ovocna torta,http://adkas-tastyfood.blogspot.cz/2012/07/ovocna-torta.html,1371835751,dezerty,unread
Dort pro truhláře a recept na falešný marcipán,http://gurmankalenulka.blogspot.cz/2012/07/dort-pro-truhlare-recept-na-falesny.html,1364639812,dezerty,unread
Cantuccini,http://vypecenyden.blogspot.cz/2012/07/cantuccini.html,1364639812,dezerty,unread
Salát Coleslaw,http://gurmankalenulka.blogspot.cz/2012/07/salat-coleslaw.html,1364639812,saláty,unread
Rybízový koláč se sněhem,http://crustycorner.blogspot.cz/2012/07/rybizovy-kolac-se-snehem.html,1364639812,dezerty,unread
Špagety po milánsku,http://martininakuchyne.blogspot.cz/2012/07/spagety-po-milansku.html,1364639836,hlavní jídla,unread
"Brownies, cheesecake a Snickers",http://www.laskominyodmaryny.cz/2012/07/brownies-cheesecake-snickers.html,1364639836,dezerty,unread
Pečené banány s ovocným přelivem,http://martininakuchyne.blogspot.cz/2012/07/pecene-banany-s-ovocnym-prelivem.html,1364639836,dezerty,unread
Sýrová pomazánka,http://martininakuchyne.blogspot.cz/2012/07/syrova-pomazanka.html,1364639836,pomazánky,unread
Moja vlastná River Cottage,http://www.natanieri.sk/moja-vlastna-river-cottage/,1364639847,hlavní jídla,unread
Dostala som Bibliu!,http://hrncek-var.blogspot.cz/2012/07/dostala-som-bibliu.html,1364639847,dezerty,unread
"Ovesné sušenky s banánem, burákovým máslem a medem",http://delicious-blog-lucie.blogspot.cz/2012/07/ovesne-susenky-s-bananem-burakovym.html,1364639858,dezerty,unread
Matova torta Zebra,http://adkas-tastyfood.blogspot.cz/2012/07/matova-torta-zebra.html,1364639858,dezerty|dorty,unread
Rybízový koláč se sněhem a vlašskými ořechy,http://delicious-blog-lucie.blogspot.cz/2012/07/rybizovy-kolac-se-snehem-vlasskymi.html,1364639858,dezerty,unread
Ovesné sušenky,http://kivibloguje.blogspot.cz/2012/07/ovesne-susenky.html,1364639858,dezerty,unread
Ayran,http://nazarboncukagaci.blogspot.cz/2012/07/ayran.html,1364639865,nápoje,unread
Domácí zdravý fast food,http://delicious-blog-lucie.blogspot.cz/2012/07/domaci-zdravy-fast-food.html,1364639869,hlavní jídla,unread
Mini Pavlova,http://www.laskominyodmaryny.cz/2012/07/mini-pavlova.html,1364639883,dezerty,unread
Sütlaç,http://nazarboncukagaci.blogspot.cz/2012/07/sutlac.html,1364639883,dezerty,unread
Krémová zeleninová polévka,http://martininakuchyne.blogspot.cz/2012/07/kremova-zeleninova-polevka.html,1364639883,polévky,unread
Sezónne ovocie – mirabelle,http://hrncek-var.blogspot.cz/2012/07/sezonne-ovocie-mirabelle.html,1364639883,dezerty,unread
The Daring Bakers’ July 2012 Challenge: Crazy For Crackers,http://martininakuchyne.blogspot.cz/2012/07/the-daring-bakers-july-2012-challenge.html,1364639896,dezerty,unread
Levanduľovo - citrónová soľ do kúpeľa,http://polnekvety.blogspot.cz/2012/07/levandulovo-citronova-sol-do-kupela_27.html,1364639896,kosmetika,unread
Galettes s červeným rybízem,http://www.laskominyodmaryny.cz/2012/07/galettes-s-cervenym-rybizem.html,1364639896,dezerty,unread
Léto budiž pochváleno,http://cuocadolce.blogspot.cz/2012/07/leto-budiz-pochvaleno.html,1364639896,dezerty|hlavní jídla,unread
Houbový koláč,http://crustycorner.blogspot.cz/2012/07/houbovy-kolac.html,1364639904,hlavní jídla|svačiny a chuťovky,unread
Palačinky se slanou náplní,http://martininakuchyne.blogspot.cz/2012/07/palacinky-se-slanou-naplni.html,1364639904,hlavní jídla,unread
Marhuľové gule s orieškovou posýpkou,http://frommarysity.blogspot.cz/2012/07/marhulove-gule-s-orieskovou-posypkou.html,1364639904,hlavní jídla,unread
Letné cestoviny V.,http://frommarysity.blogspot.cz/2012/07/letne-cestoviny-v.html,1364639904,hlavní jídla,unread
Slivkový koláč našich mám a starých mám (kysnutý),http://dorasart.blogspot.cz/2012/07/slivkovy-kolac-nasich-mam-starych-mam.html,1364639968,dezerty,unread
Kávové muffiny se skořicovou drobenkou,http://vypecenyden.blogspot.cz/2012/08/kavove-muffiny-se-skoricovou-drobenkou.html,1364639980,dezerty,unread
Borůvkové košíčky,http://www.laskominyodmaryny.cz/2012/08/boruvkove-kosicky.html,1364639980,dezerty,unread
Mražený jogurt s pekanovými ořechy a javorovým sirupem,http://delicious-blog-lucie.blogspot.cz/2012/08/mrazeny-jogurt-s-pekanovymi-orechy.html,1364639980,dezerty,unread
Lemon Meringue Tartlets,http://www.laskominyodmaryny.cz/2012/08/lemon-meringue-tartlets.html,1364639993,dezerty,unread
Závin z laminovaného těsta s čokoládovou mléčnou rýží,http://catalinapece.blogspot.cz/2012/08/zavin-z-laminovaneho-testa-s.html,1364639993,dezerty,unread
Fettuccelle alle alici (Fettuccelle so sardelami),http://dorasart.blogspot.cz/2012/08/fetucelle-alle-alici-fetucelle-so.html,1364639993,hlavní jídla,unread
Klausove rozky,http://adkas-tastyfood.blogspot.cz/2012/08/klausove-rozky.html,1364639993,dezerty,unread
Barevný špenátový koláč,http://martininakuchyne.blogspot.cz/2012/08/barevny-spenatovy-kolac.html,1364639993,hlavní jídla,unread
Paradajková polievka inak,http://dorasart.blogspot.cz/2012/08/paradajkova-polievka-inak_11.html,1364640009,polévky,unread
Lievance,http://polnekvety.blogspot.cz/2012/08/lievance.html,1364640009,snídaně,unread
Borůvkový cheesecake s bílou čokoládou,http://crustycorner.blogspot.cz/2012/08/boruvkovy-cheesecake-s-bilou-cokoladou.html,1364640009,dezerty,unread
Studená cuketovo-bazalková polévka s vlašskými ořechy,http://delicious-blog-lucie.blogspot.cz/2012/08/vychlazena-cuketovo-bazalkova-polevka-s.html,1364640009,polévky,unread
Pre mňa najviac,http://www.natanieri.sk/pre-mna-najviac-2/,1364640009,dezerty|svačiny a chuťovky,unread
Kuskus s paradajkami a mozzarellou a kukuričkou,http://dorasart.blogspot.cz/2012/08/kuskus-s-paradajkami-mozzarellou.html,1364640009,hlavní jídla,unread
Kynuté knedlíky s černým rybízem,http://www.laskominyodmaryny.cz/2012/08/kynute-knedliky-s-cernym-rybizem.html,1364640009,hlavní jídla,unread
Cuketový nákyp,http://martininakuchyne.blogspot.cz/2012/08/cuketovy-nakyp.html,1364640009,hlavní jídla,unread
Rizoto s cuketami,http://polnekvety.blogspot.cz/2012/08/rizoto-s-cuketami.html,1364640009,hlavní jídla,unread
Větrníčky s uzeným lososem a ricottou,http://crustycorner.blogspot.cz/2012/08/vetrnicky-s-uzenym-lososem-ricottou.html,1364640023,svačiny a chuťovky,unread
Rybí hrnec,http://martininakuchyne.blogspot.cz/2012/08/rybi-hrnec.html,1364640023,hlavní jídla,unread
Zapekaná cuketa s jogurtom,http://polnekvety.blogspot.cz/2012/08/zapekana-cuketa-s-jogurtom.html,1364640023,hlavní jídla,unread
Červenorybízový koláč se sněhem,http://www.laskominyodmaryny.cz/2012/08/cervenorybizovy-kolac-se-snehem.html,1364640023,dezerty,unread
"Paradajky /sušené paradajky, andalúzske gazpacho, Bloody Mary/",http://kingablogger.blogspot.cz/2012/08/paradajky-susene-paradajky-andaluzske.html,1364640023,nápoje|polévky|svačiny a chuťovky,unread
Quiche Lorraine alebo jednoducho lotrinský slaný koláč,http://anetagoesyummi.blogspot.cz/2012/08/quiche-lorraine-alebo-jednoducho.html,1364640023,hlavní jídla,unread
Tvarohovo-polentový koláč se švestkami a skořicí,http://delicious-blog-lucie.blogspot.cz/2012/08/tvarohovo-polentovy-kolac-se-svestkami.html,1364640023,dezerty,unread
Jamieho cibulové bagetky,http://gurmankalenulka.blogspot.cz/2012/08/jamieho-cibulove-bagetky.html,1364640023,pečivo,unread
Zapékaná kuřecí prsa s houbami a bílým vínem,http://gurmankalenulka.blogspot.cz/2012/08/zapekana-kureci-prsa-s-houbami-bilym.html,1364640036,hlavní jídla,unread
Kořeněná cizrnová pomazánka,http://zdravejist.blogspot.cz/2012/08/korenena-cizrnova-pomazanka.html,1364640036,pomazánky,unread
Čokoládovo-mátový cheesecake,http://luciedvorakova.blogspot.cz/2012/08/cokoladovo-matovy-cheesecake.html,1364640036,dezerty,unread
Limetkový koláč,http://vypecenyden.blogspot.cz/2012/08/limetkovy-kolac.html,1364640036,dezerty,unread
Malinova torta -rozpravkova,http://adkas-tastyfood.blogspot.cz/2012/08/malinova-torta-rozpravkova.html,1364640036,dezerty,unread
Citrónovo-tymiánové koláčiky,http://polnekvety.blogspot.cz/2012/08/citronovo-tymianove-kolaciky.html,1364640040,dezerty,unread
Zadělávaný králík,http://martininakuchyne.blogspot.cz/2012/08/zadelavany-kralik.html,1364640040,hlavní jídla,unread
Citronový koláč polévaný horkou čokoládou,http://unavenavarecka.blogspot.cz/2012/08/citronovy-kolac-polevany-horkou.html,1364640040,dezerty,unread
"Cviklova zmrzlina, Beetroot ice cream",http://adkas-tastyfood.blogspot.cz/2012/08/cviklova-zmrzlina.html,1364640040,dezerty,unread
Rybízová bublanina,http://unavenavarecka.blogspot.cz/2012/08/rybizova-bublanina.html,1364640048,dezerty,unread
"The Daring Cooks’ August, 2012 Challenge: Cornmeal",http://martininakuchyne.blogspot.cz/2012/08/the-daring-cooks-august-2012-challenge.html,1364640048,snídaně,unread
Bananita - mandlovo bananovy dezert,http://adkas-tastyfood.blogspot.cz/2012/08/bananita-mandlovo-banovy-dezert.html,1364640067,dezerty,unread
Černicový sen,http://polnekvety.blogspot.cz/2012/08/cernicovy-sen.html,1364640067,dezerty,unread
"4 roky, 2 deti a večera nastojáka",http://www.natanieri.sk/4-roky-2-deti-a-vecera-nastojaka/,1364640074,hlavní jídla,unread
Čokoládovo-cuketová buchta,http://cucinare-con-amore.blogspot.cz/2012/08/cokoladovo-cuketova-buchta.html,1364640074,dezerty,unread
Kuřecí kousky v omáčce,http://martininakuchyne.blogspot.cz/2012/08/kureci-kousky-v-omacce.html,1364640074,hlavní jídla,unread
Džem zo žltej cukety s citrónom,http://somktosom.blogspot.cz/2012/08/dzem-so-zltej-cukety-s-citronom.html,1364640089,"marmelády, zavařování",unread
Cevizli Kuru Kayısı Tatlısı,http://nazarboncukagaci.blogspot.cz/2012/08/cevizli-kuru-kays-tatls.html,1364640089,dezerty,unread
Koláč s tvarohovým sýrem a malinami,http://www.laskominyodmaryny.cz/2012/08/kolac-s-tvarohovym-syrem-malinami.html,1364640089,dezerty,unread
Pudink z chia semínek,http://delicious-blog-lucie.blogspot.cz/2012/08/pudink-z-chia-seminek.html,1364640089,dezerty,unread
Meruňkový štrúdl z Wachau,http://www.laskominyodmaryny.cz/2012/08/merunkovy-strudl-z-wachau.html,1364640089,dezerty,unread
Baklažánový &quot;kaviár&quot;,http://kingablogger.blogspot.cz/2012/08/baklazanovy-kaviar.html,1364640089,svačiny a chuťovky,unread
Normální český buchty na plech :-),http://vypecenyden.blogspot.cz/2012/08/normalni-cesky-buchty-na-plech.html,1364640104,dezerty,unread
"Jogurtový krém s mascarpone, krokantem a banány",http://catalinapece.blogspot.cz/2012/08/jogurtovy-krem-s-mascarpone-krokantem.html,1364640104,dezerty,unread
Pain Tunisien,http://cucinare-con-amore.blogspot.cz/2012/08/pain-tunisien.html,1364640104,pečivo,unread
Co byste měli vědět o hlívě ústřičné,http://www.svet-potravin.cz/clanek.aspx?id=2943,1364640104,hlavní jídla|polévky,unread
Domácí krekry,http://the-beauty-gloss.blogspot.cz/2012/08/domaci-krekry.html,1364640104,svačiny a chuťovky,unread
Jak snídají labužníci? Užij si ranní rozmazlování,http://slecna.info/tvuj-svet/jak-snidaji-labuznici-uzij-si-ranni-rozmazlovani/,1364640104,snídaně,unread
Pomazánka z bílých fazolí,http://delicious-blog-lucie.blogspot.cz/2012/08/pomazanka-z-bilych-fazoli.html,1364640104,pomazánky,unread
Bulgurové rizoto,http://betterandhappy.blogspot.cz/2012/08/bulgurove-rizoto.html,1364640116,hlavní jídla,unread
Čokoládový obláček,http://www.laskominyodmaryny.cz/2012/08/cokoladovy-oblacek.html,1364640116,dezerty,unread
Fazolová polévka,http://martininakuchyne.blogspot.cz/2012/08/fazolova-polevka.html,1364640116,polévky,unread
Proteinové mandlové lívanečky,http://the-beauty-gloss.blogspot.cz/2012/08/proteinove-mandlove-livanecky.html,1364640116,snídaně,unread
Insalata Caprese,http://martininakuchyne.blogspot.cz/2012/08/insalata-caprese.html,1364640116,saláty,unread
Tvarohové snídaňové koláčky II. (280 kcal),http://hubneme-a-zhubneme.blogspot.cz/2012/08/tvarohove-snidanove-kolacky-ii-280-kcal.html,1364640116,snídaně,unread
Lievancová sypká zmes,http://polnekvety.blogspot.cz/2012/08/lievancova-sypka-zmes.html,1364640119,snídaně,unread
Bazén za ovocie!,http://www.natanieri.sk/bazen-za-ovocie/,1364640133,saláty,unread
The Daring Bakers Challenge - Choux Swan,http://vypecenyden.blogspot.cz/2012/08/the-daring-bakers-challenge-choux-swan.html,1364640140,dezerty,unread
The Daring Bakers August 2012 Challenge: FILLED PATE A CHOUX SWANS,http://martininakuchyne.blogspot.cz/2012/08/the-daring-bakers-august-2012-challenge.html,1364640149,dezerty,unread
Bramborové muffiny se slaninou podle Dity P.,http://crustycorner.blogspot.cz/2012/08/bramborove-muffiny-se-slaninou-podle.html,1364640149,svačiny a chuťovky,unread
Letní zeleninový koláč,http://delicious-blog-lucie.blogspot.cz/2012/08/letni-zeleninovy-kolac.html,1364640152,hlavní jídla,unread
Žemlovka,http://kivibloguje.blogspot.cz/2012/08/zemlovka.html,1364640164,hlavní jídla,unread
Domácí ledová káva,http://kivibloguje.blogspot.cz/2012/08/domaci-ledova-kava.html,1364640164,nápoje,unread
Kuře na paprice,http://the-beauty-gloss.blogspot.cz/2012/08/kure-na-paprice.html,1364640164,hlavní jídla,unread
Kokosový krambl s nektarinkami a rybízem,http://delicious-blog-lucie.blogspot.cz/2012/08/kokosovy-krambl-s-nektarinkami-rybizem.html,1364640175,dezerty,unread
Rychlé jáhlové lívanečky,http://the-beauty-gloss.blogspot.cz/2012/08/rychle-jahlove-livanecky.html,1364640175,snídaně,unread
Lučinový kuskus se zeleninou a sójovým masem (264 kcal),http://hubneme-a-zhubneme.blogspot.cz/2012/08/lucinovy-kuskus-se-zeleninou-sojovym.html,1364640175,hlavní jídla,unread
Domácí granola,http://delicious-blog-lucie.blogspot.cz/2012/08/domaci-granola.html,1364640175,snídaně,unread
Čokoládovo-cuketový koláč,http://zdravejist.blogspot.cz/2012/08/cokoladovo-cuketovy-kolac.html,1364640175,dezerty,unread
Kuřecí nudličky se zakysanou smetanou,http://the-beauty-gloss.blogspot.cz/2012/08/kureci-nudlicky-se-zakysanou-smetanou.html,1364640192,hlavní jídla,unread
Jogurtové placky,http://the-beauty-gloss.blogspot.cz/2012/08/jogurtove-placky.html,1364640192,svačiny a chuťovky,unread
Celozrnná buchta s jogurtem (celá buchta = 666 kcal / 1/4 = 167 kcal),http://hubneme-a-zhubneme.blogspot.cz/2012/08/celozrnna-buchta-s-jogurtem-cela-buchta.html,1364640192,dezerty,unread
Fazolové lusky se sójovým masem (211 kcal),http://hubneme-a-zhubneme.blogspot.cz/2012/08/fazolove-lusky-se-sojovym-masem-211-kcal.html,1364640192,hlavní jídla,unread
Kečup po provensálsky,http://polnekvety.blogspot.cz/2012/08/kecup-po-provensalsky.html,1364640192,svačiny a chuťovky,unread
Citronovo-ostružinové muffiny,http://the-beauty-gloss.blogspot.cz/2012/08/citronovo-ostruzinove-muffiny.html,1364640192,dezerty,unread
Ovocný bulgur (238 kcal),http://hubneme-a-zhubneme.blogspot.cz/2012/09/ovocny-bulgur-238-kcal.html,1364640245,dezerty|saláty,unread
"Kokosova panna cotta a mangove zele, Coconut panna  cotta and mango jelly",http://adkas-tastyfood.blogspot.cz/2012/09/kokosova-panna-cotta-mangove-zele.html,1364640245,dezerty,unread
Dýňová polévka,http://zdravejist.blogspot.cz/2012/09/dynova-polevka.html,1364640256,polévky,unread
Ricottové lívance,http://gurmankalenulka.blogspot.cz/2012/09/ricottove-livance.html,1364640256,snídaně,unread
Mrkvový krém,http://delicious-blog-lucie.blogspot.cz/2012/09/mrkvovy-krem.html,1364640256,polévky,unread
Cottage lívance se švestkovým &quot;přelivem&quot; (263 kcal),http://hubneme-a-zhubneme.blogspot.cz/2012/09/cottage-livance-se-svestkovym-prelivem.html,1364640273,snídaně,unread
Dukátové buchtičky se šodó (verze pro dospělé),http://www.laskominyodmaryny.cz/2012/09/dukatove-buchticky-se-sodo-verze-pro.html,1364640273,hlavní jídla,unread
Plněné žampiony Portobello,http://cucinare-con-amore.blogspot.cz/2012/09/plnene-zampiony-portobello.html,1364640273,hlavní jídla|svačiny a chuťovky,unread
Kakaový kuskus s jahůdkama k snídani (263 kcal),http://hubneme-a-zhubneme.blogspot.cz/2012/09/kakaovy-kuskus-s-jahudkama-k-snidani.html,1364640273,snídaně,unread
Grilované lilky s rajčatovým džemem a ovčím sýrem,http://crustycorner.blogspot.cz/2012/09/grilovane-lilky-s-rajcatovym-dzemem.html,1364640273,"marmelády, zavařování|svačiny a chuťovky",unread
Mrkvová polévka s opečeným chlebem,http://martininakuchyne.blogspot.cz/2012/09/mrkvova-polevka-s-opecenym-chlebem.html,1364640273,polévky,unread
Vícezrnné muffiny,http://drobecky.blogspot.cz/2012/09/vicezrnne-muffiny.html,1364640273,dezerty,unread
Paris–Brest,http://www.laskominyodmaryny.cz/2012/09/parisbrest.html,1364640275,dezerty,unread
Těstoviny s rajčatovým šmakounem (268 kcal),http://hubneme-a-zhubneme.blogspot.cz/2012/09/testoviny-s-rajcatovym-smakounem-268.html,1364640288,hlavní jídla,unread
Krokant,http://www.laskominyodmaryny.cz/2012/09/krokant.html,1364640288,dezerty,unread
Cuketové &quot;těstoviny&quot;,http://delicious-blog-lucie.blogspot.cz/2012/09/cuketove-testoviny.html,1364640288,hlavní jídla,unread
Pırasalı puf börek,http://nazarboncukagaci.blogspot.cz/2012/09/prasal-puf-borek.html,1364640288,hlavní jídla|snídaně,unread
Domácí těstoviny se špagetovou dýní,http://www.laskominyodmaryny.cz/2012/09/domaci-testoviny-se-spagetovou-dyni.html,1364640303,hlavní jídla,unread
DODAT FOTO - Sójové kostky na mrkvi (240 kcal),http://hubneme-a-zhubneme.blogspot.cz/2012/09/dodat-foto-sojove-kostky-na-mrkvi-240.html,1364640303,hlavní jídla,unread
Celozrnná pizza,http://zdravejist.blogspot.cz/2012/09/celozrnna-pizza.html,1364640303,hlavní jídla,unread
Takový obyčejný švestkový koláč,http://unavenavarecka.blogspot.cz/2012/09/takovy-obycejny-svestkovy-kolac.html,1364640303,dezerty,unread
Jogurtova nepecena torta,http://adkas-tastyfood.blogspot.cz/2012/09/jogurtova-nepecena-torta.html,1364640312,dezerty,unread
Tagliatelle s arašídovým máslem ala Dita P.,http://cucinare-con-amore.blogspot.cz/2012/09/tagliatelle-s-arasidovym-maslem-ala.html,1364640312,hlavní jídla,unread
Košíčky s tymiánovým krémem a fíky,http://www.laskominyodmaryny.cz/2012/09/kosicky-s-tymianovym-kremem-fiky.html,1364640312,dezerty,unread
"Grilovaný pstruh s tagliatelle so sušenými paradajkami, kaparami a citrónom",http://kingablogger.blogspot.cz/2012/09/grilovany-pstruh-s-tagliatelle-so.html,1364640312,hlavní jídla,unread
Slivkový tarte tatin so slivkovo-karamelovou omáčkou,http://matapecie.blogspot.cz/2012/09/slivkovy-tarte-tatin-so-slivkovo.html,1364640331,dezerty,unread
Orechový koláč s ovocím.,http://foodependence.blogspot.cz/2012/09/orechovy-kolac-s-ovocim.html,1364640331,dezerty,unread
Kakaové máslo ze slunečnicových semínek,http://delicious-blog-lucie.blogspot.cz/2012/09/kakaove-maslo-ze-slunecnicovych-seminek.html,1364640331,pomazánky,unread
Celozrné bagely,http://the-beauty-gloss.blogspot.cz/2012/09/celozrne-bagely.html,1364640331,pečivo,unread
Výborný rajčatovo-chlebový salát,http://zdravejist.blogspot.cz/2012/09/vyborny-rajcatovo-chlebovy-salat.html,1364640335,saláty,unread
Vegerizoto,http://zdravejist.blogspot.cz/2012/09/vegerizoto.html,1364640350,hlavní jídla,unread
Z obrazovky rovno na stôl,http://www.natanieri.sk/z-obrazovky-rovno-na-stol/,1364640350,hlavní jídla,unread
Pšenično-žitné bagely,http://delicious-blog-lucie.blogspot.cz/2012/09/psenicno-zitne-bagely.html,1364640350,pečivo,unread
Nekonečný příběh,http://cuocadolce.blogspot.cz/2012/08/nekonecny-pribeh.html,1364640350,svačiny a chuťovky,unread
Špaldové lívanečky,http://the-beauty-gloss.blogspot.cz/2012/08/spaldove-livanecky.html,1364640350,snídaně,unread
Torta tenerina,http://sasulka.blogspot.cz/2012/08/torta-tenerina.html,1364640350,dezerty,unread
Celozrnná pizza,http://kivibloguje.blogspot.cz/2012/08/celozrnna-pizza.html,1364640350,hlavní jídla,unread
Sójové kostky na mrkvi (240 kcal),http://hubneme-a-zhubneme.blogspot.cz/2012/09/sojove-kostky-na-mrkvi-240-kcal.html,1364640371,hlavní jídla,unread
Nový a lepší hnus ze školní jídelny,http://cuocadolce.blogspot.cz/2012/09/novy-lepsi-hnus-ze-skolni-jidelny.html,1364640371,hlavní jídla,unread
Jablkový mrežovník,http://tvorimpreradost.blogspot.cz/2012/09/jablkovy-mrezovnik.html,1364640371,dezerty,unread
Šľahačková bábovka,http://tvorimpreradost.blogspot.cz/2012/09/slahackova-babovka.html,1364640371,dezerty,unread
Fazolový &quot;guláš&quot;,http://zdravejist.blogspot.cz/2012/09/fazolovy-gulas.html,1364640371,hlavní jídla,unread
Borůvkovo-jahodové smoothie s chia semínky,http://delicious-blog-lucie.blogspot.cz/2012/09/boruvkovo-jahodove-smoothie-s-chia.html,1364640371,snídaně,unread
Grilování bez masa (nejen) pro vegetariány,http://slecna.info/tvuj-svet/grilovani-bez-masa-nejen-pro-vegetariany/,1364640371,hlavní jídla|přílohy|svačiny a chuťovky,unread
Sladká ricottová &quot;pomazánka&quot; s kaiserkou (275 kcal),http://hubneme-a-zhubneme.blogspot.cz/2012/09/sladka-ricottova-pomazanka-s-kaiserkou.html,1364640371,pomazánky,unread
Morský vlk v papilote s pečeným zemiakmi,http://www.foodissimo.eu/2012/09/12/morsky-vlk-v-papilote-s-pecenym-zemiakmi/,1364640390,hlavní jídla,unread
Sýrová cuketa (171 kcal),http://hubneme-a-zhubneme.blogspot.cz/2012/09/syrova-cuketa-171-kcal.html,1364640390,hlavní jídla,unread
Romantické raňajky v posteli s Johanou: ovsená kaša s ríbezľovou omáčkou so,http://anetagoesyummi.blogspot.cz/2012/09/romanticke-ranajky-v-posteli-s-johanou.html,1364640390,snídaně,unread
"Jogurtový koláč s jablíčkem (celý = 531 kcal, 1/2 = 266 kcal)",http://hubneme-a-zhubneme.blogspot.cz/2012/09/jogurtovy-kolac-s-jablickem-cely-531.html,1364640390,dezerty,unread
Muffiny z červené řepy,http://zdravejist.blogspot.cz/2012/09/muffiny-z-cervene-repy.html,1364640390,dezerty,unread
Patrový svatební dort pro Lili a Filipa,http://luciedvorakova.blogspot.cz/2012/09/patrovy-svatebni-dort-pro-lili-filipa.html,1364640390,dezerty,unread
Cuketová polévka s parmazánem,http://delicious-blog-lucie.blogspot.cz/2012/09/cuketova-polevka-s-parmazanem.html,1364640390,polévky,unread
Ricottové lívance s pomerančem,http://martininakuchyne.blogspot.cz/2012/09/ricottove-livance-s-pomerancem.html,1364640393,snídaně,unread
"Zapečený pangasius - bezpracný, rychlý, dietní",http://live-with-myself.blogspot.cz/2012/09/zapeceny-pangasius-bezpracny-rychly.html,1364640393,hlavní jídla,unread
Banánovo-mandlové muffiny,http://delicious-blog-lucie.blogspot.cz/2012/09/bananovo-mandlove-muffiny.html,1364640413,dezerty,unread
Špenátové těstoviny s ricottou (268 kcal),http://hubneme-a-zhubneme.blogspot.cz/2012/09/spenatove-testoviny-s-ricottou-268-kcal.html,1364640413,hlavní jídla,unread
Dýňové rizoto se šalvějí,http://zdravejist.blogspot.cz/2012/09/dynove-rizoto-se-salveji.html,1364640413,hlavní jídla,unread
Pain au Levain - pšeničný chleba s žitným kváskem,http://www.laskominyodmaryny.cz/2012/09/pain-au-levain-psenicny-chleba-s-zitnym.html,1364640417,pečivo,unread
Žitný chlebový kvásek,http://www.laskominyodmaryny.cz/2012/09/zitny-chlebovy-kvasek.html,1364640417,pečivo,unread
Bebe susienky - domace,http://adkas-tastyfood.blogspot.cz/2012/09/bebe-susienky-domace.html,1364640438,dezerty,unread
Jablečné pyré,http://the-beauty-gloss.blogspot.cz/2012/09/jablecne-pyre.html,1364640438,"marmelády, zavařování",unread
Kokosová ovsená kaša s malinami,http://anetagoesyummi.blogspot.cz/2012/09/kokosova-ovsena-kasa-s-malinami.html,1364640438,snídaně,unread
"Rustikální sýrová crostata s fíky, šunkou, medem a ořechy",http://catalinapece.blogspot.cz/2012/09/rustikalni-syrova-crostata-s-fiky.html,1364640438,hlavní jídla|svačiny a chuťovky,unread
Malinovo-jogurtový kuskus (272 kcal),http://hubneme-a-zhubneme.blogspot.cz/2012/09/malinovo-jogurtovy-kuskus-272-kcal.html,1364640438,dezerty,unread
Zelená bramborová kaše s vejcem (275 kcal),http://hubneme-a-zhubneme.blogspot.cz/2012/09/zelena-bramborova-kase-s-vejcem-275-kcal.html,1364640438,hlavní jídla|přílohy,unread
Mrkvovo-cizrnová pomazánka,http://zdravejist.blogspot.cz/2012/09/mrkvovo-cizrnova-pomazanka.html,1364640438,pomazánky,unread
Dort ze tří čokoládových pěn (Triple mousse chocolate cake),http://crustycorner.blogspot.cz/2012/09/dort-ze-tri-cokoladovych-pen-triple.html,1364640440,dezerty,unread
Grilujeme sladké dobroty z ovoce,http://slecna.info/tvuj-svet/grilujeme-sladke-dobroty-z-ovoce/,1364640458,dezerty,unread
Celozrnné špaldové palačinky s marmeládou a javorovým sirupem,http://kivibloguje.blogspot.cz/2012/09/celozrnne-spaldove-palacinky-s.html,1364640458,snídaně,unread
Italská polévka,http://martininakuchyne.blogspot.cz/2012/09/italska-polevka.html,1364640458,polévky,unread
Kořeněný cheesecake se švestkami a karamelem,http://luciedvorakova.blogspot.cz/2012/09/koreneny-cheesecake-se-svestkami.html,1364640458,dezerty,unread
Jogurtový šmakoun se sýrem a bramborem (260 kcal),http://hubneme-a-zhubneme.blogspot.cz/2012/09/jogurtovy-smakoun-se-syrem-bramborem.html,1364640458,hlavní jídla,unread
Cuketa s ricottovou náplní (323 kcal),http://hubneme-a-zhubneme.blogspot.cz/2012/09/cuketa-s-ricottovou-naplni-323-kcal.html,1364640476,hlavní jídla,unread
Cuketové &quot;těstoviny&quot; II.,http://delicious-blog-lucie.blogspot.cz/2012/09/cuketove-testoviny-ii.html,1364640476,hlavní jídla,unread
Čokoládový srnčí hřbet z jogurtového těsta,http://unavenavarecka.blogspot.cz/2012/09/cokoladovy-srnci-hrbet-z-jogurtoveho.html,1364640476,dezerty,unread
Hosť do domu na konci leta,http://www.natanieri.sk/host-do-domu-na-konci-leta/,1364640476,saláty|svačiny a chuťovky,unread
Food Inspiration XI.,http://fitnessgirl-lifestyle.blogspot.cz/2012/09/food-inspiration-xi.html,1364640476,hlavní jídla|snídaně|svačiny a chuťovky,unread
Pavlova s coko-matovou prichutou,http://adkas-tastyfood.blogspot.cz/2012/09/pavlova-s-coko-matovou-prichutou.html,1364640476,dezerty,unread
Cuketová pomazánka,http://delicious-blog-lucie.blogspot.cz/2012/09/cuketova-pomazanka.html,1364640479,pomazánky,unread
Karamelovo-banánový pěnový dort,http://luciedvorakova.blogspot.cz/2012/09/karamelovo-bananovy-penovy-dort.html,1364640479,dezerty,unread
Karamelový perník s jablkami,http://frommarysity.blogspot.cz/2012/09/karamelovy-pernik-s-jablkami.html,1364640501,dezerty,unread
Šmakoun alá čína (273 kcal),http://hubneme-a-zhubneme.blogspot.cz/2012/09/smakoun-ala-cina-273-kcal.html,1364640501,hlavní jídla,unread
Liškové risotto,http://www.laskominyodmaryny.cz/2012/09/liskove-risotto.html,1364640501,hlavní jídla,unread
Jablečné muffiny s drobenkou,http://vypecenyden.blogspot.cz/2012/09/jablecne-muffiny-s-drobenkou.html,1364640501,dezerty,unread
Banánová ovesná kaše s brusinkami (276 kcal),http://hubneme-a-zhubneme.blogspot.cz/2012/09/bananova-ovesna-kase-s-brusinkami-276.html,1364640501,snídaně,unread
Cacciatore con pollo,http://crustycorner.blogspot.cz/2012/09/cacciatore-con-pollo.html,1364640501,hlavní jídla,unread
Apple pie,http://luciedvorakova.blogspot.cz/2012/09/apple-pie.html,1364640503,dezerty,unread
Makový koláč a briošky,http://tvorimpreradost.blogspot.cz/2012/09/makovy-kolac-briosky.html,1364640524,dezerty,unread
farby jesene,http://biba-mylittleworld.blogspot.cz/2012/09/farby-jesene.html,1364640524,hlavní jídla|přílohy,unread
Červené macarons s nutellou,http://www.laskominyodmaryny.cz/2012/09/cervene-macarons-s-nutellou.html,1364640524,dezerty,unread
Co musíte vědět o pohance,http://www.svet-potravin.cz/clanek.aspx?id=3086,1364640524,přílohy,unread
Kabak mücver,http://nazarboncukagaci.blogspot.cz/2012/09/kabak-mucver_26.html,1364640524,hlavní jídla,unread
Večera pre zaneprázdnených??? Fazuľa s rajčinami a slaninkou…,http://www.foodissimo.eu/2012/09/26/fazula-s-rajcinami-a-slaninou/,1364640524,hlavní jídla,unread
Nakladaný syr,http://tvorimpreradost.blogspot.cz/2012/09/nakladany-syr.html,1364640524,svačiny a chuťovky,unread
Jogurtové brambory (227 kcal),http://hubneme-a-zhubneme.blogspot.cz/2012/09/jogurtove-brambory-227-kcal.html,1364640524,hlavní jídla|přílohy,unread
Top sezóna,http://www.natanieri.sk/top-sezona/,1364640524,hlavní jídla,unread
Zapečené penne s cuketou a bazalkou,http://cucinare-con-amore.blogspot.cz/2012/09/zapecene-penne-s-cuketou-bazalkou.html,1364640527,hlavní jídla,unread
Vrutické vlny,http://martininakuchyne.blogspot.cz/2012/09/vruticke-vlny.html,1364640545,dezerty,unread
Dýňové pyré,http://the-beauty-gloss.blogspot.cz/2012/09/dynove-pyre.html,1364640545,"marmelády, zavařování",unread
Dýňový cheesecake,http://the-beauty-gloss.blogspot.cz/2012/09/dynovy-cheesecake.html,1364640545,dezerty,unread
Slivkový koláč s klinčekmi a ovsenými vločkami,http://anetagoesyummi.blogspot.cz/2012/09/slivkovy-kolac-s-klincekmi-ovsenymi.html,1364640545,dezerty,unread
Dýňové máslo,http://the-beauty-gloss.blogspot.cz/2012/09/dynove-maslo.html,1364640545,"marmelády, zavařování",unread
Empanadas - The Daring Bakers Challenge,http://vypecenyden.blogspot.cz/2012/09/empanadas-daring-bakers-challenge.html,1364640545,hlavní jídla,unread
Je preč!,http://hrncek-var.blogspot.cz/2012/09/je-prec.html,1364640545,dezerty,unread
Jogurtové lívance s borůvkovým přelivem (275 kcal),http://hubneme-a-zhubneme.blogspot.cz/2012/09/jogurtove-livance-s-boruvkovym-prelivem.html,1364640545,snídaně,unread
Makový so slivkami.,http://foodependence.blogspot.cz/2012/09/makovy-so-slivkami.html,1364640551,dezerty,unread
Borůvkové muffiny s ořechovou drobenkou,http://cucinare-con-amore.blogspot.cz/2012/09/boruvkove-muffiny-s-orechovou-drobenkou.html,1364640551,dezerty,unread
Mrkvová polévka se zázvorem a dýňovým olejem,http://bezkrutosti.blogspot.cz/2012/09/mrkvova-polevka-se-zazvorem-dynovym.html,1364640551,polévky,unread
Sladký hummus,http://the-beauty-gloss.blogspot.cz/2012/09/sladky-hummus.html,1364640561,svačiny a chuťovky,unread
Pumpkin víkend. Časť prvá. Polievka.,http://foodependence.blogspot.cz/2012/09/pumpkin-vikend-cast-prva-polievka.html,1364640561,polévky,unread
Żurek - polévka z žitného kvásku,http://www.laskominyodmaryny.cz/2012/09/zurek-polevka-z-zitneho-kvasku.html,1364640561,polévky,unread
Krémový koláč dvakrát plněný,http://unavenavarecka.blogspot.cz/2012/09/kremovy-kolac-dvakrat-plneny.html,1364640570,dezerty,unread
Bábovka,http://vypecenyden.blogspot.cz/2012/09/babovka.html,1364640570,dezerty,unread
Babovka -  vyborna,http://adkas-tastyfood.blogspot.cz/2012/09/babovka-vyborna.html,1364640570,dezerty,unread
Pumpkin víkend. Časť druhá. Ravioli.,http://foodependence.blogspot.cz/2012/09/pumpkin-vikend-cast-druha-ravioli.html,1364640570,hlavní jídla,unread
Zapečená brokolice se sójovým masem (259 kcal),http://hubneme-a-zhubneme.blogspot.cz/2012/09/zapecena-brokolice-se-sojovym-masem-259.html,1364640589,hlavní jídla,unread
Tuniakovy salat s kari korenim - vysoko navykovy:),http://adkas-tastyfood.blogspot.cz/2012/09/tuniakovy-salat-s-kari-korenim-vysoko.html,1364640589,saláty,unread
Langose -  mnamkove,http://adkas-tastyfood.blogspot.cz/2012/09/robila-som-langose.html,1364640589,hlavní jídla,unread
Koláčky a dýňovou náplní,http://the-beauty-gloss.blogspot.cz/2012/09/kolacky-dynovou-naplni.html,1364640589,dezerty,unread
Dita P. - Dýňová polévka,http://martininakuchyne.blogspot.cz/2012/09/dita-p-dynova-polevka.html,1364640589,polévky,unread
Pečený meruňkový šmakoun (270 kcal),http://hubneme-a-zhubneme.blogspot.cz/2012/10/peceny-merunkovy-smakoun-270-kcal.html,1364640642,dezerty|hlavní jídla,unread
Hroznový džem,http://somktosom.blogspot.cz/2012/10/hroznovy-dzem.html,1364640642,"marmelády, zavařování",unread
Kirmizi Mercimek Corbasi,http://nazarboncukagaci.blogspot.cz/2012/10/kirmizi-mercimek-corbasi.html,1364640642,polévky,unread
Pumpkin víkend. Časť tretia. Tekvicový koláč.,http://foodependence.blogspot.cz/2012/10/pumpkin-vikend-cast-tretia-tekvicovy.html,1364640642,dezerty,unread
Placičky ze šmakouna pečené v troubě (267 kcal),http://hubneme-a-zhubneme.blogspot.cz/2012/10/placicky-ze-smakouna-pecene-v-troube.html,1364640650,hlavní jídla,unread
Dýňové rizoto s pohankou,http://martininakuchyne.blogspot.cz/2012/10/dynove-rizoto-s-pohankou.html,1364640650,hlavní jídla,unread
Marinované portobello s polentou,http://veganotic.blogspot.cz/2012/10/marinovane-portobello-s-polentou.html,1364640669,hlavní jídla,unread
Minestrone,http://delicious-blog-lucie.blogspot.cz/2012/10/minestrone.html,1364640669,polévky,unread
Kysnuté čokoládové rožky,http://tvorimpreradost.blogspot.cz/2012/10/kysnute-cokoladove-rozky.html,1364640671,dezerty,unread
Letné cestoviny VI.,http://frommarysity.blogspot.cz/2012/10/letne-cestoviny-vi.html,1364640690,hlavní jídla,unread
Fíkové košíčky z filo těsta,http://www.laskominyodmaryny.cz/2012/10/fikove-kosicky-z-filo-testa.html,1364640690,dezerty,unread
Jogurtový tvarožník s borůvkami (305 kcal),http://hubneme-a-zhubneme.blogspot.cz/2012/10/jogurtovy-tvaroznik-s-boruvkami-305-kcal.html,1364640690,dezerty,unread
Ovesné sušenky za 15 minut,http://the-beauty-gloss.blogspot.cz/2012/10/ovesne-susenky-za-15-minut.html,1364640690,dezerty,unread
Empanada Gallega - Výzva The Daring Bakers',http://luciedvorakova.blogspot.cz/2012/10/empanada-gallega-vyzva-daring-bakers.html,1364640690,hlavní jídla,unread
S povidlami od babičky.,http://foodependence.blogspot.cz/2012/10/s-povidlami-od-babicky.html,1364640690,dezerty,unread
Kuřecí nudličky s česnekovým &quot;dipem&quot; (263 kcal),http://hubneme-a-zhubneme.blogspot.cz/2012/10/kureci-nudlicky-s-cesnekovym-dipem-263.html,1364640690,hlavní jídla,unread
Špaldové kornetto se špenátem a kozím sýrem,http://delicious-blog-lucie.blogspot.cz/2012/10/spaldove-kornetto-se-spenatem-kozim.html,1364640690,hlavní jídla,unread
Bramboráky z červené řepy,http://kivibloguje.blogspot.cz/2012/10/bramboraky-z-cervene-repy.html,1364640690,hlavní jídla,unread
Kuřecí kousky s chilli a sezamem,http://www.gurmanka.cz/2012/10/kureci-kousky-s-chilli-a-sezamem,1364640713,hlavní jídla,unread
Pekelné dršťky – dršťky na pikantní způsob,http://www.gurmanka.cz/2012/10/pekelne-drstky-drstky-na-pikantni-zpusob,1364640713,hlavní jídla,unread
Steak z hovězího pupku – flank steak,http://www.gurmanka.cz/2012/10/steak-z-hoveziho-pupku-flank-steak,1364640713,hlavní jídla,unread
Cestoviny s avokádo pestom.,http://foodependence.blogspot.cz/2012/10/cestoviny-s-avokado-pestom.html,1364640713,hlavní jídla,unread
Brokolice v palačinkovém těstě s bramborem (289 kcal),http://hubneme-a-zhubneme.blogspot.cz/2012/10/brokolice-v-palacinkovem-teste-s.html,1364640713,hlavní jídla,unread
Česneková polévka,http://martininakuchyne.blogspot.cz/2012/10/cesnekova-polevka.html,1364640713,polévky,unread
Sweettoothday - Šmudlův dort,http://dulique.blogspot.cz/2012/10/sweettoothday-smudluv-dort.html,1364640713,dezerty,unread
Perníček s příchutí jablíček,http://unavenavarecka.blogspot.cz/2012/10/pernicek-s-prichuti-jablicek.html,1364640713,dezerty,unread
Lahmacun,http://nazarboncukagaci.blogspot.cz/2012/10/lahmacun_6.html,1364640716,hlavní jídla,unread
Proteinové muffiny s tekutým srdcem,http://the-beauty-gloss.blogspot.cz/2012/10/proteinove-muffiny-s-tekutym-srdcem.html,1364640723,dezerty,unread
Celozrnná palačinka s banánovou náplní (277 kcal),http://hubneme-a-zhubneme.blogspot.cz/2012/10/celozrnna-palacinka-s-bananovou-naplni.html,1364640728,snídaně,unread
Domácí těstoviny,http://cucinare-con-amore.blogspot.cz/2012/10/domaci-testoviny.html,1364640728,přílohy,unread
Duhový dort,http://gurmankalenulka.blogspot.cz/2012/10/duhovy-dort.html,1364640751,dezerty,unread
Medovo-citronova  zalievka na salaty,http://adkas-tastyfood.blogspot.cz/2012/10/medovo-citronovaqa-zalievka-na-salaty.html,1364640751,saláty,unread
Salat z mozzarelly a granatoveho jablka,http://adkas-tastyfood.blogspot.cz/2012/10/salat-z-mozzarelly-granatoveho-jablka.html,1364640751,saláty,unread
Grilované hrozno s orechmi a enciánom,http://kingablogger.blogspot.cz/2012/10/grilovane-hrozno-s-orechmi-encianom.html,1364640751,saláty,unread
Jogurtovy kremes,http://adkas-tastyfood.blogspot.cz/2012/10/jogurtovy-kremes_7.html,1364640751,dezerty,unread
Quiche s liškami,http://www.laskominyodmaryny.cz/2012/10/quiche-s-liskami.html,1364640751,hlavní jídla|svačiny a chuťovky,unread
Duhový dort,http://luciedvorakova.blogspot.cz/2012/10/duhovy-dort.html,1364640751,dezerty,unread
Zelí se žampiony,http://martininakuchyne.blogspot.cz/2012/10/zeli-se-zampiony.html,1364640751,přílohy,unread
Kuřecí závitek se zelím a žampiony,http://martininakuchyne.blogspot.cz/2012/10/kureci-zavitek-se-zelim-zampiony.html,1364640751,hlavní jídla,unread
Rýchle tvarohové šišky,http://tvorimpreradost.blogspot.cz/2012/10/rychle-tvarohove-sisky.html,1364640751,dezerty,unread
Hruškový s mascarpone.,http://foodependence.blogspot.cz/2012/10/hruskovy-s-mascarpone.html,1364640770,dezerty,unread
Glazovaná zelenina,http://delicious-blog-lucie.blogspot.cz/2012/10/glazovana-zelenina.html,1364640770,přílohy,unread
Cuketovo-rajčatová směs s toustíkem (195 kcal),http://hubneme-a-zhubneme.blogspot.cz/2012/10/cuketovo-rajcatova-smes-s-toustikem-195.html,1364640770,hlavní jídla,unread
Pečené fíky se skořicí,http://delicious-blog-lucie.blogspot.cz/2012/10/pecene-fiky-se-skorici.html,1364640770,dezerty,unread
Hruškovo-švestkový štrúdl,http://www.laskominyodmaryny.cz/2012/10/hruskovo-svestkovy-strudl.html,1364640774,dezerty,unread
Česneková pečená cuketa s bramborem a rajčetem (173 kcal),http://hubneme-a-zhubneme.blogspot.cz/2012/10/cesnekova-pecena-cuketa-s-bramborem.html,1364640796,hlavní jídla,unread
Rizoto v čínsko-vietnamském stylu,http://www.gurmanka.cz/2012/10/rizoto-v-cinsko-vietnamskem-stylu,1364640796,hlavní jídla,unread
Citronové koláčky,http://vypecenyden.blogspot.cz/2012/10/citronove-kolacky.html,1364640796,dezerty,unread
Cizrna se smetanovou omáčkou,http://cucinare-con-amore.blogspot.cz/2012/10/cizrna-se-smetanovou-omackou.html,1364640798,hlavní jídla,unread
Dýňové tartaletky,http://delicious-blog-lucie.blogspot.cz/2012/10/dynove-tartaletky.html,1364640818,dezerty,unread
"Jogurtovo-celozrnný koláč s borůvkami (750 kcal, 1/4 = 188 kcal)",http://hubneme-a-zhubneme.blogspot.cz/2012/10/jogurtovo-celozrnny-kolac-s-boruvkami.html,1364640818,dezerty,unread
Jablečný koláč,http://the-beauty-gloss.blogspot.cz/2012/10/jablecny-kolac.html,1364640818,dezerty,unread
Zelený bulgur se sójovým masem (275 kcal),http://hubneme-a-zhubneme.blogspot.cz/2012/10/zeleny-bulgur-se-sojovym-masem-275-kcal.html,1364640818,hlavní jídla,unread
Kari kuracie kusky s mango chutney,http://adkas-tastyfood.blogspot.cz/2012/10/kari-kuracie-kusky-s-mango-chutney.html,1364640818,hlavní jídla,unread
Jablečný koláč s růžemi,http://crustycorner.blogspot.cz/2012/10/jablecny-kolac-s-ruzemi.html,1364640818,dezerty,unread
Granita s brusinkovou vodkou,http://catalinapece.blogspot.cz/2012/10/granita-s-brusinkovou-vodkou.html,1364640818,dezerty,unread
Black&amp;white potešenie.,http://foodependence.blogspot.cz/2012/10/black-potesenie.html,1364640818,dezerty,unread
Späť na blogu,http://dorasart.blogspot.cz/2012/10/spat-na-blogu.html,1364640818,pečivo,unread
Mandlove kocky so snehovou  penou,http://adkas-tastyfood.blogspot.cz/2012/10/mandlove-kocky-so-snehovou-penou.html,1364640819,dezerty,unread
Paštéta z pečených šampiňónov,http://biba-mylittleworld.blogspot.cz/2012/10/pasteta-z-pecenych-sampinonov.html,1364640839,pomazánky|svačiny a chuťovky,unread
Pečený kuřecí plátek pod rajčetem s bulgurem (252 kcal),http://hubneme-a-zhubneme.blogspot.cz/2012/10/peceny-kureci-platek-pod-rajcetem-s.html,1364640839,hlavní jídla,unread
Dýňové lívanečky,http://the-beauty-gloss.blogspot.cz/2012/10/dynove-livanecky.html,1364640839,snídaně,unread
Blumový buchty s marcipánem,http://vypecenyden.blogspot.cz/2012/10/blumovy-buchty-s-marcipanem.html,1364640839,dezerty,unread
Tagliatelle s hokaido omáčkou,http://matapecie.blogspot.cz/2012/10/tagliatelle-s-hokaido-omackou.html,1364640839,hlavní jídla,unread
Lehký těstovinový salát,http://gurmankalenulka.blogspot.cz/2012/10/lehky-testovinovy-salat.html,1364640839,saláty,unread
Dýňová polévka s kari a kokosovým mlékem,http://delicious-blog-lucie.blogspot.cz/2012/10/dynova-polevka-s-kari-kokosovym-mlekem.html,1364640839,polévky,unread
Dýňový čokoládový koláč s banánovo-kokosovým krémem,http://the-beauty-gloss.blogspot.cz/2012/10/dynovy-cokoladovy-kolac-s-bananovo.html,1364640839,dezerty,unread
"5 původních pražských receptů, díky kterým dáte vale smažáku",http://www.citybee.cz/aktuality/101-20/5-puvodnich-prazskych-receptu-diky-kterym-date-vale-smazaku/,1364640839,dezerty|hlavní jídla|polévky,unread
Ovesná ovocná kaše (268 kcal),http://hubneme-a-zhubneme.blogspot.cz/2012/10/ovesna-ovocna-kase-268-kcal.html,1364640839,snídaně,unread
Gołąbki – zelné závitky s masem,http://www.laskominyodmaryny.cz/2012/10/goabki-zelne-zavitky-s-masem.html,1364640844,hlavní jídla,unread
Omáčka z čerstvých rajčat,http://www.laskominyodmaryny.cz/2012/10/omacka-z-cerstvych-rajcat.html,1364640844,hlavní jídla,unread
Tentokrát hroznový.,http://foodependence.blogspot.cz/2012/10/tentokrat-hroznovy.html,1364640844,dezerty,unread
Artyčokové pesto,http://veganotic.blogspot.cz/2012/10/artycokove-pesto.html,1364640862,hlavní jídla|svačiny a chuťovky,unread
Dort zebra,http://luciedvorakova.blogspot.cz/2012/10/dort-zebra.html,1364640862,dezerty,unread
Plněné žampiony,http://martininakuchyne.blogspot.cz/2012/10/plnene-zampiony.html,1364640862,hlavní jídla|svačiny a chuťovky,unread
Houbový gratin,http://crustycorner.blogspot.cz/2012/10/houbovy-gratin.html,1364640862,hlavní jídla,unread
Žampiony na cibulce s polentovou kaší (244 kcal),http://hubneme-a-zhubneme.blogspot.cz/2012/10/zampiony-na-cibulce-s-polentovou-kasi.html,1364640862,hlavní jídla,unread
Grilování sladkovodních ryb,http://slecna.info/tvuj-svet/grilovani-sladkovodnich-ryb/,1364640862,hlavní jídla,unread
Müsli tyčinky s amarantem a rýžovými pukanci,http://the-beauty-gloss.blogspot.cz/2012/10/musli-tycinky-s-amarantem-ryzovymi.html,1364640868,svačiny a chuťovky,unread
Marocký kurací tažin s kuskusom,http://anetagoesyummi.blogspot.cz/2012/10/marocky-kuraci-tazin-s-kuskusom.html,1364640868,hlavní jídla,unread
Clafoutis..... jablkový,http://unavenavarecka.blogspot.cz/2012/10/clafoutis-jablkovy.html,1364640885,dezerty,unread
Poháre so šunkou crudo a figovým chutney,http://dorasart.blogspot.cz/2012/10/pohare-so-sunkou-crudo-figovym-chutney.html,1364640885,svačiny a chuťovky,unread
Celerová remuláda,http://delicious-blog-lucie.blogspot.cz/2012/10/celerova-remunada.html,1364640885,svačiny a chuťovky,unread
Figové chutney s balzamikovým octom,http://dorasart.blogspot.cz/2012/10/figove-chutney-s-balzamickym-octom.html,1364640885,svačiny a chuťovky,unread
Vločkovo-ovocná kaše s Chia semínky (279 kcal),http://hubneme-a-zhubneme.blogspot.cz/2012/10/vlockovo-ovocna-kase-s-chia-seminky-279.html,1364640885,snídaně,unread
Pečené paprikové kuřecí s bulgurem (289 kcal),http://hubneme-a-zhubneme.blogspot.cz/2012/10/pecene-paprikove-kureci-s-bulgurem-289.html,1364640892,hlavní jídla,unread
Pomarančový chlebík.,http://foodependence.blogspot.cz/2012/10/pomarancovy-chlebik.html,1364640892,dezerty,unread
Muffiny z kysnuteho cesta,http://adkas-tastyfood.blogspot.cz/2012/10/muffiny-z-kysnuteho-cesta.html,1364640892,dezerty,unread
Chocolate Malt Ice Cream Cake- Zmrlinova torta s bonbonmi  Maltesers,http://adkas-tastyfood.blogspot.cz/2012/10/chocolate-malt-ice-cream-cake-zmrlinova.html,1364640892,dezerty,unread
Kakaový pudink s kokosem,http://delicious-blog-lucie.blogspot.cz/2012/10/kakaovy-pudink-s-kokosem.html,1364640911,dezerty,unread
Ovesná kaše s borůvkovým přelivem (279 kcal),http://hubneme-a-zhubneme.blogspot.cz/2012/10/ovesna-kase-s-boruvkovym-prelivem-279.html,1364640911,snídaně,unread
Omáčka z lišek,http://www.laskominyodmaryny.cz/2012/10/omacka-z-lisek.html,1364640911,hlavní jídla,unread
Špenátové balíčky s ricottou,http://kingablogger.blogspot.cz/2012/10/spenatove-balicky-s-ricottou.html,1364640911,hlavní jídla|svačiny a chuťovky,unread
Rizoto s voňavým petržlenom,http://frommarysity.blogspot.cz/2012/10/rizoto-s-vonavym-petrzlenom.html,1364640911,hlavní jídla,unread
Najobľúbenejšia torta,http://lucylovetobake.blogspot.cz/2012/10/najoblubenejsia-torta.html,1364640911,dezerty,unread
Jablkovo-tekvicový závin.,http://foodependence.blogspot.cz/2012/10/jablkovo-tekvicovy-zavin.html,1364640911,dezerty,unread
Čokoládový sirup,http://the-beauty-gloss.blogspot.cz/2012/10/cokoladovy-sirup.html,1364640936,dezerty|nápoje|svačiny a chuťovky,unread
Bílkový koláč,http://www.laskominyodmaryny.cz/2012/10/bilkovy-kolac.html,1364640936,dezerty,unread
Celozrnné citronové muffiny slazené stevií,http://kivibloguje.blogspot.cz/2012/10/celozrnne-citronove-muffiny-slazene.html,1364640936,dezerty,unread
"Pečená dýně s mascarpone, parmazánem a šalvějí",http://delicious-blog-lucie.blogspot.cz/2012/10/pecena-dyne-s-mascarpone-parmazanem.html,1364640936,hlavní jídla,unread
Jablkovo - mandľové muffiny so škoricou,http://frommarysity.blogspot.cz/2012/10/jablkovo-mandlove-muffiny-so-skoricou.html,1364640936,dezerty,unread
Pečená dýně,http://zdravejist.blogspot.cz/2012/10/pecena-dyne.html,1364640936,hlavní jídla,unread
Marocké šampiňóny s kuskusom,http://anetagoesyummi.blogspot.cz/2012/10/marocke-sampinony-s-kuskusom.html,1364640938,hlavní jídla,unread
Najlepší objav sezóny,http://hrncek-var.blogspot.cz/2012/10/najlepsi-objav-sezony.html,1364640938,polévky,unread
Čím si zpestřit snídani,http://fitnessgirl-lifestyle.blogspot.cz/2012/10/cim-si-zpestrit-snidani.html,1364640938,snídaně,unread
Losos s celerovým pyré,http://delicious-blog-lucie.blogspot.cz/2012/10/losos-s-celerovym-pyre.html,1364640938,hlavní jídla,unread
Mrkvovo-celerová směs s bramborem (245 kcal),http://hubneme-a-zhubneme.blogspot.cz/2012/10/mrkvovo-celerova-smes-s-bramborem-245.html,1364640953,hlavní jídla,unread
Podzimní miso polévka,http://bezkrutosti.blogspot.cz/2012/10/podzimni-miso-polevka.html,1364640953,polévky,unread
Ostrá cizrna s tortillami,http://zdravejist.blogspot.cz/2012/10/ostra-cizrna-s-tortillami.html,1364640953,hlavní jídla,unread
Celozrnná palačinka s &quot;čoko&quot;-avokádovou náplní (259 kcal),http://hubneme-a-zhubneme.blogspot.cz/2012/10/celozrnna-palacinka-s-coko-avokadovou.html,1364640953,snídaně,unread
Bramborovo-hruškový chlebíček,http://www.laskominyodmaryny.cz/2012/10/bramborovo-hruskovy-chlebicek.html,1364640957,dezerty,unread
Jablečný koláč s karamelem,http://luciedvorakova.blogspot.cz/2012/10/jablecny-kolac-s-karamelem.html,1364640977,dezerty,unread
Nebíčková torta. Oriešková so škoricou.,http://foodependence.blogspot.cz/2012/10/nebickova-torta-orieskova-so-skoricou.html,1364640977,dezerty,unread
Koblihy,http://the-beauty-gloss.blogspot.cz/2012/10/koblihy.html,1364640977,dezerty,unread
Halloween,http://unavenavarecka.blogspot.cz/2012/10/halloween.html,1364640977,dezerty,unread
Klobáskové entrée,http://www.natanieri.sk/klobaskove-entree/,1364640977,saláty,unread
Pečené topinambury s tempehem,http://bezkrutosti.blogspot.cz/2012/10/pecene-topinambury-s-tempehem.html,1364640980,hlavní jídla,unread
The Daring Bakers October Challenge: Layering Up: Mille-feuille/Napoleon,http://martininakuchyne.blogspot.cz/2012/10/the-daring-bakers-october-challenge.html,1364640980,dezerty,unread
Upečte si mandlové sušenky!,http://tomichutna.cz/upecte-si-mandlove-susenky,1364641010,dezerty,unread
Výzva The Daring Bakers: Millefeuille,http://catalinapece.blogspot.cz/2012/10/vyzva-daring-bakers-millefeuille.html,1364641007,dezerty,unread
Pečená pikantní dýně s vlašskými ořechy,http://delicious-blog-lucie.blogspot.cz/2012/10/pecena-pikantnidyne-s-vlasskymi-orechy.html,1364641007,hlavní jídla|přílohy,unread
Vyprážaný rybí sendvič,http://kingablogger.blogspot.cz/2012/10/vyprazany-rybi-sendvic.html,1364641007,hlavní jídla|svačiny a chuťovky,unread
Kam s nimi? Do paštiky!,http://cuocadolce.blogspot.cz/2012/10/kam-s-nimi-do-pastiky.html,1364641007,svačiny a chuťovky,unread
Bramborovo-celerová kaše s volským okem (244 kcal),http://hubneme-a-zhubneme.blogspot.cz/2012/10/bramborovo-celerova-kase-s-volskym-okem.html,1364641007,hlavní jídla,unread
Pikantné cestoviny s chlebovými omrvinkami,http://dorasart.blogspot.cz/2012/10/pikantne-cestoviny-s-omrvinkami.html,1364641007,hlavní jídla,unread
Jablkové knedlíky,http://somktosom.blogspot.cz/2012/10/jablkove-knedliky.html,1364641007,hlavní jídla,unread
Snídaňová čokoládová polévka s cereáliemi (282 kcal),http://hubneme-a-zhubneme.blogspot.cz/2012/10/snidanova-cokoladova-polevka-s.html,1364641007,snídaně,unread
Oběd mého dětství :-) (268 kcal),http://hubneme-a-zhubneme.blogspot.cz/2012/10/obed-meho-detstvi-268-kcal.html,1364641007,hlavní jídla,unread
Mille feuille - Výzva The Daring Bakers',http://luciedvorakova.blogspot.cz/2012/10/mille-feuille-vyzva-daring-bakers.html,1364641007,dezerty,unread
Salát laděný do podzimu,http://delicious-blog-lucie.blogspot.cz/2012/10/salat-ladeny-do-podzimu.html,1364641007,saláty,unread
Sovičky oreačky,http://www.laskominyodmaryny.cz/2012/10/sovicky-oreacky.html,1364641010,dezerty,unread
Dýňové koblížky z trouby,http://crustycorner.blogspot.cz/2012/10/dynove-koblizky-z-trouby.html,1364641027,dezerty,unread
Krehký jabĺčkový koláč,http://tvorimpreradost.blogspot.cz/2012/10/krehky-jablckovy-kolac.html,1364641027,dezerty,unread
Kokosové rezy,http://tvorimpreradost.blogspot.cz/2012/10/kokosove-rezy.html,1364641027,dezerty,unread
Medová krémeška,http://tvorimpreradost.blogspot.cz/2012/10/medova-kremeska.html,1364641027,dezerty,unread
Pikantní dýňový kotlík,http://www.gurmanka.cz/2012/10/pikantni-dynovy-kotlik,1364641027,hlavní jídla,unread
Čokoládový studený chlebíček,http://biba-mylittleworld.blogspot.cz/2012/10/cokoladovy-studeny-chlebicek.html,1364641034,dezerty,unread
Je libo svačinku?,http://fitnessgirl-lifestyle.blogspot.cz/2012/10/je-libo-svacinku.html,1364641034,svačiny a chuťovky,unread
Cake pops čili těsto na špejli,http://www.laskominyodmaryny.cz/2012/11/cake-pops-cili-testo-na-spejli.html,1364641098,dezerty,unread
Luxusní slaná snídaně (290 kcal),http://hubneme-a-zhubneme.blogspot.cz/2012/11/luxusni-slana-snidane-290-kcal.html,1364641098,snídaně,unread
Nejoblíbenější koláč mého blogu :),http://fitnessgirl-lifestyle.blogspot.cz/2012/11/nejoblibenejsi-kolac-meho-blogu.html,1364641098,dezerty,unread
Polentovo-špenátová kaše s kuřecím a zeleninou (267 kcal),http://hubneme-a-zhubneme.blogspot.cz/2012/11/polentovo-spenatova-kase-s-kurecim.html,1364641098,hlavní jídla,unread
Krupicovo-ovesná kaše s banánem a grankem (288 kcal),http://hubneme-a-zhubneme.blogspot.cz/2012/11/krupicovo-ovesna-kase-s-bananem-grankem.html,1364641099,snídaně,unread
"Indické kura s kuskusom (nenechajte sa odradiť otrasnou fotkou, je to fanta",http://anetagoesyummi.blogspot.cz/2012/11/indicke-kura-s-kuskusom-nenechajte-sa.html,1364641119,hlavní jídla,unread
Mandlovo-skoricovy jablcnik,http://adkas-tastyfood.blogspot.cz/2012/11/mandlovo-skoricovy-jablcnik.html,1364641119,dezerty,unread
"Řezy s povidly, lískovými ořechy a bezé",http://www.laskominyodmaryny.cz/2012/11/rezy-s-povidly-liskovymi-orechy-beze.html,1364641119,dezerty,unread
Dýňová polévka s černými fazolemi,http://veganotic.blogspot.cz/2012/11/dynova-polevka-s-cernymi-fazolemi.html,1364641119,polévky,unread
Snickerdoodles,http://the-beauty-gloss.blogspot.cz/2012/11/snickerdoodles.html,1364641124,dezerty,unread
Kuřecí kostky s hráškem a kapií (276 kcal),http://hubneme-a-zhubneme.blogspot.cz/2012/11/kureci-kostky-s-hraskem-kapii-276-kcal.html,1364641124,hlavní jídla,unread
Parmazánové sušenky (sablés)  s rozmarýnem a olivami,http://crustycorner.blogspot.cz/2012/11/parmazanove-susenky-sables-s-rozmarynem.html,1364641124,svačiny a chuťovky,unread
Mrkvovo-fenyklový salát,http://delicious-blog-lucie.blogspot.cz/2012/11/mrkvovo-fenyklovy-salat.html,1364641145,saláty,unread
Vločkovo-tvarohové placky s jahodovým tvarohem (274 kcal),http://hubneme-a-zhubneme.blogspot.cz/2012/11/vlockovo-tvarohove-placky-s-jahodovym.html,1364641145,dezerty,unread
Jablkový chlebík,http://frommarysity.blogspot.cz/2012/11/jablkovy-chlebik.html,1364641145,dezerty|snídaně,unread
Hrníčková polévka,http://delicious-blog-lucie.blogspot.cz/2012/11/hrnickova-polevka.html,1364641145,polévky,unread
Špíz ze sójových kostek se šťouchanými bramborami (272 kcal),http://hubneme-a-zhubneme.blogspot.cz/2012/11/spiz-ze-sojovych-kostek-se-stouchanymi.html,1364641145,hlavní jídla,unread
Volánkový dort,http://www.laskominyodmaryny.cz/2012/11/volankovy-dort.html,1364641145,dezerty,unread
Coq au Vin poněkud jinak aneb kuře na víně East Meets West,http://www.gurmanka.cz/2012/11/coq-au-vin-ponekud-jinak-aneb-kure-na-vine-east-meets-west,1364641165,hlavní jídla,unread
Vegetariánské chilli con carne s hřebíčkovou rýží,http://www.gurmanka.cz/2012/11/vegetarianske-chilli-con-carne-s-hrebickovou-ryzi,1364641165,hlavní jídla,unread
Dračí tlamy,http://www.gurmanka.cz/2012/11/draci-tlamy,1364641165,hlavní jídla,unread
Pikantní kuřecí maso s dýní a cizrnou,http://www.gurmanka.cz/2012/11/pikantni-kureci-maso-s-dyni-a-cizrnou,1364641165,hlavní jídla,unread
Retro záležitosť: francúzske zemiaky,http://anetagoesyummi.blogspot.cz/2012/11/retro-zalezitost-francuzske-zemiaky.html,1364641165,hlavní jídla,unread
Dýňovo-čokoládový cheesecake,http://martininakuchyne.blogspot.cz/2012/11/dynovo-cokoladovy-cheesecake.html,1364641165,dezerty,unread
Domates çorbası,http://nazarboncukagaci.blogspot.cz/2012/11/domates-corbas.html,1364641165,polévky,unread
Polievka z pečeného baklažánu s parmezánom,http://nazarboncukagaci.blogspot.cz/2012/11/polievka-z-peceneho-baklazanu-s.html,1364641165,polévky,unread
Plundrové těsto – návod na výrobu krok za krokem,http://www.laskominyodmaryny.cz/2012/11/plundrove-testo-navod-na-vyrobu-krok-za.html,1364641165,pečivo,unread
Dýňový koláč,http://delicious-blog-lucie.blogspot.cz/2012/11/dynovy-kolac.html,1364641165,dezerty,unread
Polentové noky se sójou na rajčatech (287 kcal),http://hubneme-a-zhubneme.blogspot.cz/2012/11/polentove-noky-se-sojou-na-rajcatech.html,1364641167,hlavní jídla,unread
Inspirace potřetí - tentokrát večeře,http://fitnessgirl-lifestyle.blogspot.cz/2012/11/inspirace-potreti-tentokrat-vecere.html,1364641173,hlavní jídla,unread
"Přichází mrazíky, zahřej se zevnitř!",http://slecna.info/blogy/prichazi-mraziky-zahrej-se-zevnitr/,1364641197,nápoje,unread
Mandľovo-čokoládové cookies so sušenými slivkami,http://frommarysity.blogspot.cz/2012/11/mandlovo-cokoladove-cookies-so-susenymi.html,1364641197,dezerty,unread
Další dortík a mascarpone krém,http://gurmankalenulka.blogspot.cz/2012/11/dalsi-dortik-mascarpone-krem.html,1364641197,dezerty,unread
Švestkovo maková ovesná kaše (285 kcal),http://hubneme-a-zhubneme.blogspot.cz/2012/11/svestkovo-makova-ovesna-kase-285-kcal.html,1364641197,snídaně,unread
Podzimní jablečný chlebíček s javorovým sirupem,http://drobecky.blogspot.cz/2012/11/podzimni-jablecny-chlebicek-s-javorovym.html,1364641197,dezerty,unread
Nebezpečně dobré domácí oplatky,http://kivibloguje.blogspot.cz/2012/11/nebezpecne-dobre-domaci-oplatky.html,1364641197,dezerty,unread
Jogurtová bramborová kaše s kuřecím plátkem (261 kcal),http://hubneme-a-zhubneme.blogspot.cz/2012/11/jogurtova-bramborova-kase-s-kurecim.html,1364641197,hlavní jídla,unread
Muffin... čokoládové s kousky hořké čokolády a cukrovým posypem,http://unavenavarecka.blogspot.cz/2012/11/muffin-cokoladove-s-kousky-horke.html,1364641197,dezerty,unread
Ovesná kaše alá banánová káva (267 kcal),http://hubneme-a-zhubneme.blogspot.cz/2012/11/ovesna-kase-ala-bananova-kava-267-kcal.html,1364641197,snídaně,unread
Brownies s brusinkama,http://vypecenyden.blogspot.cz/2012/11/brownies-s-brusinkama.html,1364641197,dezerty,unread
Dvoubarevná ricottová buchta,http://kivibloguje.blogspot.cz/2012/11/dvoubarevna-ricottova-buchta.html,1364641220,dezerty,unread
Celozrnné rohlíčky s česnekem a rozmarýnem,http://delicious-blog-lucie.blogspot.cz/2012/11/celozrnne-rohlicky-s-cesnekem-rozmarynem.html,1364641220,pečivo,unread
Kapustove pagaciky - absolutne fantasticke ********,http://adkas-tastyfood.blogspot.cz/2012/11/kapustove-pagaciky-absolutne-fantasticke.html,1364641220,svačiny a chuťovky,unread
Domáce fusilli s omáčkou Puttanesca,http://www.foodissimo.eu/2012/11/11/domace-fusilli-s-omackou-puttanesca/,1364641220,hlavní jídla,unread
Ořechové cookies,http://vypecenyden.blogspot.cz/2012/11/orechove-cookies.html,1364641228,dezerty,unread
Rajčatová polévka s toastem (177 kcal),http://hubneme-a-zhubneme.blogspot.cz/2012/11/rajcatova-polevka-s-toastem-177-kcal.html,1364641228,polévky,unread
Špenátová polievka. Na oslavu.,http://foodependence.blogspot.cz/2012/11/spenatova-polievka-na-oslavu.html,1364641228,polévky,unread
Happy Birthday,http://unavenavarecka.blogspot.cz/2012/11/happy-birthday.html,1364641228,dezerty,unread
Zeleninové buchty,http://kivibloguje.blogspot.cz/2012/11/zeleninove-buchty.html,1364641228,dezerty,unread
Něco malého z velké dýně,http://cuocadolce.blogspot.cz/2012/11/neco-maleho-z-velke-dyne.html,1364641228,polévky|svačiny a chuťovky,unread
Koláč Míša,http://veganotic.blogspot.cz/2012/11/kolac-misa.html,1364641254,dezerty,unread
Trojmliekový od Dity P.,http://varimeslaskou.blogspot.cz/2012/11/trojmliekovy-od-dity-p.html,1364641254,dezerty,unread
"Polentové hranolky s fazolkami, kuřecím plátkem a kečupovým dipem (269 kcal",http://hubneme-a-zhubneme.blogspot.cz/2012/11/polentove-hranolky-s-fazolkami-kurecim.html,1364641254,hlavní jídla,unread
Risotto s červenou řepou,http://delicious-blog-lucie.blogspot.cz/2012/11/risotto-s-cervenou-repou.html,1364641254,hlavní jídla,unread
Jogurtové lívanečky s medovým banánem (270 kcal),http://hubneme-a-zhubneme.blogspot.cz/2012/11/jogurtove-livanecky-s-medovym-bananem.html,1364641254,snídaně,unread
Brusinková omáčka,http://www.laskominyodmaryny.cz/2012/11/brusinkova-omacka.html,1364641254,přílohy,unread
Risotto alla milanese,http://sasulka.blogspot.cz/2012/11/risotto-alla-milanese.html,1364641254,hlavní jídla,unread
"My Muffins: Ne děkuji, jsem bezlepkář…",http://slecna.info/blogy/my-muffins-ne-dekuji-jsem-bezlepkar/,1364641257,dezerty,unread
Rychlé vázané koláče,http://cucinare-con-amore.blogspot.cz/2012/11/rychle-vazane-kolace.html,1364641273,dezerty,unread
Fazolové cookies,http://delicious-blog-lucie.blogspot.cz/2012/11/fazolove-cookies.html,1364641273,dezerty,unread
Food Inspiration XVI.,http://fitnessgirl-lifestyle.blogspot.cz/2012/11/food-inspiration-xvi.html,1364641273,hlavní jídla|nápoje|saláty|snídaně|svačiny a chuťovky,unread
Pečený mandarinkový tvaroh (274 kcal),http://hubneme-a-zhubneme.blogspot.cz/2012/11/peceny-mandarinkovy-tvaroh-274-kcal.html,1364641284,dezerty,unread
Bramborová kaše s fazolkami (189 kcal),http://hubneme-a-zhubneme.blogspot.cz/2012/11/bramborova-kase-s-fazolkami-189ova-ka.html,1364641284,hlavní jídla,unread
Fusilli s pikantnou tekvicou,http://anetagoesyummi.blogspot.cz/2012/11/fusilli-s-pikantnou-tekvicou.html,1364641284,hlavní jídla,unread
Jablkový koláč z bramborového těsta,http://kivibloguje.blogspot.cz/2012/11/jablkovy-kolac-z-bramboroveho-testa.html,1364641284,dezerty,unread
Pečené brambory s červenou řepou,http://martininakuchyne.blogspot.cz/2012/11/pecene-brambory-s-cervenou-repou.html,1364641284,hlavní jídla|přílohy,unread
Karamelové kuřecí s bulgurem (283 kcal),http://hubneme-a-zhubneme.blogspot.cz/2012/11/karamelove-kureci-s-bulgurem-283-kcal.html,1364641320,hlavní jídla,unread
Svatomartinské rohlíčky,http://luciedvorakova.blogspot.cz/2012/11/svatomartinske-rohlicky.html,1364641320,dezerty,unread
Kuskusový salát s cizrnou,http://cucinare-con-amore.blogspot.cz/2012/11/kuskusovy-salat-s-cizrnou.html,1364641320,saláty,unread
Kuřecí prsa ala Caprese,http://cucinare-con-amore.blogspot.cz/2012/11/kureci-prsa-ala-caprese.html,1364641320,hlavní jídla,unread
Kuřecí s dýni a žampiony,http://delicious-blog-lucie.blogspot.cz/2012/11/kureci-s-dyni-zampiony.html,1364641320,hlavní jídla,unread
Domáci chlieb bez miesenia,http://www.svarechou.sk/2012/11/domaci-chlieb-bez-miesenia.html,1364641320,pečivo,unread
Sypaný jablkovo-špaldový koláč,http://littlecookingdiary.blogspot.cz/2012/11/sypany-jablkovo-spaldovy-kolac.html,1364641320,dezerty,unread
Pečené jablíčko plněné tvarohem,http://delicious-blog-lucie.blogspot.cz/2012/11/pecene-jablicko-plnene-tvarohem.html,1364641320,dezerty|svačiny a chuťovky,unread
Smetanové bazalkové kuřecí kousky s lusky (236 kcal),http://hubneme-a-zhubneme.blogspot.cz/2012/11/smetanove-bazalkove-kureci-kousky-s.html,1364641320,hlavní jídla,unread
Buchta z podmáslí,http://vypecenyden.blogspot.cz/2012/11/buchta-z-podmasli.html,1364641341,dezerty,unread
&quot;Nereceptová jídla&quot; - večeře poprvé ;-),http://hubneme-a-zhubneme.blogspot.cz/2012/11/nereceptova-jidla-vecere-poprve.html,1364641341,hlavní jídla,unread
Kávová Pavlova,http://www.laskominyodmaryny.cz/2012/11/kavova-pavlova.html,1364641341,dezerty,unread
Sójové maso s paprikovo-smetanovou omáčkou a bulgurem (279 kcal),http://hubneme-a-zhubneme.blogspot.cz/2012/11/sojove-maso-s-paprikovo-smetanovou.html,1364641341,hlavní jídla,unread
Čokoládový cheesecake. Medzinárodný.,http://foodependence.blogspot.cz/2012/11/cokoladovy-cheesecake-medzinarodny.html,1364641342,dezerty,unread
Jáhlový krém s jablíčkem (259 kcal),http://hubneme-a-zhubneme.blogspot.cz/2012/11/jahlovy-krem-s-jablickem-259-kcal.html,1364641356,dezerty,unread
Hrejivá jesenná polievka I.- Zo zelenej šošovice,http://frommarysity.blogspot.cz/2012/11/hrejiva-jesenna-polievka-i-zo-zelenej.html,1364641356,polévky,unread
"Hrušky, čokoláda a meruňková marmeláda...",http://unavenavarecka.blogspot.cz/2012/11/hrusky-cokolada-merunkova-marmelada.html,1364641356,dezerty,unread
Kysnuté makové koláčiky,http://frommarysity.blogspot.cz/2012/11/kysnute-makove-kolaciky.html,1364641356,dezerty,unread
Tarte tatin – mlsání na francouzský způsob,http://slecna.info/blogy/tarte-tatin-mlsani-na-francouzsky-zpusob/,1364641356,dezerty,unread
"Cestoviny s paradajkami, klobáskou a mozzarellou",http://frommarysity.blogspot.cz/2012/11/cestoviny-s-paradajkami-klobaskou.html,1364641378,hlavní jídla,unread
Kapustičky s brusinkami a sezamem,http://delicious-blog-lucie.blogspot.cz/2012/11/kapusticky-s-brusinkami-sezamem.html,1364641378,přílohy,unread
Pohankový bezlepkový koláč s jablky,http://kivibloguje.blogspot.cz/2012/11/pohankovy-bezlepkovy-kolac-s-jablky.html,1364641378,dezerty,unread
Smetanovo-sójová mrkev s bramborem (270 kcal),http://hubneme-a-zhubneme.blogspot.cz/2012/11/smetanovo-sojova-mrkev-s-bramborem-270.html,1364641378,hlavní jídla,unread
Tagliatelle s hubami,http://frommarysity.blogspot.cz/2012/11/tagliatelle-s-hubami.html,1364641378,hlavní jídla,unread
Proteinový puding,http://the-beauty-gloss.blogspot.cz/2012/11/proteinovy-puding.html,1364641385,dezerty,unread
Perníkové lívance,http://delicious-blog-lucie.blogspot.cz/2012/11/pernikove-livance.html,1364641385,snídaně,unread
Tmavý kuřecí vývar podle Hestona Blumenthala,http://luciedvorakova.blogspot.cz/2012/11/tmavy-kureci-vyvar-podle-hestona.html,1364641385,polévky,unread
Izidor,http://www.laskominyodmaryny.cz/2012/11/izidor.html,1364641408,dezerty,unread
Květákový špaldový nákyp,http://kivibloguje.blogspot.cz/2012/11/kvetakovy-spaldovy-nakyp.html,1364641408,hlavní jídla|svačiny a chuťovky,unread
Gratinované brambory s rozmarýnem,http://cucinare-con-amore.blogspot.cz/2012/11/gratinovane-brambory-s-rozmarynem.html,1364641408,hlavní jídla|přílohy,unread
Smažená cuketa s kaší a jogurtovým dipem (274 kcal),http://hubneme-a-zhubneme.blogspot.cz/2012/11/smazena-cuketa-s-kasi-jogurtovym-dipem.html,1364641408,hlavní jídla,unread
Muffin... banány a čokoláda...,http://unavenavarecka.blogspot.cz/2012/11/muffin-banany-cokolada.html,1364641408,dezerty,unread
Sušenky z arašídového másla,http://martininakuchyne.blogspot.cz/2012/11/susenky-z-arasidoveho-masla.html,1364641408,dezerty,unread
Zapečená borůvková palačinka (268 kcal),http://hubneme-a-zhubneme.blogspot.cz/2012/11/zapecena-boruvkova-palacinka-268-kcal.html,1364641408,snídaně,unread
Kuřecí kapsa plněná česnekovým tvarohem (268 kcal),http://hubneme-a-zhubneme.blogspot.cz/2012/11/kureci-kapsa-plnena-cesnekovym-tvarohem.html,1364641414,hlavní jídla,unread
Vánoční medový dort,http://crustycorner.blogspot.cz/2012/11/vanocni-medovy-dort.html,1364641414,dezerty|vánoce,unread
Vypečená polievka. Z rajčín.,http://foodependence.blogspot.cz/2012/11/vypecena-polievka-z-rajcin.html,1364641440,polévky,unread
Proteinová zmrzlina s arašídovým máslem,http://the-beauty-gloss.blogspot.cz/2012/11/proteinova-zmrzlina-s-arasidovym-maslem.html,1364641440,dezerty,unread
Zapečené gnocchi s brokolicí a kuřecími nudličkami,http://www.urybicky.cz/2012/03/zapecene-gnocchi-s-brokolici-a-kurecimi-nudlickami/,1364641440,hlavní jídla,unread
Jogurtový koláč s jablky,http://www.urybicky.cz/2012/10/jogurtovy-kolac-s-jablky/,1364641440,dezerty,unread
Banana Bread,http://vypecenyden.blogspot.cz/2012/11/banana-bread.html,1364641440,dezerty,unread
Vaječná omeleta plněná banánovo-jablečnou náplní (271 kcal),http://hubneme-a-zhubneme.blogspot.cz/2012/11/vajecna-omeleta-plnena-bananovo.html,1364641440,snídaně,unread
Lahôdkový šalát,http://tvorimpreradost.blogspot.cz/2012/11/lahodkovy-salat.html,1364641440,saláty|svačiny a chuťovky,unread
Sýte jedlo pre chlapa,http://biba-mylittleworld.blogspot.cz/2012/11/syte-jedlo-pre-chlapa.html,1364641466,polévky,unread
Bramborovo-hráškový salát s kuřecím plátkem (278 kcal),http://hubneme-a-zhubneme.blogspot.cz/2012/11/bramborovo-hraskovy-salat-s-kurecim.html,1364641466,hlavní jídla,unread
"Špalda s řepou, mrkví a kozím sýrem",http://delicious-blog-lucie.blogspot.cz/2012/11/spalda-s-repou-mrkvi-kozim-syrem.html,1364641466,hlavní jídla,unread
"&quot;Čo mi patrí, to mi patrí&quot;",http://hrncek-var.blogspot.cz/2012/11/co-mi-patri-to-mi-patri.html,1364641466,pečivo,unread
Ovesné banánovo-kakaové sušenky se sladěnkou a arašídovým máslem,http://kivibloguje.blogspot.cz/2012/11/ovesne-bananovo-kakaove-susenky-se.html,1364641466,dezerty,unread
Šlehaná banánovo-ovesná kaše (284 kcal),http://hubneme-a-zhubneme.blogspot.cz/2012/11/slehana-bananovo-ovesna-kase-284-kcal.html,1364641471,snídaně,unread
Domácí müsli tyčinky II.–semínkové,http://drobecky.blogspot.cz/2012/11/domaci-musli-tycinky-iiseminkove.html,1364641471,svačiny a chuťovky,unread
Focaccia con prosciutto crudo e fichi (Focaccia so šunkou crudo a figami),http://dorasart.blogspot.cz/2012/11/focaccia-con-prosciutto-crudo-e-fichi.html,1364641496,pečivo,unread
Potia di zucca (tekvicová polievka),http://dorasart.blogspot.cz/2012/10/potia-di-zucca-tekvicova-polievka.html,1364641496,polévky,unread
Hroznová torta s vínom a príchuťou citrusov,http://dorasart.blogspot.cz/2012/10/hroznova-torta-s-vinom-prichutou.html,1364641496,dezerty,unread
Tekvicové „gnocchi alla trentina“,http://dorasart.blogspot.cz/2012/10/tekvicove-gnocchi-alla-trentina.html,1364641496,hlavní jídla,unread
Risotto ai fichi e gorgonzola (Risotto s figami a gorgonzolou),http://dorasart.blogspot.cz/2012/10/risotto-ai-fichi-e-gorgonzola-risotto-s.html,1364641496,hlavní jídla,unread
Lepre in salmi (Zajac „in salmí“),http://dorasart.blogspot.cz/2012/10/lepre-in-salmi-zajac-in-salmi.html,1364641496,hlavní jídla,unread
Pikantní zelenina s rýžovými nudlemi (264 kcal),http://hubneme-a-zhubneme.blogspot.cz/2012/11/pikantni-zelenina-s-ryzovymi-nudlemi.html,1364641496,hlavní jídla,unread
Tyrolské knedlíky,http://www.menudomu.cz/tyrolske-knedliky/,1364641496,přílohy,unread
Špenátové lasagne s ricottou a slaninkou,http://frommarysity.blogspot.cz/2012/11/spenatove-lasagne-s-ricottou-slaninkou.html,1364641496,hlavní jídla,unread
Hrejivá jesenná polievka II. - Bramboračka,http://frommarysity.blogspot.cz/2012/11/hrejiva-jesenna-polievka-ii-bramboracka.html,1364641496,polévky,unread
Pečené kapustičky s jablkem a cibulí,http://delicious-blog-lucie.blogspot.cz/2012/11/pecene-kapusticky-s-jablkem-cibuli.html,1364641496,přílohy,unread
The Daring Bakers November Challenge: Twelve Days of Cookies,http://martininakuchyne.blogspot.cz/2012/11/the-daring-bakers-november-challenge.html,1364641519,cukroví,unread
Vánoční perníky,http://crustycorner.blogspot.cz/2012/11/vanocni-perniky.html,1364641519,cukroví|vánoce,unread
Domácí müsli s vůní Vánoc,http://fitnessgirl-lifestyle.blogspot.cz/2012/11/domaci-musli-s-vuni-vanoc.html,1364641525,snídaně,unread
Kapr na černo,http://delicious-blog-lucie.blogspot.cz/2012/11/kapr-nacerno.html,1364641525,hlavní jídla,unread
Poctivá sekaná,http://cucinare-con-amore.blogspot.cz/2012/11/poctiva-sekana.html,1364641525,hlavní jídla,unread
Jáhelná jahůdkovo-kakaová kaše (265 kcal),http://hubneme-a-zhubneme.blogspot.cz/2012/12/jahelna-jahudkovo-kakaova-kase-265-kcal.html,1364641607,snídaně,unread
"Cuketové brownies (767 kcal, 1/4 = 192 kcal)",http://hubneme-a-zhubneme.blogspot.cz/2012/12/cuketove-brownies-767-kcal-14-192-kcal.html,1364641614,dezerty,unread
Tekvicová polievka s hruškami a zázvorom,http://dorasart.blogspot.cz/2012/12/tekvicova-polievka-s-hruskami-zazvorom.html,1364641614,polévky,unread
Čokoládovo-čokoládový koláč podľa Apetitu.,http://foodependence.blogspot.cz/2012/12/cokoladovo-cokoladovy-kolac-podla.html,1364641614,dezerty,unread
Houbovo-sójové placičky s bramborem (286 kcal),http://hubneme-a-zhubneme.blogspot.cz/2012/12/houbovo-sojove-placicky-s-bramborem-286.html,1364641614,hlavní jídla,unread
Muffinky s kaštanovým pyré,http://delicious-blog-lucie.blogspot.cz/2012/12/muffinky-s-kastanovym-pyre.html,1364641614,dezerty,unread
aaa začínáme! vánoční pečení jinak,http://e-cake.blogspot.cz/2012/12/aaa-zaciname-vanocni-peceni-jinak.html,1364641614,dekorace|vánoce,unread
Maková omluva,http://vypecenyden.blogspot.cz/2012/12/makova-omluva.html,1364641630,dezerty,unread
Gaštanové kocky,http://tvorimpreradost.blogspot.cz/2012/12/gastanove-kocky.html,1364641630,dezerty,unread
Dobošové rezy,http://tvorimpreradost.blogspot.cz/2012/12/dobosove-rezy.html,1364641630,dezerty,unread
Obalovaný celer pečený v troubě s dipem (265 kcal),http://hubneme-a-zhubneme.blogspot.cz/2012/12/obalovany-celer-peceny-v-troube-s-dipem.html,1364641630,hlavní jídla,unread
Bramborová kaše s kuřecím plátkem a pečeným hráškem (278 kcal),http://hubneme-a-zhubneme.blogspot.cz/2012/12/bramborova-kase-s-kurecim-platkem.html,1364641636,hlavní jídla,unread
Paleo pizza z mandlové mouky   pornoherec,http://the-beauty-gloss.blogspot.cz/2012/12/paleo-pizza-z-mandlove-mouky-pornoherec.html,1364641636,hlavní jídla,unread
Sv.Barbora.... a rýžový koláč,http://unavenavarecka.blogspot.cz/2012/12/svbarbora-ryzovy-kolac.html,1364641636,dezerty,unread
Polentovo-borůvková kaše (270 kcal),http://hubneme-a-zhubneme.blogspot.cz/2012/12/polentovo-boruvkova-kase-270-kcal.html,1364641656,snídaně,unread
Mléčné brusinkové bulky,http://www.laskominyodmaryny.cz/2012/12/mlecne-brusinkove-bulky.html,1364641656,pečivo|snídaně,unread
Kuřecí nudličky na rajčátkách s kuskusem (281 kcal),http://hubneme-a-zhubneme.blogspot.cz/2012/12/kureci-nudlicky-na-rajcatkach-s.html,1364641656,hlavní jídla,unread
Coleslaw,http://www.menudomu.cz/coleslaw/,1364641656,saláty,unread
Jablkový s malinami. Od Dity.,http://foodependence.blogspot.cz/2012/12/jablkovy-s-malinami-od-dity.html,1364641656,dezerty,unread
&quot;Nereceptová jídla&quot; - svačinky podruhé ;-),http://hubneme-a-zhubneme.blogspot.cz/2012/12/nereceptova-jidla-svacinky-podruhe.html,1364641664,svačiny a chuťovky,unread
Cannelloni ricotta e bietola - Cannelloni s ricottou a mangoldom,http://dorasart.blogspot.cz/2012/12/cannelloni-ricotta-e-bietola-cannelloni.html,1364641664,hlavní jídla,unread
Pečený čaj,http://tvorimpreradost.blogspot.cz/2012/12/peceny-caj.html,1364641664,"marmelády, zavařování|nápoje",unread
Jak na zdravé domácí müsli?,http://slecna.info/blogy/jak-na-zdrave-domaci-musli/,1364641664,snídaně|vánoce,unread
Polentová kaše s dýní a modrým sýrem,http://delicious-blog-lucie.blogspot.cz/2012/12/polentova-kase-s-dyni-modrym-syrem.html,1364641694,hlavní jídla|snídaně,unread
Kuřecí plátek pečený na mrkvi a celeru (278 kcal),http://hubneme-a-zhubneme.blogspot.cz/2012/12/kureci-platek-peceny-na-mrkvi-celeru.html,1364641694,hlavní jídla,unread
Mikuláš v divadle,http://www.natanieri.sk/mikulas-v-divadle/,1364641694,dezerty|svačiny a chuťovky,unread
Tofu na rajčatech s kuskusem (269 kcal),http://hubneme-a-zhubneme.blogspot.cz/2012/12/tofu-na-rajcatech-s-kuskusem-269-kcal.html,1364641700,hlavní jídla,unread
Mražený &quot;čokoládový&quot; dort,http://delicious-blog-lucie.blogspot.cz/2012/12/mrazeny-cokoladovy-dort.html,1364641700,dezerty,unread
Celozrnné sušenky s brusinkami (282 kcal),http://hubneme-a-zhubneme.blogspot.cz/2012/12/celozrnne-susenky-s-brusinkami-282-kcal.html,1364641743,dezerty,unread
Nakládané tofu,http://bezkrutosti.blogspot.cz/2012/12/nakladane-tofu.html,1364641743,svačiny a chuťovky,unread
Sněhová krupička (282 kcal),http://hubneme-a-zhubneme.blogspot.cz/2012/12/snehova-krupicka-282-kcal.html,1364641743,snídaně,unread
Co na Vánoce jedí vegetariáni a vegani?,http://slecna.info/wellness/co-na-vanoce-jedi-vegetariani-a-vegani/,1364641743,dezerty|hlavní jídla|polévky|přílohy|saláty|vánoce,unread
Extra husté smoothie,http://the-beauty-gloss.blogspot.cz/2012/12/extra-huste-smoothie.html,1364641743,snídaně,unread
Dva recepty ze šmakouna,http://hubneme-a-zhubneme.blogspot.cz/2012/12/dva-recepty-ze-smakouna.html,1364641743,hlavní jídla,unread
Perník. S jablkami.,http://foodependence.blogspot.cz/2012/12/pernik-s-jablkami.html,1364641743,dezerty,unread
Perníčkování a pusinkování,http://martininakuchyne.blogspot.cz/2012/12/pernickovani-pusinkovani.html,1364641778,cukroví,unread
Polenta alá lečové řezy (230 kcal),http://hubneme-a-zhubneme.blogspot.cz/2012/12/polenta-ala-lecove-rezy-230-kcal.html,1364641779,hlavní jídla,unread
Tropic-smoothie,http://biba-mylittleworld.blogspot.cz/2012/12/tropic-smoothie.html,1364641779,snídaně,unread
Hráškové lívance s uzeným lososem,http://delicious-blog-lucie.blogspot.cz/2012/12/hraskove-livance-s-uzenym-lososem.html,1364641779,snídaně,unread
Zázvorový čaj = nejlepší lék na zimní neduhy,http://fitnessgirl-lifestyle.blogspot.cz/2012/12/zazvorovy-caj-nejlepsi-lek-na-zimni.html,1364641779,nápoje,unread
Frittata s shiitake a koprem,http://veganotic.blogspot.cz/2012/12/fritttata-s-shiitake-koprem.html,1364641779,snídaně,unread
Lasagne - polévka,http://crustycorner.blogspot.cz/2012/12/lasagne-polevka.html,1364641779,polévky,unread
Macarons s kaštanovým krémem,http://luciedvorakova.blogspot.cz/2012/12/macarons-s-kastanovym-kremem.html,1364641779,dezerty,unread
Kuřecí kousky v arašídové omáčce,http://the-beauty-gloss.blogspot.cz/2012/12/kureci-kousky-v-arasidove-omacce.html,1364641809,hlavní jídla,unread
Špenátový kuskus se sójovým masem (247 kcal),http://hubneme-a-zhubneme.blogspot.cz/2012/12/spenatovy-kuskus-se-sojovym-masem-247.html,1364641809,hlavní jídla,unread
Výborné čoko palačinky s medovým tvarohem a jahodovým přelivem (288 kcal),http://hubneme-a-zhubneme.blogspot.cz/2012/12/vyborne-coko-palacinky-s-medovym.html,1364641809,snídaně,unread
Soupe à l'oignon gratinée - Gratinovaná cibuľačka,http://dorasart.blogspot.cz/2012/12/soupe-loignon-gratinee-gratinovana.html,1364641809,polévky,unread
Vánočka / mazanec,http://www.menudomu.cz/vanocka-mazanec/,1364641809,dezerty|vánoce|velikonoce,unread
Hrejivá jesenná polievka III. - Krémová s kapustou,http://frommarysity.blogspot.cz/2012/12/hrejiva-jesenna-polievka-iii-kremova-s.html,1364641809,polévky,unread
Kuřecí pod mangem (278 kcal),http://hubneme-a-zhubneme.blogspot.cz/2012/12/kureci-pod-mangem-278-kcal.html,1364641809,hlavní jídla,unread
Paleo snickerdoodles sušenky,http://the-beauty-gloss.blogspot.cz/2012/12/paleo-snickernoodles-susenky.html,1364641809,dezerty,unread
Dýňové koblihy,http://www.laskominyodmaryny.cz/2012/12/dynove-koblihy.html,1364641809,dezerty,unread
Tip na dárek: Domácí oříškovo-kokosové máslo,http://delicious-blog-lucie.blogspot.cz/2012/12/tip-na-darek-domaci-oriskovo-kokosove.html,1364641837,pomazánky,unread
Račí polévka s fenyklem,http://www.menudomu.cz/raci-polevka-s-fenyklem/,1364641863,polévky,unread
Hruškovo-pudinkovo-tvarohový pohár (286 kcal),http://hubneme-a-zhubneme.blogspot.cz/2012/12/hruskovo-pudinkovo-tvarohovy-pohar-286.html,1364641863,dezerty,unread
"Sekaná s jablkem, mrkví a červenou řepou",http://martininakuchyne.blogspot.cz/2012/12/sekana-s-jablkem-mrkvi-cervenou-repou.html,1364641863,hlavní jídla,unread
Česnekové fazolky s kuřecími nudličkami a dipem (216 kcal),http://hubneme-a-zhubneme.blogspot.cz/2012/12/cesnekove-fazolky-s-kurecimi-nudlickami.html,1364641863,hlavní jídla,unread
Ovocný ořechový chlebíček,http://kivibloguje.blogspot.cz/2012/12/ovocny-orechovy-chlebicek.html,1364641863,dezerty,unread
Polentové noky s jahodovou omáčkou (274 kcal),http://hubneme-a-zhubneme.blogspot.cz/2012/12/polentove-noky-s-jahodovou-omackou-274.html,1364641869,dezerty|hlavní jídla,unread
Indická paradajkovo-šošovicová polievka,http://anetagoesyummi.blogspot.cz/2012/12/indicka-paradajkovo-sosovicova-polievka.html,1364641869,polévky,unread
Pórkový krém s uzeným lososem,http://delicious-blog-lucie.blogspot.cz/2012/12/porkovy-krem-s-uzenym-lososem.html,1364641869,polévky,unread
Perníková chaloupka,http://catalinapece.blogspot.cz/2012/12/pernikova-chaloupka.html,1364641896,cukroví|vánoce,unread
Torta angelica,http://dorasart.blogspot.cz/2012/12/torta-angelica.html,1364641896,dezerty|vánoce,unread
Čokoládová bábovka. Strašne.,http://foodependence.blogspot.cz/2012/12/cokoladova-babovka-strasne.html,1364641896,dezerty,unread
Smotanove muffiny ako salka kavy,http://adkas-tastyfood.blogspot.cz/2012/12/smotanove-muffiny-ako-salka-kavy.html,1364641896,dezerty,unread
Okarové karbenátky,http://bezkrutosti.blogspot.cz/2012/12/okarove-karbenatky.html,1364641896,hlavní jídla,unread
Mrkvové palačinky s medovým tvarohem (284 kcal),http://hubneme-a-zhubneme.blogspot.cz/2012/12/mrkvove-palacinky-s-medovym-tvarohem.html,1364641896,snídaně,unread
Christmas gingerbread cake,http://www.styleofbecca.com/2012/12/christmas-gingerbread-cake.html,1364641926,dezerty|vánoce,unread
Brownies – mlsání na americký způsob,http://slecna.info/blogy/brownies-mlsani-na-americky-zpusob/,1364641926,dezerty,unread
Měkkounké žitné perníčky,http://zdravejist.blogspot.cz/2012/12/mekkounke-zitne-pernicky.html,1364641926,cukroví,unread
"Fudge z arašídového másla - paleo*, RAW",http://the-beauty-gloss.blogspot.cz/2012/12/fudge-z-arasidoveho-masla-paleo-raw.html,1364641926,dezerty,unread
Trochu leta alebo cacciatora,http://polnekvety.blogspot.cz/2012/12/trochu-leta-alebo-cacciatora.html,1364641926,hlavní jídla,unread
Šafránové risotto s krevetami,http://anetagoesyummi.blogspot.cz/2012/12/safranove-risotto-s-krevetami.html,1364641926,hlavní jídla,unread
Tofulín (nakládané tofu),http://zdravejist.blogspot.cz/2012/12/tofulin-nakladane-tofu.html,1364641952,svačiny a chuťovky,unread
Mrkvové placičky s bramborovou kaší (263 kcal),http://hubneme-a-zhubneme.blogspot.cz/2012/12/mrkvove-placicky-s-bramborovou-kasi-263.html,1364641952,hlavní jídla,unread
Šneci vánoční,http://www.menudomu.cz/sneci-vanocni/,1364641952,svačiny a chuťovky|vánoce,unread
Perníčky,http://www.laskominyodmaryny.cz/2012/12/pernicky.html,1364641952,cukroví,unread
Trochu iný duch Vianoc,http://www.natanieri.sk/trochu-iny-duch-vianoc/,1364641980,svačiny a chuťovky,unread
Ražničí,http://martininakuchyne.blogspot.cz/2012/12/raznici.html,1364641980,hlavní jídla,unread
Vánočka a fejsbůůůk,http://veganotic.blogspot.cz/2012/12/vanocka-fejsbuuuk.html,1364641980,dezerty|vánoce,unread
Špaldová štola s tvarohem,http://delicious-blog-lucie.blogspot.cz/2012/12/spaldova-stola-s-tvarohem.html,1364641980,dezerty|vánoce,unread
Banánovo-pudinkový pohár (290 kcal),http://hubneme-a-zhubneme.blogspot.cz/2012/12/bananovo-pudinkovy-pohar-290-kcal.html,1364641980,dezerty,unread
Recepty Gordona Ramsaye,http://gordon.ura.cz/?p=2097,1364641980,hlavní jídla,unread
Čokoládovo-karamelové vianočné cupcakes,http://anetagoesyummi.blogspot.cz/2012/12/cokoladovo-karamelove-vianocne-cupcakes.html,1364641980,dezerty|vánoce,unread
Česneková kaše se sójou a fazolkami (249 kcal),http://hubneme-a-zhubneme.blogspot.cz/2012/12/cesnekova-kase-se-sojou-fazolkami-249.html,1364641980,hlavní jídla,unread
Paleo dýňové muffiny,http://the-beauty-gloss.blogspot.cz/2012/12/paleo-dynove-muffiny.html,1364642030,dezerty,unread
VIANOČNÉ PEČENIE 2012 - Vanilkové rožky z ovsených vločiek,http://frommarysity.blogspot.cz/2012/12/vianocne-pecenie-2012-vanilkove-rozky-z.html,1364642030,cukroví,unread
VIANOČNÉ PEČENIE 2012 - Citrónové linecké plnené marhuľovým lekvárom s biel,http://frommarysity.blogspot.cz/2012/12/vianocne-pecenie-2012-citronove-linecke.html,1364642030,cukroví,unread
Medové rezy,http://tvorimpreradost.blogspot.cz/2012/12/medove-rezy.html,1364642030,dezerty|vánoce,unread
VIANOČNÉ PEČENIE 2012 - Orieškové makrónky s vôňou škorice,http://frommarysity.blogspot.cz/2012/12/vianocne-pecenie-2012-orieskove.html,1364642030,cukroví|vánoce,unread
Marocký losos s kuskusem,http://cucinare-con-amore.blogspot.cz/2012/12/marocky-losos-s-kuskusem.html,1364642030,hlavní jídla,unread
(titul neznámý),http://unavenavarecka.blogspot.cz/2012/12/na-vanoce-nesmi-chybet-vanocka-vanocka.html,1364642030,dezerty|vánoce,unread
Alobalový oběd :-) (265 kcal),http://hubneme-a-zhubneme.blogspot.cz/2012/12/alobalovy-obed-265-kcal.html,1364642070,hlavní jídla,unread
Tafelspitz,http://www.menudomu.cz/tafelspitz/,1364642070,hlavní jídla,unread
Ricottové palačinky s borůvkami (273 kcal),http://hubneme-a-zhubneme.blogspot.cz/2012/12/ricottove-palacinky-s-boruvkami-273-kcal.html,1364642095,snídaně,unread
Vianočka s marcipánom,http://dorasart.blogspot.cz/2012/12/vianocka-s-marcipanom.html,1364642095,dezerty|vánoce,unread
Smoothie z aronie a jahod,http://cucinare-con-amore.blogspot.cz/2012/12/smoothie-z-aronie-jahod.html,1364642095,snídaně,unread
Chlieb náš každodenný,http://hrncek-var.blogspot.cz/2012/12/chlieb-nas-kazdodenny.html,1364642109,pečivo,unread
Plnene oriesky,http://adkas-tastyfood.blogspot.cz/2012/12/plnene-oriesky.html,1364642109,cukroví|vánoce,unread
Kakaove medove rezy s gastanovou plnkou,http://adkas-tastyfood.blogspot.cz/2012/12/kakaove-medove-rezy-s-gastanovou-plnkou.html,1364642109,dezerty|vánoce,unread
Pistaciove pusinky,http://adkas-tastyfood.blogspot.cz/2012/12/pistaciove-pusinky.html,1364642109,cukroví,unread
Marcipanove bonbony,http://adkas-tastyfood.blogspot.cz/2012/12/marcipanove-bonbony.html,1364642109,cukroví,unread
"Čert, tataki a vianočná torta alias Vianoce po našom",http://www.natanieri.sk/cert-tataki-a-vianocna-torta-alias-vianoce-po-nasom/,1364642131,cukroví|dezerty|vánoce,unread
Puncove rezy,http://adkas-tastyfood.blogspot.cz/2012/12/puncove-rezy.html,1364642143,dezerty,unread
Raw Ravioli,http://veganotic.blogspot.cz/2012/12/raw-ravioli.html,1364642143,silvestr|svačiny a chuťovky,unread
Hrášková kuřecí roláda s kaší (278 kcal),http://hubneme-a-zhubneme.blogspot.cz/2012/12/hraskova-kureci-rolada-s-kasi-278-kcal.html,1364642143,hlavní jídla,unread
Výzva The Daring Bakers: Panettone,http://catalinapece.blogspot.cz/2012/12/vyzva-daring-bakers-panettone.html,1364642143,dezerty|vánoce,unread
Raňajky zo sviatočného stola,http://varimeslaskou.blogspot.cz/2012/12/ranajky-zo-sviatocneho-stola.html,1364642143,snídaně|vánoce,unread
Cizrnové burgery,http://delicious-blog-lucie.blogspot.cz/2012/12/cizrnove-burgery.html,1364642143,hlavní jídla,unread
Kokosove uliky vo vianocnom sate,http://adkas-tastyfood.blogspot.cz/2012/12/kokosove-uliky-vo-vianocnom-sate.html,1364642143,cukroví,unread
Silvestrovské zobky I.,http://www.menudomu.cz/silvestrovske-zobky-i/,1364642170,silvestr|svačiny a chuťovky,unread
Ohnivá bowle a další silvestrovské recepty bez nudy,http://www.vitalia.cz/clanky/silvestrovske-recepty-bez-nudy/#utm_source=rss&utm_medium=text&utm_campaign=rss,1364642170,,unread
Bigos,http://www.laskominyodmaryny.cz/2012/12/bigos.html,1364642170,hlavní jídla,unread
Kuřecí plněné česnekovou polentoi se šťouchaným bramborem (259 kcal),http://hubneme-a-zhubneme.blogspot.cz/2012/12/kureci-plnene-cesnekovou-polentoi-se.html,1364642182,hlavní jídla,unread
Paleo chléb,http://the-beauty-gloss.blogspot.cz/2012/12/paleo-chleb.html,1364642182,pečivo,unread
Vánočka,http://bezkrutosti.blogspot.cz/2012/12/vanocka.html,1364642182,dezerty|vánoce,unread
Bramborovo-jablečný salát se sójovými kostkami (250 kcal),http://hubneme-a-zhubneme.blogspot.cz/2012/12/bramborovo-jablecny-salat-se-sojovymi.html,1364642182,hlavní jídla,unread
Domáca pečeňová paštéta s korením a karamelizovanou cibuľou podľa Dity P.,http://anetagoesyummi.blogspot.cz/2012/12/domaca-pecenova-pasteta-s-korenim.html,1364642182,svačiny a chuťovky,unread
Ovocný punč,http://gurmankalenulka.blogspot.cz/2012/12/ovocny-punc.html,1364642182,nápoje,unread
Včelí úly,http://martininakuchyne.blogspot.cz/2012/12/vceli-uly.html,1364642182,cukroví,unread
Kopřivový koláč s tofu,http://bezkrutosti.blogspot.cz/2012/12/koprivovy-kolac-s-tofu.html,1364642200,hlavní jídla|svačiny a chuťovky,unread
Papriková pomazánka s hermelínem a debrecínkou,http://martininakuchyne.blogspot.cz/2012/12/paprikova-pomazanka-s-hermelinem.html,1364642200,pomazánky,unread
Fantasticky prostřeno - Plomiková polévka ze Star Treku,http://www.fantasyplanet.cz/clanek/fantasticky-prostreno-plomikova-polevka-ze-star-treku,1364642289,polévky,unread
Novoroční čočka,http://bezkrutosti.blogspot.cz/2013/01/novorocni-cocka.html,1364642289,hlavní jídla|silvestr,unread
Cibuľová marmeláda,http://matapecie.blogspot.cz/2013/01/cibulova-marmelada.html,1364642289,"marmelády, zavařování|pomazánky|přílohy",unread
Tak trochu jiná příloha... kapusta,http://delicious-blog-lucie.blogspot.cz/2013/01/tak-trochu-jina-priloha-kapusta.html,1364642289,přílohy,unread
Kávové palačinky (289 kcal),http://hubneme-a-zhubneme.blogspot.cz/2013/01/kavove-palacinky-289-kcal.html,1364642289,snídaně,unread
Pečeňová paštéta so želé z červeného vína,http://matapecie.blogspot.cz/2013/01/pecenova-pasteta-so-zele-z-cerveneho.html,1364642289,pomazánky|svačiny a chuťovky,unread
Salat  ako hodiny,http://adkas-tastyfood.blogspot.cz/2013/01/salat-ako-hodiny.html,1364642321,saláty|silvestr,unread
Plnene novorocne prasiatka,http://adkas-tastyfood.blogspot.cz/2013/01/plnene-novorocne-prasiatka.html,1364642321,silvestr|svačiny a chuťovky,unread
Paleo koláč s 'drobenkou',http://the-beauty-gloss.blogspot.cz/2013/01/paleo-kolac-s-drobenkou.html,1364642321,dezerty,unread
Paleo tousty,http://the-beauty-gloss.blogspot.cz/2013/01/paleo-tousty.html,1364642321,pečivo,unread
Zemiakový chlieb s prímesou špaldovej múky a semienkami,http://varimeslaskou.blogspot.cz/2013/01/zemiakovy-chlieb-so-spaldovou-mukou.html,1364642321,pečivo,unread
Co nevíte o levanduli,http://www.svet-potravin.cz/clanek.aspx?id=3245,1364642321,dezerty,unread
Domácí rybí salát,http://www.menudomu.cz/domaci-rybi-salat/,1364642321,saláty,unread
"Koniec dobrý, všetko dobré",http://www.natanieri.sk/koniec-dobry-vsetko-dobre/,1364642321,dezerty|polévky,unread
Kuřecí kapsa plněná špenátem (278 kcal),http://hubneme-a-zhubneme.blogspot.cz/2013/01/kureci-kapsa-plnena-spenatem-278-kcal.html,1364642321,hlavní jídla,unread
Cheesecake,http://varimeslaskou.blogspot.cz/2013/01/cheesecake.html,1364642321,dezerty,unread
Cuketa plněná tuňákem (261 kcal),http://hubneme-a-zhubneme.blogspot.cz/2013/01/cuketa-plnena-tunakem-261-kcal.html,1364642350,hlavní jídla,unread
Proteinové nepečené kuličky,http://the-beauty-gloss.blogspot.cz/2013/01/proteinove-nepecene-kulicky.html,1364642350,dezerty,unread
Vánoční domácí čokoládové fondue,http://jedlikovo-vareni.blogspot.cz/2013/01/vanocni-domaci-cokoladove-fondue.html,1364642350,dezerty|vánoce,unread
&quot;Nereceptová jídla&quot; - večeře podruhé ;-),http://hubneme-a-zhubneme.blogspot.cz/2013/01/nereceptova-jidla-vecere-podruhe.html,1364642362,hlavní jídla,unread
'Sýrová' omáčka bez sýra,http://the-beauty-gloss.blogspot.cz/2013/01/syrova-omacka-bez-syra.html,1364642362,přílohy,unread
Domácí čokoládové fondue,http://jedlikovo-vareni.blogspot.cz/2013/01/domaci-cokoladove-fondue.html,1364642362,dezerty,unread
Krém ze salka,http://jedlikovo-vareni.blogspot.cz/2013/01/krem-ze-salka_5.html,1364642362,dezerty,unread
Marlenka řezy,http://jedlikovo-vareni.blogspot.cz/2013/01/marlenka-rezy.html,1364642362,dezerty,unread
Dita P. - Zelí pečené s uzeninou,http://martininakuchyne.blogspot.cz/2013/01/dita-p-zeli-pecene-s-uzeninou.html,1364642375,hlavní jídla,unread
Na Tři krále o skok dále...,http://unavenavarecka.blogspot.cz/2013/01/na-tri-krale-o-skok-dale.html,1364642392,dezerty,unread
Skořicové palačinky plněné jablečnou pěnou (274 kcal),http://hubneme-a-zhubneme.blogspot.cz/2013/01/skoricove-palacinky-plnene-jablecnou.html,1364642392,snídaně,unread
Jablečná linecká buchta,http://kivibloguje.blogspot.cz/2013/01/jablecna-linecka-buchta.html,1364642392,dezerty,unread
Chia sušenky s čoko kousky,http://bezkrutosti.blogspot.cz/2013/01/chia-susenky-s-coko-kousky.html,1364642407,dezerty,unread
Pomazánka z uzené makrely,http://jedlikovo-vareni.blogspot.cz/2013/01/pomazanka-z-uzene-makrely-pomazanku-z.html,1364642407,pomazánky,unread
Plněné černé (kakaové) trubičky,http://jedlikovo-vareni.blogspot.cz/2013/01/plnene-cerne-kakaove-trubicky.html,1364642407,cukroví|vánoce,unread
Domácí vanilkové rohlíčky s vlašskými ořechy,http://jedlikovo-vareni.blogspot.cz/2013/01/domaci-vanilkove-rohlicky-s-vlasskymi.html,1364642407,cukroví|vánoce,unread
Domácí vanilkové rohlíčky z lískových oříšků,http://jedlikovo-vareni.blogspot.cz/2013/01/domaci-vanilkove-rohlicky-z-liskovych.html,1364642407,cukroví|vánoce,unread
Spenatovo-sampinonove kocky,http://adkas-tastyfood.blogspot.cz/2013/01/spenatovo-sampinonove-kocky.html,1364642407,silvestr|svačiny a chuťovky,unread
Mandlové vanilkové rohlíčky,http://jedlikovo-vareni.blogspot.cz/2013/01/mandlove-vanilkove-rohlicky.html,1364642432,cukroví|vánoce,unread
Bílkové poleva,http://jedlikovo-vareni.blogspot.cz/2013/01/bilkove-poleva.html,1364642432,cukroví|dezerty|polevy|vánoce,unread
Rychlý jablečný štrůdl,http://jedlikovo-vareni.blogspot.cz/2013/01/rychly-jablecny-strudl.html,1364642432,dezerty,unread
Hamburgery na grilu,http://jedlikovo-vareni.blogspot.cz/2013/01/hamburgery-na-grilu.html,1364642432,hlavní jídla,unread
Bramborovo-cuketovo-sójová směs (262 kcal),http://hubneme-a-zhubneme.blogspot.cz/2013/01/bramborovo-cuketovo-sojova-smes-262-kcal.html,1364642432,hlavní jídla,unread
Medové perníčky,http://jedlikovo-vareni.blogspot.cz/2013/01/medove-pernicky.html,1364642445,cukroví|vánoce,unread
Kokosový Olé pohár,http://jedlikovo-vareni.blogspot.cz/2013/01/kokosovy-ole-pohar.html,1364642445,dezerty,unread
Plněná vejce,http://jedlikovo-vareni.blogspot.cz/2013/01/plnena-vejce.html,1364642445,svačiny a chuťovky|velikonoce,unread
Domácí zázvorový čaj,http://jedlikovo-vareni.blogspot.cz/2013/01/domaci-zazvorovy-caj.html,1364642445,nápoje,unread
Kuřecí kousky na kari,http://jedlikovo-vareni.blogspot.cz/2013/01/kureci-kousky-na-kari.html,1364642445,hlavní jídla,unread
Čokoládové domácí pralinky,http://jedlikovo-vareni.blogspot.cz/2013/01/cokoladove-domaci-pralinky.html,1364642445,dezerty,unread
Vepřová panenka na žampionech,http://jedlikovo-vareni.blogspot.cz/2013/01/veprova-panenka-na-zampionech.html,1364642445,hlavní jídla,unread
Banánovo- jablečný závin,http://jedlikovo-vareni.blogspot.cz/2013/01/bananovo-jablecny-zavin.html,1364642445,dezerty,unread
Jahodové řezy,http://jedlikovo-vareni.blogspot.cz/2013/01/jahodove-rezy.html,1364642484,dezerty,unread
Obalované řízky &quot;paprikáče&quot;,http://jedlikovo-vareni.blogspot.cz/2013/01/obalovane-rizky-paprikace.html,1364642484,hlavní jídla,unread
Horký jablečný kompot,http://jedlikovo-vareni.blogspot.cz/2013/01/horky-jablecny-kompot.html,1364642484,dezerty|přílohy|svačiny a chuťovky,unread
Rychlý horký švestkový kompot,http://jedlikovo-vareni.blogspot.cz/2013/01/rychly-horky-svestkovy-kompot.html,1364642484,dezerty|přílohy|svačiny a chuťovky,unread
Křehké kuřecí kousky,http://jedlikovo-vareni.blogspot.cz/2013/01/krehke-kureci-kousky.html,1364642484,hlavní jídla,unread
Švestky balené v anglické slanině,http://jedlikovo-vareni.blogspot.cz/2013/01/svestky-balene-v-anglicke-slanine_7.html,1364642484,svačiny a chuťovky,unread
Červená čočka s uzeným masem,http://jedlikovo-vareni.blogspot.cz/2013/01/cervena-cocka-s-uzenym-masem.html,1364642484,hlavní jídla,unread
Zatloukané řízky,http://jedlikovo-vareni.blogspot.cz/2013/01/zatloukane-rizky_7.html,1364642484,hlavní jídla,unread
Bramborová bábovka s mletým masem,http://jedlikovo-vareni.blogspot.cz/2013/01/bramborova-babovka-s-mletym-masem.html,1364642485,hlavní jídla|svačiny a chuťovky,unread
Rychlý zeleninový salát,http://jedlikovo-vareni.blogspot.cz/2013/01/rychly-zeleninovy-salat.html,1364642485,saláty,unread
Vitamínový mrkvovo - pomerančový salát,http://jedlikovo-vareni.blogspot.cz/2013/01/vitaminovy-mrkvovo-pomerancovy-salat.html,1364642485,saláty,unread
Dort Florida,http://jedlikovo-vareni.blogspot.cz/2013/01/dort-florida.html,1364642485,dezerty,unread
Pomazánka z avokáda,http://jedlikovo-vareni.blogspot.cz/2013/01/pomazanka-z-avokada.html,1364642512,pomazánky,unread
Kuřecí &quot;peper steak&quot;,http://jedlikovo-vareni.blogspot.cz/2013/01/kureci-peper-steak.html,1364642512,hlavní jídla,unread
Kuřecí plátky s bylinkovým máslem,http://jedlikovo-vareni.blogspot.cz/2013/01/kureci-platky-s-bylinkovym-maslem.html,1364642512,hlavní jídla,unread
Bylinkové máslo,http://jedlikovo-vareni.blogspot.cz/2013/01/bylinkove-maslo.html,1364642512,pomazánky|přílohy,unread
Plněné pariky,http://jedlikovo-vareni.blogspot.cz/2013/01/plnene-pariky.html,1364642512,hlavní jídla,unread
Cuketové řízky,http://jedlikovo-vareni.blogspot.cz/2013/01/cuketove-rizky.html,1364642512,hlavní jídla,unread
Pstruh na másle,http://jedlikovo-vareni.blogspot.cz/2013/01/pstruh-na-masle_7.html,1364642512,hlavní jídla,unread
Pudinkové čtverečky z listového těsta,http://jedlikovo-vareni.blogspot.cz/2013/01/pudinkove-ctverecky-z-listoveho-testa.html,1364642524,dezerty,unread
Rýžové nudle s hráškem a masovými kousky,http://jedlikovo-vareni.blogspot.cz/2013/01/ryzove-nudle-s-hraskem-masovymi-kousky.html,1364642524,hlavní jídla,unread
Sýrový pizza koláč,http://jedlikovo-vareni.blogspot.cz/2013/01/syrovy-pizza-kolac.html,1364642524,hlavní jídla|svačiny a chuťovky,unread
Plněné žampiony,http://jedlikovo-vareni.blogspot.cz/2013/01/plnene-zampiony.html,1364642524,hlavní jídla,unread
Domácí bagety,http://jedlikovo-vareni.blogspot.cz/2013/01/domaci-bagety.html,1364642524,pečivo,unread
Ananas v těstíčku,http://jedlikovo-vareni.blogspot.cz/2013/01/ananas-v-testicku.html,1364642524,dezerty,unread
Muffiny s anglickou slaninou,http://jedlikovo-vareni.blogspot.cz/2013/01/muffiny-s-anglickou-slaninou.html,1364642524,svačiny a chuťovky,unread
Mřížkový koláč,http://jedlikovo-vareni.blogspot.cz/2013/01/mrizkovy-kolac.html,1364642562,dezerty,unread
Křupavá kuřecí stehýnka,http://jedlikovo-vareni.blogspot.cz/2013/01/krupava-kureci-stehynka.html,1364642562,hlavní jídla,unread
Karbanátky alias  domácí vinná klobása,http://jedlikovo-vareni.blogspot.cz/2013/01/karbanatky-alias-domaci-vinna-klobasa.html,1364642562,hlavní jídla,unread
Domácí horký zázvorový čaj,http://jedlikovo-vareni.blogspot.cz/2013/01/domaci-horky-zazvorovy-caj.html,1364642562,nápoje,unread
Polentová kaše s jablečným tvarohem (286 kcal),http://hubneme-a-zhubneme.blogspot.cz/2013/01/polentova-kase-s-jablecnym-tvarohem-286_8.html,1364642562,snídaně,unread
Thajský tempeh s koriandrem,http://veganotic.blogspot.cz/2013/01/thajsky-tempeh-s-koriandrem.html,1364642562,hlavní jídla,unread
Paleo muffiny,http://the-beauty-gloss.blogspot.cz/2013/01/paleo-muffiny.html,1364642598,dezerty,unread
Ratatouille,http://www.menudomu.cz/ratatouille/,1364642598,hlavní jídla|přílohy,unread
Cheesecake - brownies s malinami,http://sasulka.blogspot.cz/2013/01/cheesecake-brownies-s-malinami.html,1364642598,dezerty,unread
Kiwi smoothie,http://delicious-blog-lucie.blogspot.cz/2013/01/kiwi-smoothie.html,1364642598,snídaně,unread
Luxusní zapečené palačinky s jahodovým tvarohem (284 kcal),http://hubneme-a-zhubneme.blogspot.cz/2013/01/luxusni-zapecene-palacinky-s-jahodovym.html,1364642598,snídaně,unread
Nakládaná vepřová kotleta,http://jedlikovo-vareni.blogspot.cz/2013/01/nakladana-veprova-kotleta.html,1364642598,hlavní jídla,unread
Jablkové koláčiky - tartaletky,http://somktosom.blogspot.cz/2013/01/jablkove-kolaciky-tartaletky.html,1364642598,dezerty,unread
Quiche Lorraine,http://crustycorner.blogspot.cz/2013/01/quiche-lorraine.html,1364642631,hlavní jídla,unread
Dokonalá snídaně se špaldovo-ovesnou palačinkou,http://fitnessgirl-lifestyle.blogspot.cz/2013/01/dokonala-snidane-se-spaldovo-ovesnou.html,1364642631,snídaně,unread
Sójové kostky alá mexico s kuskusem (268 kcal),http://hubneme-a-zhubneme.blogspot.cz/2013/01/sojove-kostky-ala-mexico-s-kuskusem-268.html,1364642631,hlavní jídla,unread
Zimná narodeninová torta,http://biba-mylittleworld.blogspot.cz/2013/01/zimna-narodeninova-torta.html,1364642631,dezerty,unread
Jahodový pohár s vločkovým pudinkem a jogurtem (270 kcal),http://hubneme-a-zhubneme.blogspot.cz/2013/01/jahodovy-pohar-s-vlockovym-pudinkem.html,1364642631,dezerty,unread
Žitná bábovka s jablky a mrkví,http://kivibloguje.blogspot.cz/2013/01/zitna-babovka-s-jablky-mrkvi.html,1364642631,dezerty,unread
Blondies plný protikladov!,http://frommarysity.blogspot.cz/2013/01/blondies-plny-protikladov.html,1364642631,dezerty,unread
Zapečná fregola sarda,http://www.menudomu.cz/zapecna-fregola-sarda/,1364642631,hlavní jídla,unread
Buchta s ořechovou drobenkou,http://vypecenyden.blogspot.cz/2013/01/buchta-s-orechovou-drobenkou.html,1364642631,dezerty,unread
Carrot cake,http://delicious-blog-lucie.blogspot.cz/2013/01/carrot-cake.html,1364642664,dezerty,unread
Domácí pomerančová marmeláda,http://jedlikovo-vareni.blogspot.cz/2013/01/domaci-pomerancova-marmelada.html,1364642664,"marmelády, zavařování",unread
Doma upečený chlieb.,http://foodependence.blogspot.cz/2013/01/doma-upeceny-chlieb.html,1364642664,pečivo,unread
Bezlepkové sušenky z rýžové mouky,http://bezkrutosti.blogspot.cz/2013/01/bezlepkove-susenky-z-ryzove-mouky.html,1364642664,dezerty,unread
"Sexi predjedlo: Údený losos s červenou repou, chrenovým cottage cheesom a k",http://anetagoesyummi.blogspot.cz/2013/01/sexi-predjedlo-udeny-losos-s-cervenou.html,1364642664,svačiny a chuťovky,unread
Kokosky,http://vypecenyden.blogspot.cz/2013/01/kokosky.html,1364642664,cukroví|vánoce,unread
Malý čokoládový dortík,http://unavenavarecka.blogspot.cz/2013/01/maly-cokoladovy-dortik.html,1364642665,dezerty,unread
Palačinky bez mouky s jahodovou pěnou (271 kcal),http://hubneme-a-zhubneme.blogspot.cz/2013/01/palacinky-bez-mouky-s-jahodovou-penou.html,1364642700,snídaně,unread
Tvarohové dortíčky (242 kcal),http://hubneme-a-zhubneme.blogspot.cz/2013/01/tvarohove-dorticky-242-kcal.html,1364642700,dezerty,unread
Bazalkové kuřecí s bramborovými plackami (267 kcal),http://hubneme-a-zhubneme.blogspot.cz/2013/01/bazalkove-kureci-s-bramborovymi.html,1364642700,hlavní jídla,unread
Jemná paštéta s mandľami,http://varimeslaskou.blogspot.cz/2013/01/jemna-pasteta-s-mandlami.html,1364642700,svačiny a chuťovky,unread
Kuře kari s jablky,http://martininakuchyne.blogspot.cz/2013/01/kure-kari-s-jablky.html,1364642700,hlavní jídla,unread
Rychlá domácí paštika z drůbežích jater,http://jedlikovo-vareni.blogspot.cz/2013/01/rychla-domaci-pastika-z-drubezich-jater.html,1364642734,pomazánky|svačiny a chuťovky,unread
Pórková polévka,http://zdravejist.blogspot.cz/2013/01/porkova-polevka.html,1364642734,polévky,unread
Domácí müsli,http://crustycorner.blogspot.cz/2013/01/domaci-musli.html,1364642734,snídaně,unread
Tekvicová polievka so zázvorom a kokosovým mliekom,http://littlecookingdiary.blogspot.cz/2013/01/tekvicova-polievka-so-zazvorom.html,1364642734,polévky,unread
Jablkové muffiny s javorovým sirupom a voňavou škoricovou čiapočkou,http://frommarysity.blogspot.cz/2013/01/jablkove-muffiny-s-javorovym-sirupom.html,1364642734,dezerty,unread
Pečený hermelín v alobalu,http://martininakuchyne.blogspot.cz/2013/01/peceny-hermelin-v-alobalu_17.html,1364642734,hlavní jídla|svačiny a chuťovky,unread
Slimákový koláč,http://tvorimpreradost.blogspot.cz/2013/01/slimakovy-kolac.html,1364642734,dezerty,unread
Rozmarýnové kuře s pečenou zeleninou,http://cucinare-con-amore.blogspot.cz/2013/01/rozmarynove-kure-s-pecenou-zeleninou.html,1364642738,hlavní jídla,unread
Galettes: slané palačinky,http://tomichutna.cz/galettes-slane-palacinky,1364642738,hlavní jídla|snídaně|svačiny a chuťovky,unread
Vegan perník,http://zdravejist.blogspot.cz/2013/01/vegan-pernik.html,1364642781,dezerty,unread
Zapečené palačinky s banánem (270 kcal),http://hubneme-a-zhubneme.blogspot.cz/2013/01/zapecene-palacinky-s-bananem-270-kcal.html,1364642781,snídaně,unread
Paleo lívanečky,http://the-beauty-gloss.blogspot.cz/2013/01/paleo-livanecky.html,1364642781,snídaně,unread
Pastierský koláč,http://biba-mylittleworld.blogspot.cz/2013/01/pastiersky-kolac.html,1364642781,hlavní jídla,unread
Vařím s Albert magazínem: Zeleninové kari,http://fitnessgirl-lifestyle.blogspot.cz/2013/01/varim-s-albert-magazinem-zeleninove-kari.html,1364642781,hlavní jídla,unread
Kari sójové kostky s žampiony a hráškem (268 kcal),http://hubneme-a-zhubneme.blogspot.cz/2013/01/kari-sojove-kostky-s-zampiony-hraskem.html,1364642781,hlavní jídla,unread
Jarní závitky!,http://dhealthytrack.blogspot.cz/2013/01/jarni-zavitky.html,1364642781,hlavní jídla|svačiny a chuťovky,unread
Bábovka s vaječným likérom,http://somktosom.blogspot.cz/2013/01/babovka-s-vajecnym-likerom.html,1364642781,dezerty,unread
Palelo tahini sušenky,http://the-beauty-gloss.blogspot.cz/2013/01/palelo-tahini-susenky.html,1364642781,dezerty,unread
Borůvkové MEGA muffiny,http://drobecky.blogspot.cz/2013/01/boruvkove-mega-muffiny.html,1364642828,dezerty,unread
Fašiangové šišky,http://adkas-tastyfood.blogspot.cz/2013/01/fasiangove-sisky.html,1364642828,dezerty,unread
Sbohem Modré Pondělí,http://veganotic.blogspot.cz/2013/01/sbohem-modre-pondeli.html,1364642828,snídaně,unread
Banánovo-jablečné placky (262 kcal),http://hubneme-a-zhubneme.blogspot.cz/2013/01/bananovo-jablecne-placky-262-kcal.html,1364642828,dezerty,unread
Donutky bez kysnutia,http://matapecie.blogspot.cz/2013/01/donutky-bez-kysnutia.html,1364642828,dezerty,unread
Pohankové lívanečky s javorovým sirupem,http://bezkrutosti.blogspot.cz/2013/01/pohankove-livanecky-s-javorovym-sirupem.html,1364642828,snídaně,unread
Teplý cviklový šalát,http://matapecie.blogspot.cz/2013/01/teply-cviklovy-salat.html,1364642828,saláty,unread
"Tvaroh, tvaroh, tvaroh!",http://fitnessgirl-lifestyle.blogspot.cz/2013/01/tvaroh-tvaroh-tvaroh.html,1364642828,svačiny a chuťovky,unread
Paleo brownies,http://the-beauty-gloss.blogspot.cz/2013/01/paleo-brownies.html,1364642828,dezerty,unread
Salat z krabich tyciniek - lahodny,http://adkas-tastyfood.blogspot.cz/2013/01/salat-z-krabich-tyciniek-lahodny.html,1364642828,saláty,unread
Karamelovo-penova  torta,http://adkas-tastyfood.blogspot.cz/2013/01/karamelovo-penova-torta.html,1364642828,dezerty,unread
&quot;Nereceptová jídla&quot; - svačinky potřetí ;-),http://hubneme-a-zhubneme.blogspot.cz/2013/01/nereceptova-jidla-svacinky-potreti.html,1364642828,svačiny a chuťovky,unread
Paleo nadýchané sušenky,http://the-beauty-gloss.blogspot.cz/2013/01/paleo-nadychane-susenky.html,1364642830,dezerty,unread
Brownies s arašídovým máslem bez mouky,http://the-beauty-gloss.blogspot.cz/2013/01/brownies-s-arasidovym-maslem-bez-mouky.html,1364642866,dezerty,unread
Špenátový koláč,http://kivibloguje.blogspot.cz/2013/01/spenatovy-kolac.html,1364642866,hlavní jídla|svačiny a chuťovky,unread
Food Inspiration XXII.,http://fitnessgirl-lifestyle.blogspot.cz/2013/01/food-inspiration-xxii.html,1364642866,dezerty|hlavní jídla|polévky|snídaně|svačiny a chuťovky,unread
Limetkové sušenky,http://crustycorner.blogspot.cz/2013/01/limetkove-susenky.html,1364642866,dezerty,unread
Domácí knackebroty,http://delicious-blog-lucie.blogspot.cz/2013/01/domaci-knackebroty.html,1364642866,pečivo,unread
Kuřecí kostky s cibulovou omáčkou (274 kcal),http://hubneme-a-zhubneme.blogspot.cz/2013/01/kureci-kostky-s-cibulovou-omackou-274.html,1364642866,hlavní jídla,unread
Kuracia pečeň na víne so zemiakovým pyré/kašou s príchuťou horčice,http://frommarysity.blogspot.cz/2013/01/kuracia-pecen-na-vine-so-zemiakovym.html,1364642866,hlavní jídla,unread
Sušenky pro milovníky arašídového másla - 3 ingredience!,http://the-beauty-gloss.blogspot.cz/2013/01/susenky-pro-milovniky-arasidoveho-masla.html,1364642909,dezerty,unread
Domácí vanilkový extrakt,http://sasulka.blogspot.cz/2013/01/domaci-vanilkovy-extrakt.html,1364642909,"dezerty|marmelády, zavařování",unread
Bramboračka,http://www.menudomu.cz/bramboracka/,1364642909,polévky,unread
Vločkovo-jablečný nákyp s tvarohem (278 kcal),http://hubneme-a-zhubneme.blogspot.cz/2013/01/vlockovo-jablecny-nakyp-s-tvarohem-278.html,1364642909,dezerty,unread
Paleo boloňská omáčka,http://the-beauty-gloss.blogspot.cz/2013/01/paleo-bolonska-omacka.html,1364642909,hlavní jídla,unread
Fánky s mrkvovo - pamarančovým čatní,http://varimeslaskou.blogspot.cz/2013/01/fanky-s-mrkvovo-pamarancovym-catni.html,1364642909,dezerty,unread
Pomazánka z červené řepy,http://delicious-blog-lucie.blogspot.cz/2013/01/pomazanka-z-cervene-repy.html,1364642909,pomazánky,unread
Ovesné sušenky s fíkovou náplní,http://vypecenyden.blogspot.cz/2013/01/ovesne-susenky-s-fikovou-naplni.html,1364642909,dezerty,unread
Snídaňový speciál,http://sasulka.blogspot.cz/2013/01/snidanovy-special.html,1364642909,snídaně,unread
Salát z červené řepy,http://martininakuchyne.blogspot.cz/2013/01/salat-z-cervene-repy.html,1364642910,saláty,unread
Boží milosti podle naší stařenky,http://www.laskominyodmaryny.cz/2013/01/bozi-milosti-podle-nasi-starenky_25.html,1364642948,dezerty,unread
Gangnam style,http://www.natanieri.sk/gangnam-style/,1364642948,hlavní jídla,unread
Banánovo-kokosové lívance,http://delicious-blog-lucie.blogspot.cz/2013/01/bananovo-kokosove-livance.html,1364642948,snídaně,unread
Bezvaječné banánové lívance (284 kcal),http://hubneme-a-zhubneme.blogspot.cz/2013/01/bezvajecne-bananove-livance-284-kcal.html,1364642948,snídaně,unread
Paleo čokoládové proteinové sušenky,http://the-beauty-gloss.blogspot.cz/2013/01/paleo-cokoladove-proteinove-susenky.html,1364642948,dezerty,unread
Římský květák,http://unavenavarecka.blogspot.cz/2013/01/rimsky-kvetak.html,1364642948,přílohy,unread
Ovesná kaše alá carrot cake,http://delicious-blog-lucie.blogspot.cz/2013/01/ovesna-kase-ala-carrot-cake.html,1364642948,snídaně,unread
Kuřecí s polentovou krustou a bramborovo-hráškovou kaší (288 kcal),http://hubneme-a-zhubneme.blogspot.cz/2013/01/kureci-s-polentovou-krustou-bramborovo.html,1364642948,hlavní jídla,unread
"The Daring Bakers' January, 2013 Challenge: GEVULDE SPECULAAS",http://martininakuchyne.blogspot.cz/2013/01/the-daring-bakers-january-2013.html,1364642948,dezerty,unread
Losos s mandlovou krustou a ''bramborovou'' kaší,http://the-beauty-gloss.blogspot.cz/2013/01/losos-s-mandlovou-krustou-bramborovou.html,1364642986,hlavní jídla,unread
Kváskové dalamánky,http://varimeslaskou.blogspot.cz/2013/01/kvaskove-dalamanky.html,1364642986,pečivo,unread
Strakatá buchta,http://kivibloguje.blogspot.cz/2013/01/strakata-buchta.html,1364642986,dezerty,unread
Kakaové muffiny,http://tvorimpreradost.blogspot.cz/2013/01/kakaove-muffiny.html,1364643020,dezerty,unread
Mandľové muffiny s čokoládou,http://tvorimpreradost.blogspot.cz/2013/01/mandlove-muffiny-s-cokoladou.html,1364643020,dezerty,unread
The Daring Bakers Challenge - Gevulde Speculaas,http://vypecenyden.blogspot.cz/2013/01/the-daring-bakers-challenge-gevulde.html,1364643020,dezerty,unread
Koláč s červenou řepou a kozím sýrem,http://delicious-blog-lucie.blogspot.cz/2013/01/kolac-s-cervenou-repou-kozim-syrem.html,1364643020,hlavní jídla,unread
Kynutí šneci a bábovka,http://martininakuchyne.blogspot.cz/2013/01/kynuti-sneci-babovka.html,1364643020,dezerty,unread
Houbová omáčka,http://veganotic.blogspot.cz/2013/01/houbova-omacka.html,1364643020,hlavní jídla,unread
Jablečno-jahodovo-tvarohový nákyp (279 kcal),http://hubneme-a-zhubneme.blogspot.cz/2013/01/jablecno-jahodovo-tvarohovy-nakyp-279.html,1364643020,dezerty,unread
Paleo chlebový puding,http://the-beauty-gloss.blogspot.cz/2013/01/paleo-chlebovy-puding.html,1364643020,dezerty,unread
Tip na rychlé pečení - TVAROHOVÁ BÁBOVKA,http://janaathome.blogspot.cz/2013/01/tip-na-rychle-peceni-tvarohova-babovka.html,1364643037,dezerty,unread
"Peču, vařím, tvořím podle blogerek a čtenářek :)",http://fitnessgirl-lifestyle.blogspot.cz/2013/01/pecu-varim-tvorim-podle-blogerek.html,1364643037,"dezerty|marmelády, zavařování|snídaně",unread
Tarallucci,http://unavenavarecka.blogspot.cz/2013/01/tarallucci.html,1364643037,pečivo|svačiny a chuťovky,unread
Palačinky plněné špenátem (284 kcal),http://hubneme-a-zhubneme.blogspot.cz/2013/01/palacinky-plnene-spenatem-284-kcal.html,1364643038,hlavní jídla|snídaně,unread
Čokoládový shortbread,http://www.laskominyodmaryny.cz/2013/02/cokoladovy-shortbread.html,1364643122,dezerty,unread
Jablečný trhanec (271 kcal),http://hubneme-a-zhubneme.blogspot.cz/2013/02/jablecny-trhanec-271-kcal.html,1364643122,dezerty,unread
Skinny dinners 1,http://varimeslaskou.blogspot.cz/2013/02/skinny-dinners-1.html,1364643122,hlavní jídla,unread
Jablečný chlebíček,http://delicious-blog-lucie.blogspot.cz/2013/02/jablecny-chlebicek.html,1364643151,dezerty,unread
V zajatí zimy a tepla domova (2),http://hrncek-var.blogspot.cz/2013/02/v-zajati-zimy-tepla-domova-2.html,1364643151,dezerty,unread
Sweettoothday: lemon meringue pie &amp; nový podnos,http://dulique.blogspot.cz/2013/02/sweettoothday-lemon-meringue-pie-novy.html,1364643151,dezerty,unread
Zeleninová polenta s kuřecím plátkem (270 kcal),http://hubneme-a-zhubneme.blogspot.cz/2013/02/zeleninova-polenta-s-kurecim-platkem.html,1364643151,hlavní jídla,unread
salát Barbra,http://www.menudomu.cz/salat-barbra/,1364643151,saláty,unread
Losos s Dijonskou omáčkou a česnekovo - máslovou strouhankou,http://crustycorner.blogspot.cz/2013/02/losos-s-dijonskou-omackou-cesnekovo.html,1364643173,hlavní jídla,unread
Šišky (špaldové aj tradičné),http://varimeslaskou.blogspot.cz/2013/02/sisky-spaldove-aj-tradicne.html,1364643173,dezerty,unread
Rumový koláč,http://polnekvety.blogspot.cz/2013/02/rumovy-kolac.html,1364643173,dezerty,unread
Chleboví šneci se zeleninovou náplní,http://cucinare-con-amore.blogspot.cz/2013/02/chlebovi-sneci-se-zeleninovou-naplni.html,1364643173,svačiny a chuťovky,unread
Tak trochu klobásový cassoulet podle Jamieho,http://cuisinebyklarish.blogspot.cz/2013/02/tak-trochu-klobasovy-cassoulet-podle.html,1364643173,hlavní jídla,unread
Krémová cibulačka s kozími toustíky,http://delicious-blog-lucie.blogspot.cz/2013/02/kremova-cibulacka-s-kozimi-toustiky.html,1364643173,polévky,unread
Zázvorová limonáda podle Jamieho Olivera,http://cuisinebyklarish.blogspot.cz/2013/02/zazvorova-limonada-podle-jamieho-olivera.html,1364643173,nápoje,unread
TARTE TATIN a neděle ...,http://janaathome.blogspot.cz/2013/02/tarte-tatin-nedele.html,1364643173,dezerty,unread
Čokoládový cheesecake,http://veganotic.blogspot.cz/2013/02/cokoladovy-cheesecake.html,1364643182,dezerty,unread
Paleo oříškový páj,http://the-beauty-gloss.blogspot.cz/2013/02/paleo-oriskovy-paj.html,1364643182,dezerty,unread
Seitanová rolka plněná houbami,http://bezkrutosti.blogspot.cz/2013/02/seitanova-rolka-plnena-houbami.html,1364643182,hlavní jídla,unread
"Kokosové měkoučké kuličky - RAW, paleo",http://the-beauty-gloss.blogspot.cz/2013/02/kokosove-mekoucke-kulicky-raw-paleo.html,1364643218,dezerty,unread
KRÁLOVSKÉ SNÍDÁNÍ - HLASOVÁNÍ,http://fitnessgirl-lifestyle.blogspot.cz/2013/02/kralovske-snidani-hlasovani.html,1364643218,snídaně,unread
Frgál,http://luciedvorakova.blogspot.cz/2013/02/frgal.html,1364643218,dezerty,unread
Zeleninové karbanátky,http://cuisinebyklarish.blogspot.cz/2013/02/zeleninove-karbanatky.html,1364643218,hlavní jídla,unread
Sacher-Faschingskrapfen čili koblihy podle Sachera,http://www.laskominyodmaryny.cz/2013/02/sacher-faschingskrapfen-cili-koblihy.html,1364643218,dezerty,unread
Jablečno-ovesné pečené placičky (281 kcal),http://hubneme-a-zhubneme.blogspot.cz/2013/02/jablecno-ovesne-pecene-placicky-281-kcal.html,1364643218,dezerty,unread
Green smoothie,http://delicious-blog-lucie.blogspot.cz/2013/02/green-smoothie.html,1364643218,snídaně,unread
Žampiony s volským okem (274 kcal),http://hubneme-a-zhubneme.blogspot.cz/2013/02/zampiony-s-volskym-okem-274-kcal.html,1364643218,hlavní jídla,unread
Celozrnné koláčky s tvarohem a povidly,http://kivibloguje.blogspot.cz/2013/02/celozrnne-kolacky-s-tvarohem-povidly.html,1364643218,dezerty,unread
Kaštany koblížkovité,http://cuocadolce.blogspot.cz/2013/02/kastany-koblizkovite.html,1364643218,dezerty,unread
Jemná krupička s banánem (293 kcal),http://hubneme-a-zhubneme.blogspot.cz/2013/02/jemna-krupicka-s-bananem-293-kcal.html,1364643218,snídaně,unread
Čočko-rajčatová polévka,http://cuisinebyklarish.blogspot.cz/2013/02/cocko-rajcatova-polevka.html,1364643221,polévky,unread
Domácí LARABARS,http://delicious-blog-lucie.blogspot.cz/2013/02/domaci-larabars.html,1364643256,snídaně,unread
Šafranové krevety s quinoa - SKINNY DINNER 7,http://varimeslaskou.blogspot.cz/2013/02/safranove-krevety-s-quinoa-skinny.html,1364643256,hlavní jídla,unread
Fánky,http://tvorimpreradost.blogspot.cz/2013/02/fanky.html,1364643256,dezerty,unread
Citronový dort,http://gurmankalenulka.blogspot.cz/2013/02/citronovy-dort.html,1364643256,dezerty,unread
Bramborové placky,http://www.menudomu.cz/bramborove-placky/,1364643256,přílohy,unread
100% celozrnný špaldový chléb s vlašskými ořechy,http://delicious-blog-lucie.blogspot.cz/2013/02/100-celozrnny-spaldovy-chleb-s.html,1364643268,pečivo,unread
Paleo dýňová granola,http://the-beauty-gloss.blogspot.cz/2013/02/paleo-dynova-granola.html,1364643268,snídaně,unread
"Tekvicové cestoviny so šalviou, mascarpone a chilli",http://lucylovetobake.blogspot.cz/2013/02/tekvicove-cestoviny-so-salviou.html,1364643268,hlavní jídla,unread
Plněný bramborák,http://jedlikovo-vareni.blogspot.cz/2013/02/plneny-bramborak.html,1364643268,hlavní jídla,unread
Francouzské masopustní koblihy,http://crustycorner.blogspot.cz/2013/02/francouzske-masopustni-koblihy.html,1364643268,dezerty,unread
Benátky a karneval... Carnevale di Venezia,http://unavenavarecka.blogspot.cz/2013/02/benatky-karneval-carnevale-di-venezia.html,1364643268,dezerty,unread
Aktuální snídaňový favorit,http://fitnessgirl-lifestyle.blogspot.cz/2013/02/aktualni-snidanovy-favorit.html,1364643308,snídaně,unread
Vanilková mléčná rýže,http://www.laskominyodmaryny.cz/2013/02/vanilkova-mlecna-ryze.html,1364643308,dezerty,unread
Lívanečky z jogurtového mléka s čoko-jahodovou omáčkou (283 kcal),http://hubneme-a-zhubneme.blogspot.cz/2013/02/livanecky-z-jogurtoveho-mleka-s-coko.html,1364643308,snídaně,unread
Tip na snídani - francouzský toust,http://delicious-blog-lucie.blogspot.cz/2013/02/tip-na-snidani-francouzsky-toust.html,1364643308,snídaně,unread
KAŠE Z ČERVENÉ ČOČKY A MRKVE,http://eat-withlove.blogspot.cz/2013/02/kase-z-cervene-cocky-mrkve.html,1364643308,hlavní jídla,unread
Red velvet Cake po česku,http://slecna.info/blogy/red-velvet-cake-po-cesku/,1364643308,dezerty,unread
CHILLI CON CARNE,http://eat-withlove.blogspot.cz/2013/02/chilli-con-carne.html,1364643308,hlavní jídla,unread
Croissant s domácim grepovo-zázvorovým krémom. Nie je nad príjemnú zmenu,http://www.foodissimo.eu/2013/02/08/croissant-s-domacim-grepovo-zazvorovym-kremom-nie-je-nad-prijemnu-zmenu/,1364643344,"marmelády, zavařování|pomazánky|snídaně",unread
Vyzdobené čokoládky,http://biba-mylittleworld.blogspot.cz/2013/02/vyzdobene-cokoladky.html,1364643344,dezerty|valentýn,unread
Lievance s kváskom,http://varimeslaskou.blogspot.cz/2013/02/lievance-s-kvaskom.html,1364643344,snídaně,unread
Faworki – polské Boží milosti,http://www.laskominyodmaryny.cz/2013/02/faworki-polske-bozi-milosti.html,1364643344,dezerty,unread
"ČOKO JÁHLOVÁ KAŠE S BANÁNEM, OŘECHY A KOKOSEM",http://eat-withlove.blogspot.cz/2013/02/coko-jahlova-kase-s-bananem-orechy.html,1364643344,snídaně,unread
Citrónové kuřecí s pečeným bramborem a jogurtovým dipem (266 kcal),http://hubneme-a-zhubneme.blogspot.cz/2013/02/citronove-kureci-s-pecenym-bramborem.html,1364643344,hlavní jídla,unread
Boloňská pizza s hlívou a muffiny jako dezert,http://bezkrutosti.blogspot.cz/2013/02/bolonska-pizza-s-hlivou.html,1364643344,hlavní jídla,unread
Paleo brownie do hrnečku,http://the-beauty-gloss.blogspot.cz/2013/02/paleo-brownie-do-hrnecku.html,1364643344,dezerty,unread
Semlor – skandinávské masopustní bulky,http://www.laskominyodmaryny.cz/2013/02/semlor-skandinavske-masopustni-bulky.html,1364643344,dezerty,unread
Bryndzove pirohy,http://adkas-tastyfood.blogspot.cz/2013/02/bryndzove-pirohy.html,1364643348,hlavní jídla,unread
Karnevalové cukroví...  Castagnole,http://unavenavarecka.blogspot.cz/2013/02/karnevalove-cukrovi-castagnole.html,1364643348,dezerty,unread
Kokosovo-mrkvovo-jablečné mini muffiny,http://drobecky.blogspot.cz/2013/02/kokosovo-mrkvovo-jablecne-mini-muffiny.html,1364643382,dezerty,unread
Kaše s ovocem pod tvarohem (288 kcal),http://hubneme-a-zhubneme.blogspot.cz/2013/02/kase-s-ovocem-pod-tvarohem-288-kcal.html,1364643382,snídaně,unread
"Karamelová pavlova s karamelizovanými orieškami (taká úžasná, že som ju ani",http://anetagoesyummi.blogspot.cz/2013/02/karamelova-pavlova-s-karamelizovanymi.html,1364643382,dezerty,unread
Valentýnské menu: Studený předkrm,http://www.menudomu.cz/valentynske-menu-studeny-predkrm/,1364643382,svačiny a chuťovky|valentýn,unread
Čokoládový sladký krém... Sanguinaccio,http://unavenavarecka.blogspot.cz/2013/02/cokoladovy-sladky-krem-sanguinaccio.html,1364643382,dezerty,unread
"POLENTA S AVOKÁDEM, RAJČATY A VEJCEM",http://eat-withlove.blogspot.cz/2013/02/polenta-s-avokadem-rajcaty-vejcem.html,1364643382,hlavní jídla,unread
Eskimo rezy,http://adkas-tastyfood.blogspot.cz/2013/02/eskimo-rezy.html,1364643383,dezerty,unread
OVESNÁ KAŠE S NEOBVYKLÝM ZDROJEM BÍLKOVIN,http://eat-withlove.blogspot.cz/2013/02/ovesna-kase-s-neobvyklym-zdrojem.html,1364643409,snídaně,unread
Sójové nudličky s paprikou z trouby (250 kcal),http://hubneme-a-zhubneme.blogspot.cz/2013/02/sojove-nudlicky-s-paprikou-z-trouby-250.html,1364643409,hlavní jídla,unread
Kuřecí rolky plněné sušenými rajčaty a mozzarelou,http://the-beauty-gloss.blogspot.cz/2013/02/kureci-rolky-plnene-susenymi-rajcaty.html,1364643409,hlavní jídla,unread
Rychlokurz vaření pro vegetariány 1: Polévka z červené čočky,http://zdravejist.blogspot.cz/2013/02/rychlokurz-vareni-pro-vegetariany-1.html,1364643443,polévky,unread
METRO dezert – oslava české podzemní dráhy,http://www.gurmanka.cz/2013/02/metro-dezert-oslava-ceske-podzemni-drahy,1364643443,dezerty,unread
Celozrnné plněné bochánky,http://the-beauty-gloss.blogspot.cz/2013/02/celozrnne-plnene-bochanky.html,1364643443,dezerty,unread
Hummus,http://nazarboncukagaci.blogspot.cz/2013/02/hummus.html,1364643443,svačiny a chuťovky,unread
Dip z červené řepy,http://www.laskominyodmaryny.cz/2013/02/dip-z-cervene-repy.html,1364643443,svačiny a chuťovky,unread
Cake-pops,http://biba-mylittleworld.blogspot.cz/2013/02/cake-pops.html,1364643443,dezerty|valentýn,unread
Kubkove valentínske čokoládky,http://matapecie.blogspot.cz/2013/02/kubkove-valentinske-cokoladky.html,1364643443,dezerty,unread
Čokoládový (skoro) fudge,http://vypecenyden.blogspot.cz/2013/02/cokoladovy-skoro-fudge.html,1364643443,dezerty,unread
"Banánovo pudinkový koláč (celé 536 kcal, 1/3 = 178 kcal)",http://hubneme-a-zhubneme.blogspot.cz/2013/02/bananovo-pudinkovy-kolac-cele-536-kcal.html,1364643443,dezerty,unread
Valentýnské menu: Pasta,http://www.menudomu.cz/valentynske-menu-pasta/,1364643443,hlavní jídla|valentýn,unread
Recepty z Dobrého rána na ČT2,http://www.menudomu.cz/dobre-rano-ct2/,1364643443,hlavní jídla|polévky|saláty,unread
Upeč třeba chleba... nejlépe kváskový!,http://kulturistika.ronnie.cz/c-14416-upec-treba-chleba-nejlepe-kvaskovy.html,1364643464,pečivo,unread
BANÁNOVO - PROTEINOVÉ LÍVANEČKY BEZ MOUKY,http://eat-withlove.blogspot.cz/2013/02/bananovo-proteinove-livanecky-bez-mouky.html,1364643526,snídaně,unread
BROWNIES - S MRKVÍ A BEZ MOUKY!,http://eat-withlove.blogspot.cz/2013/02/brownies-s-mrkvi-bez-mouky.html,1364643526,dezerty,unread
Ořechový korpus,http://gurmankalenulka.blogspot.cz/2013/02/orechovy-korpus.html,1364643526,dezerty,unread
Pečené brambory se zeleninou a kuřecím plátkem (263 kcal),http://hubneme-a-zhubneme.blogspot.cz/2013/02/pecene-brambory-se-zeleninou-kurecim.html,1364643526,hlavní jídla,unread
Paleo muffiny s krémovou náplní,http://the-beauty-gloss.blogspot.cz/2013/02/paleo-muffiny-s-kremovou-naplni.html,1364643526,dezerty,unread
HUMMUS,http://eat-withlove.blogspot.cz/2013/02/hummus.html,1364643526,pomazánky|svačiny a chuťovky,unread
Valentínske čokoládové tortičky podľa Dity P.,http://anetagoesyummi.blogspot.cz/2013/02/valentinske-cokoladove-torticky-podla.html,1364643526,dezerty,unread
Čokoládový dort ...,http://janaathome.blogspot.cz/2013/02/cokoladovy-dort.html,1364643526,dezerty,unread
Pomazánka s pečeným česnekem a mandlemi,http://delicious-blog-lucie.blogspot.cz/2013/02/pomazanka-s-pecenym-cesnekem-mandlemi.html,1364643526,pomazánky,unread
Gnocchi z červené řepy s petrželkovým pestem,http://delicious-blog-lucie.blogspot.cz/2013/02/gnocchi-z-cervene-repy-s-petrzelkovym.html,1364643526,hlavní jídla,unread
Koláčky bez kynutí,http://jedlikovo-vareni.blogspot.cz/2013/02/kolacky-bez-kynuti.html,1364643526,dezerty,unread
Sladké muffin na Den svatého Valetnýna,http://unavenavarecka.blogspot.cz/2013/02/sladke-muffin-na-den-svateho-valetnyna.html,1364643526,dezerty,unread
Tip na rychlou večeři: PENNE SE ŠPENÁTEM,http://janaathome.blogspot.cz/2013/02/tip-na-rychlou-veceri-penne-se-spenatem.html,1364643526,hlavní jídla,unread
Gnocchi con pancetta,http://cucinare-con-amore.blogspot.cz/2013/02/gnocchi-con-pancetta.html,1364643526,hlavní jídla,unread
Valentínske srdiečko,http://tvorimpreradost.blogspot.cz/2013/02/valentinske-srdiecko.html,1364643526,dezerty|valentýn,unread
Proteinový flufík NO2,http://the-beauty-gloss.blogspot.cz/2013/02/proteinovy-flufik-no2.html,1364643526,snídaně,unread
Tvarohovo-pohankové noky s ovocným přelivem (275 kcal),http://hubneme-a-zhubneme.blogspot.cz/2013/02/tvarohovo-pohankove-noky-s-ovocnym.html,1364643526,dezerty|hlavní jídla,unread
"BAREVNÝ MIX CHUTÍ - BULGUR, KUSKUS, KUŘECÍ MASO,  ZELENINA",http://eat-withlove.blogspot.cz/2013/02/barevny-mix-chuti-bulgur-kuskus-kureci.html,1364643526,hlavní jídla,unread
"OVESNÁ KAŠE S BANÁNEM, BRUSINKAMI A OŘECHY",http://eat-withlove.blogspot.cz/2013/02/ovesna-kase-s-bananem-brusinkami-orechy.html,1364643526,snídaně,unread
Hamburger z fazolí a batát,http://bezkrutosti.blogspot.cz/2013/02/hamburger-z-fazoli-batat.html,1364643526,hlavní jídla,unread
BANÁNOVO - PROTEINOVÁ PĚNA,http://eat-withlove.blogspot.cz/2013/02/bananovo-proteinova-pena.html,1364643526,dezerty,unread
Plnka do polievky,http://www.svarechou.sk/2013/02/plnka-do-polievky.html,1364643526,zavářka do polévky,unread
Pizza muffiny,http://the-beauty-gloss.blogspot.cz/2013/02/pizza-muffiny.html,1364643526,svačiny a chuťovky,unread
Kuracie prsia s majorankovo-jablkovou omackou,http://adkas-tastyfood.blogspot.cz/2013/02/kuracie-prsia-s-majorankovo-jablkovou.html,1364643549,hlavní jídla,unread
Hrášek s žampiony a bramborovou kaší (279 kcal),http://hubneme-a-zhubneme.blogspot.cz/2013/02/hrasek-z-zampiony-bramborovou-kasi-279.html,1364643549,hlavní jídla,unread
Jemná orechová bábovka,http://tvorimpreradost.blogspot.cz/2013/02/jemna-orechova-babovka.html,1364643579,dezerty,unread
Perníková granola,http://delicious-blog-lucie.blogspot.cz/2013/02/pernikova-granola.html,1364643579,snídaně,unread
Hustá čočková polévka,http://martininakuchyne.blogspot.cz/2013/02/husta-cockova-polevka.html,1364643579,polévky,unread
Rychlá česneková pomazánka,http://jedlikovo-vareni.blogspot.cz/2013/01/rychla-cesnekova-pomazanka.html,1364643579,pomazánky,unread
Rychlokurz vaření pro vegetariány 2: Dušené tofu s chilli a cibulí,http://zdravejist.blogspot.cz/2013/02/rychlokurz-vareni-pro-vegetariany-2.html,1364643579,hlavní jídla,unread
Cizrnová polévka s kokosovým mlékem,http://cucinare-con-amore.blogspot.cz/2013/02/cizrnova-polevka-s-kokosovym-mlekem.html,1364643579,polévky,unread
Mrkev 3x jinak,http://delicious-blog-lucie.blogspot.cz/2013/02/mrkev-3x-jinak.html,1364643586,přílohy|saláty,unread
Kokosovo-citrónové sušenky s červenou marmeládou,http://kivibloguje.blogspot.cz/2013/02/kokosovo-citronove-susenky-s-cervenou.html,1364643586,dezerty,unread
Karamelove kocky,http://adkas-tastyfood.blogspot.cz/2013/02/karamelove-kocky.html,1364643586,dezerty,unread
Pečené minikuriatka plnené kuskusom s granátovým jablkom,http://anetagoesyummi.blogspot.cz/2013/02/pecene-minikuriatka-plnene-kuskusom-s.html,1364643623,hlavní jídla,unread
"DOMÁCÍ 5TI ZRNNÉ MUSLI S OŘECHY, SEMÍNKY A ČOKOLÁDOU",http://eat-withlove.blogspot.cz/2013/02/domaci-5ti-zrnne-musli-s-orechy-seminky.html,1364643623,snídaně,unread
Avokádová nátierka - SKINNY DINNERS 13,http://varimeslaskou.blogspot.cz/2013/02/avokadova-natierka-skinny-dinners-13.html,1364643623,pomazánky,unread
Osud zapečený v koláčku,http://cuocadolce.blogspot.cz/2013/02/osud-zapeceny-v-kolacku.html,1364643623,dezerty,unread
Pečené čoko-borůvkové placky (268 kcal),http://hubneme-a-zhubneme.blogspot.cz/2013/02/pecene-coko-boruvkove-placky-268-kcal.html,1364643623,dezerty,unread
Bez mäsa – s mäsom 1:0,http://www.natanieri.sk/bez-masa-s-masom-10/,1364643623,hlavní jídla,unread
Skvostný jablečný koláč,http://cucinare-con-amore.blogspot.cz/2013/02/skvostny-jablecny-kolac.html,1364643623,dezerty,unread
Cizrna na paprice se smetanovou omáčkou,http://delicious-blog-lucie.blogspot.cz/2013/02/cizrna-na-paprice-se-smetanovou-omackou.html,1364643623,hlavní jídla,unread
Pikantný fazuľový šalát SKINNY DINNERS 14,http://varimeslaskou.blogspot.cz/2013/02/pikantny-fazulovy-salat.html,1364643623,saláty,unread
Osso buco,http://www.menudomu.cz/osso-buco/,1364643623,hlavní jídla,unread
Čokoládové cupcakes,http://vypecenyden.blogspot.cz/2013/02/cokoladove-cupcakes.html,1364643716,dezerty,unread
Jogurtový řízek z trouby (271 kcal),http://hubneme-a-zhubneme.blogspot.cz/2013/02/jogurtovy-rizek-z-trouby-271-kcal.html,1364643716,hlavní jídla,unread
Blondies z arašídového másla,http://the-beauty-gloss.blogspot.cz/2013/02/blondies-z-arasidoveho-masla.html,1364643716,dezerty,unread
Krémové špenátové rizoto s údeným lososom - SKINNY DINNERS 15,http://varimeslaskou.blogspot.cz/2013/02/kremove-spenatove-rizoto-s-udenym.html,1364643716,hlavní jídla,unread
Švestkovo-makové kuličky,http://delicious-blog-lucie.blogspot.cz/2013/02/svestkovo-makove-kulicky.html,1364643716,cukroví|dezerty|svačiny a chuťovky|vánoce,unread
Bezvaječné lívanečky s borůvkami (273 kcal),http://hubneme-a-zhubneme.blogspot.cz/2013/02/bezvajecne-livanecky-s-boruvkami-273.html,1364643716,snídaně,unread
MRKOVO - OŘECHOVÉ PLACIČKY,http://eat-withlove.blogspot.cz/2013/02/mrkovo-orechove-placicky.html,1364643716,přílohy,unread
Raspberry tea oatmeal!,http://betterandhappy.blogspot.cz/2013/02/rapsberry-tea-oatmeal.html,1364643716,snídaně,unread
Kuřecí Stroganov,http://martininakuchyne.blogspot.cz/2013/02/kureci-stroganov.html,1364643761,hlavní jídla,unread
"Lasagne s houbami, kapustou a bešamelem",http://veganotic.blogspot.cz/2013/02/lasagne-s-houbami-kapustou-besamelem.html,1364643761,hlavní jídla,unread
Těstoviny s ricottou a špenátem,http://sasulka.blogspot.cz/2013/02/testoviny-s-ricottou-spenatem.html,1364643761,hlavní jídla,unread
Macarons - makronky - s náplní jahodovo - čokoládovou,http://crustycorner.blogspot.cz/2013/02/macarons-makronky-s-naplni-jahodovo.html,1364643761,dezerty,unread
Maková torta,http://matapecie.blogspot.cz/2013/02/makova-torta.html,1364643761,dezerty,unread
Orechová torta so žĺtkovým krémom,http://varimeslaskou.blogspot.cz/2013/02/orechova-torta-so-zltkovym-kremom.html,1364643761,dezerty,unread
Francouzské toasty - čoko-banánové (270 kcal),http://hubneme-a-zhubneme.blogspot.cz/2013/02/francouzske-toasty-coko-bananove-270.html,1364643761,snídaně,unread
Maryna muffiny ...,http://cucinare-con-amore.blogspot.cz/2013/02/maryna-muffiny.html,1364643762,dezerty,unread
Jahodovo-slahackovy zakusok,http://adkas-tastyfood.blogspot.cz/2013/02/jahodovo-slahackovy-zakusok.html,1364643762,dezerty,unread
Snídaně,http://bezkrutosti.blogspot.cz/2013/02/snidane.html,1364643762,snídaně,unread
Výdatná strukovinová polievka,http://frommarysity.blogspot.cz/2013/02/vydatna-strukovinova-polievka.html,1364643799,polévky,unread
Mrkvovo-pomerančové smoothie,http://delicious-blog-lucie.blogspot.cz/2013/02/mrkvovo-pomerancove-smoothie.html,1364643799,snídaně,unread
Fašiangová verzia na muffiny,http://frommarysity.blogspot.cz/2013/02/fasiangova-verzia-na-muffiny.html,1364643799,dezerty,unread
Přírodní kozí sýr pečený v loupaných paprikách,http://www.menudomu.cz/prirodni-kozi-syr-peceny-v-loupanych-paprikach/,1364643799,hlavní jídla|svačiny a chuťovky,unread
Čokoládové brownie s ořechy,http://www.menudomu.cz/cokoladove-brownie-s-orechy/,1364643799,dezerty,unread
Polévka z Jeruzalémského artyčoku s bylinkovou pěnou,http://www.menudomu.cz/polevka-z-jeruzalemskeho-artycoku-s-bylinkovou-penou/,1364643799,polévky,unread
Makovo-maková torta,http://lucylovetobake.blogspot.cz/2013/02/makovo-makova-torta_25.html,1364643799,dezerty,unread
Mrkvová srdíčka,http://martininakuchyne.blogspot.cz/2013/02/mrkvova-srdicka.html,1364643799,cukroví,unread
Pšeničný kvásek,http://www.laskominyodmaryny.cz/2013/02/psenicny-kvasek.html,1364643799,pečivo,unread
Jemné &quot;lučinové&quot; kuřecí s žampiony (267 kcal),http://hubneme-a-zhubneme.blogspot.cz/2013/02/jemne-lucinove-kureci-s-zampiony-267.html,1364643799,hlavní jídla,unread
Rizoto s kuracím mäsom a hubami,http://frommarysity.blogspot.cz/2013/02/rizoto-s-kuracim-masom-hubami.html,1364643799,hlavní jídla,unread
"Čočka, rýže  =  Risotto alle lenticchie",http://unavenavarecka.blogspot.cz/2013/02/cocka-ryze-risotto-alle-lenticchie.html,1364643848,hlavní jídla,unread
Poctivý kvasový chlebík ražný,http://varimeslaskou.blogspot.cz/2013/02/poctivy-kvasovy-chlebik-razny.html,1364643848,pečivo,unread
Krémové avokádové těstoviny,http://delicious-blog-lucie.blogspot.cz/2013/02/kremove-avokadove-testoviny.html,1364643848,hlavní jídla,unread
Mandlová bábovka s jablky,http://martininakuchyne.blogspot.cz/2013/02/mandlova-babovka-s-jablky.html,1364643848,dezerty,unread
Teplé nápoje do chladných dní,http://slecna.info/tvuj-svet/teple-napoje-do-chladnych-dni/,1364643848,nápoje,unread
Pečený banánový tvaroh (282 kcal),http://hubneme-a-zhubneme.blogspot.cz/2013/02/peceny-bananovy-tvaroh-282-kcal.html,1364643848,dezerty,unread
Velký salátový speciál,http://delicious-blog-lucie.blogspot.cz/2013/02/velky-salatovy-special.html,1364643848,saláty,unread
KINDER PŘEKVAPENÍ POD JÁHLOVOU KAŠÍ,http://eat-withlove.blogspot.cz/2013/02/kinder-prekvapeni-pod-jahlovou-kasi.html,1364643872,snídaně,unread
Quesadilla s koriandrem a guacamole,http://cucinare-con-amore.blogspot.cz/2013/02/quesadilla-s-koriandrem-guacamole.html,1364643872,hlavní jídla,unread
Paradajková inak - SKINNY DINNERS 16,http://varimeslaskou.blogspot.cz/2013/02/paradajkova-inak-skinny-dinners-16.html,1364643872,polévky,unread
Tvarohové mlsání,http://hubneme-a-zhubneme.blogspot.cz/2013/02/tvarohove-mlsani.html,1364643872,dezerty|svačiny a chuťovky,unread
Vejce Benedikt,http://www.menudomu.cz/vejce-benedikt/,1364643881,snídaně,unread
Banánovo-čokoládový puding!,http://dhealthytrack.blogspot.cz/2013/02/bananovy-cokoladovy-puding.html,1364643881,dezerty,unread
Tak trochu „après-ski“,http://www.natanieri.sk/tak-trochu-apres-ski/,1364643881,hlavní jídla,unread
Batátový krém s uzenou paprikou,http://delicious-blog-lucie.blogspot.cz/2013/03/batatovy-krem-s-uzenou-paprikou.html,1364643935,polévky,unread
"Vitaj, Eren!",http://nazarboncukagaci.blogspot.cz/2013/03/vitaj-eren.html,1364643935,dezerty,unread
ČOKOLÁDOVÝ CHIA PUDINK,http://eat-withlove.blogspot.cz/2013/03/cokoladovy-chia-pudink.html,1364643935,dezerty,unread
Pálivé čokoládové bezé koláčky,http://www.laskominyodmaryny.cz/2013/03/palive-cokoladove-beze-kolacky.html,1364643974,dezerty,unread
Palačinky s příchutí proteinu (270 kcal),http://hubneme-a-zhubneme.blogspot.cz/2013/03/palacinky-s-prichuti-proteinu-270-kcal.html,1364643974,snídaně,unread
Zebra koláč,http://gurmankalenulka.blogspot.cz/2013/03/zebra-kolac.html,1364643974,dezerty,unread
Rajčatovo-cibulové pečené kuřecí s bulgurem (268 kcal),http://hubneme-a-zhubneme.blogspot.cz/2013/03/rajcatovo-cibulove-pecene-kureci-s.html,1364643974,hlavní jídla,unread
ČERVENÁ ČOČKA S RAJČATY A POLENTOU,http://eat-withlove.blogspot.cz/2013/03/cervena-cocka-s-rajcaty-polentou.html,1364643974,hlavní jídla,unread
Jablkovo-makový koláč se sněhem,http://delicious-blog-lucie.blogspot.cz/2013/03/jablkovo-makovy-kolac-se-snehem-paleo.html,1364643974,dezerty,unread
"Jablečný &quot;cheescake&quot; (celý 826 kcal, 1/4 = 206 kcal)",http://hubneme-a-zhubneme.blogspot.cz/2013/03/jablecny-cheescake-cely-826-kcal-14-206.html,1364643974,dezerty,unread
Paleo 'hranolky' s arašídovým máslem,http://the-beauty-gloss.blogspot.cz/2013/03/paleo-hranolky-s-arasidovym-maslem.html,1364643974,přílohy,unread
Domácí sýr Lučina,http://jedlikovo-vareni.blogspot.cz/2013/03/domaci-syr-lucina.html,1364643974,pomazánky,unread
Grepové smoothie a pečená zelenina,http://bezkrutosti.blogspot.cz/2013/03/grepove-smoothie-pecena-zelenina.html,1364644024,hlavní jídla|nápoje|snídaně,unread
Banánovo-čokoládové smoothie s avokádem,http://delicious-blog-lucie.blogspot.cz/2013/03/bananovo-cokoladove-smoothie-s-avokadem.html,1364644024,snídaně,unread
Zdravé twix tyčinky,http://delicious-blog-lucie.blogspot.cz/2013/03/zdrave-twix-tycinky.html,1364644024,dezerty|svačiny a chuťovky,unread
Housky z pšeničného kvásku,http://www.laskominyodmaryny.cz/2013/03/housky-z-psenicneho-kvasku.html,1364644024,pečivo,unread
Cestoviny s korenovým petržlenom a slaninou,http://frommarysity.blogspot.cz/2013/03/cestoviny-s-korenovym-petrzlenom.html,1364644024,hlavní jídla,unread
Kuřecí plátek s bramborovým salátem s kyselou okurkou (266 kcal),http://hubneme-a-zhubneme.blogspot.cz/2013/03/kureci-platek-s-bramborovym-salatem-s.html,1364644024,hlavní jídla,unread
Jablečné lívanečky s rozinkami (283 kcal),http://hubneme-a-zhubneme.blogspot.cz/2013/03/jablecne-livanecky-s-rozinkami-283-kcal.html,1364644024,snídaně,unread
Judáše s orechami,http://tvorimpreradost.blogspot.cz/2013/03/judase-s-orechami.html,1364644024,dezerty|velikonoce,unread
Banánovo-lněné krekry,http://delicious-blog-lucie.blogspot.cz/2013/03/bananovo-lnene-krekry.html,1364644024,dezerty|svačiny a chuťovky,unread
Meduňkové sušenky s polentou,http://www.laskominyodmaryny.cz/2013/03/medunkove-susenky-s-polentou.html,1364644024,dezerty,unread
"Snehove torticky s prazenymi mandlami, mascarpone  a Baileys likerom",http://adkas-tastyfood.blogspot.cz/2013/03/snehove-torticky-s-prazenymi-mandlami.html,1364644053,dezerty,unread
Zapečené rajčatovo-ricottové těstoviny (277 kcal),http://hubneme-a-zhubneme.blogspot.cz/2013/03/zapecene-rajcatovo-ricottove-testoviny.html,1364644053,hlavní jídla,unread
"Bob Klep: Co si sám uvařím, to taky sám sním",http://www.svet-potravin.cz/clanek.aspx?id=3346,1364644053,hlavní jídla,unread
Cuketové nudle zase trošku jinak,http://delicious-blog-lucie.blogspot.cz/2013/03/cuketove-nudle-zase-trosku-jinak.html,1364644053,hlavní jídla,unread
Kuracie fašírky,http://nazarboncukagaci.blogspot.cz/2013/03/kuracie-fasirky.html,1364644053,hlavní jídla,unread
Severoafrické slnko na panvici,http://www.natanieri.sk/severoafricke-slnko-na-panvici/,1364644053,hlavní jídla,unread
Orecchiette con broccoli,http://unavenavarecka.blogspot.cz/2013/03/orecchiette-con-broccoli.html,1364644053,hlavní jídla,unread
Ovesná kaše s banánem zapečená pod jogurtem (288 kcal),http://hubneme-a-zhubneme.blogspot.cz/2013/03/ovesna-kase-s-bananem-zapecena-pod.html,1364644089,snídaně,unread
Tvarohová pomazánka s pečeným banánem,http://delicious-blog-lucie.blogspot.cz/2013/03/tvarohova-pomazanka-s-pecenym-bananem.html,1364644089,pomazánky,unread
(titul neznámý),http://unavenavarecka.blogspot.cz/2013/03/mile-blogerky-mile-navstevnice-mile.html,1364644089,dezerty,unread
Kokosové kuličky,http://delicious-blog-lucie.blogspot.cz/2013/03/kokosove-kulicky.html,1364644125,cukroví|vánoce,unread
Květáková kaše s kuřecím plátkem (269 kcal),http://hubneme-a-zhubneme.blogspot.cz/2013/03/kvetakova-kase-s-kurecim-platkem-269.html,1364644125,hlavní jídla,unread
Lifestyle tips: Oatmeal cookies,http://www.acupofstyle.com/2013/03/lifestyle-tips-oatmeal-cookies.html,1364644125,dezerty,unread
Čoko-banánový pohár z tofu (280 kcal),http://hubneme-a-zhubneme.blogspot.cz/2013/03/coko-bananovy-pohar-z-tofu-280-kcal.html,1364644125,dezerty,unread
Banánové sušenky,http://dhealthytrack.blogspot.cz/2013/03/bananove-susenky.html,1364644125,dezerty,unread
Pikantne kuracie prsia v medovo-chilli omacke,http://adkas-tastyfood.blogspot.cz/2013/03/pikantne-kuracie-prsia-v-medovo-chilli.html,1364644131,hlavní jídla,unread
Cokoladovo-avokadove muffiny,http://adkas-tastyfood.blogspot.cz/2013/03/cokoladovo-avokadove-muffiny.html,1364644131,dezerty,unread
Lentil Loaf,http://veganotic.blogspot.cz/2013/03/lentil-loaf.html,1364644131,hlavní jídla,unread
Francouzské palačinky,http://gurmankalenulka.blogspot.cz/2013/03/francouzske-palacinky.html,1364644132,snídaně,unread
Jarkin strúhaný tvarohový koláč,http://tvorimpreradost.blogspot.cz/2013/03/jarkin-struhany-tvarohovy-kolac.html,1364644175,dezerty,unread
Lasagne s mletým mäsom,http://tvorimpreradost.blogspot.cz/2013/03/lasagne-s-mletym-masom.html,1364644175,hlavní jídla,unread
muffiny v páře,http://e-cake.blogspot.cz/2013/03/muffiny-v-pare.html,1364644175,dezerty,unread
PROTEINOVÉ ČOKO KULIČKY,http://eat-withlove.blogspot.cz/2013/03/proteinove-coko-kulicky.html,1364644175,dezerty,unread
Kuskus!,http://dhealthytrack.blogspot.cz/2013/03/kuskus.html,1364644175,hlavní jídla,unread
Domácí Pacholík,http://jedlikovo-vareni.blogspot.cz/2013/03/domaci-pacholik.html,1364644175,dezerty,unread
Lístková kapsa s feniklom a nivou,http://varimeslaskou.blogspot.cz/2013/03/listkova-kapsa-s-feniklom-nivou.html,1364644175,hlavní jídla|svačiny a chuťovky,unread
Celozrnné palačinky s karamelizovaným jablíčkem (277 kcal),http://hubneme-a-zhubneme.blogspot.cz/2013/03/celozrnne-palacinky-s-karamelizovanym.html,1364644175,snídaně,unread
SLADKÝ AVOKÁDOVÝ KRÉM,http://eat-withlove.blogspot.cz/2013/03/sladky-avokadovy-krem.html,1364644175,dezerty,unread
Medové fazolky s kuřecím plátkem (232 kcal),http://hubneme-a-zhubneme.blogspot.cz/2013/03/medove-fazolky-s-kurecim-platkem-232.html,1364644175,hlavní jídla,unread
KOKOSOVO-PROTEINOVÉ PALAČINKY S OVOCEM,http://betterandhappy.blogspot.cz/2013/03/kokosovo-proteinove-palacinky-s-ovocem.html,1364644175,snídaně,unread
Bramborové noky,http://martininakuchyne.blogspot.cz/2013/03/bramborove-noky.html,1364644200,přílohy,unread
&quot;Nereceptová jídla&quot; - svačinky počtvrté ;-),http://hubneme-a-zhubneme.blogspot.cz/2013/03/nereceptova-jidla-svacinky-poctvrte.html,1364644200,svačiny a chuťovky,unread
Fazolová polévka s kroupami,http://drobecky.blogspot.cz/2013/03/fazolova-polevka-s-kroupami.html,1364644200,polévky,unread
Ako sa varí video,http://www.natanieri.sk/ako-sa-vari-video/,1364644200,hlavní jídla,unread
Černicové cupcakes,http://biba-mylittleworld.blogspot.cz/2013/03/cernicove-cupcakes.html,1364644204,dezerty,unread
Perníkové smoothie,http://delicious-blog-lucie.blogspot.cz/2013/03/pernikove-smoothie.html,1364644248,snídaně,unread
OVERNIGHT OATS,http://eat-withlove.blogspot.cz/2013/03/overnight-oats.html,1364644248,snídaně,unread
Lasagne s neapolským ragú,http://www.menudomu.cz/lasagne-s-neapolskym-ragu/,1364644248,hlavní jídla,unread
Žampion zapečený,http://www.menudomu.cz/zampion-zapeceny/,1364644248,svačiny a chuťovky,unread
Cornflakový eggcheese,http://dhealthytrack.blogspot.cz/2013/03/cornflakovy-eggcheese.html,1364644248,hlavní jídla,unread
Žampiony Portobello plněné kuskusem,http://delicious-blog-lucie.blogspot.cz/2013/03/zampiony-portobello-plnene-kuskusem.html,1364644248,hlavní jídla|svačiny a chuťovky,unread
ako som vytápal slaninu,http://www.svarechou.sk/2013/03/ako-som-vytapal-slaninu.html,1364644248,svačiny a chuťovky,unread
"DUŠENÁ ZELENINA S RAJČATY, FAZOLEMI A KUŘECÍM MASEM",http://eat-withlove.blogspot.cz/2013/03/dusena-zelenina-s-rajcaty-fazolemi.html,1364644248,hlavní jídla,unread
Velikonoční medové perníčky,http://jedlikovo-vareni.blogspot.cz/2013/03/velikonocni-medove-pernicky.html,1364644248,cukroví|velikonoce,unread
Domácí housky,http://cucinare-con-amore.blogspot.cz/2013/03/domaci-housky_16.html,1364644249,pečivo,unread
OZVENY,http://varimeslaskou.blogspot.cz/2013/03/ozveny.html,1364644285,dezerty,unread
Zapečená kapusta s uzeninou,http://martininakuchyne.blogspot.cz/2013/03/zapecena-kapusta-s-uzeninou.html,1364644285,hlavní jídla,unread
Celozrnný závin se špenátem,http://delicious-blog-lucie.blogspot.cz/2013/03/celozrnny-zavin-se-spenatem.html,1364644285,svačiny a chuťovky,unread
Květák na kaši,http://www.menudomu.cz/kvetak-na-kasi/,1364644285,hlavní jídla,unread
Pečení bez mouky....Kokosový chlebíček,http://delicious-blog-lucie.blogspot.cz/2013/03/kokosovy-chlebicek.html,1364644285,dezerty,unread
Paraguajský kukuričný nákyp Chipa guazú,http://anetagoesyummi.blogspot.cz/2013/03/paraguajsky-kukuricny-nakyp-chipa-guazu.html,1364644285,hlavní jídla,unread
Farebny zeleninovy kolac,http://adkas-tastyfood.blogspot.cz/2013/03/farebny-zeleninovy-kolac.html,1364644296,svačiny a chuťovky,unread
Kakaovo-pepermintove keksiky,http://adkas-tastyfood.blogspot.cz/2013/03/kakaovo-pepermintove-keksiky.html,1364644296,dezerty,unread
Středomořský těstovinový salát,http://drobecky.blogspot.cz/2013/03/stredomorsky-testovinovy-salat.html,1364644296,saláty,unread
Salámový šalát,http://tvorimpreradost.blogspot.cz/2013/03/salamovy-salat.html,1364644343,saláty|svačiny a chuťovky,unread
Pšeno s arašídovým maslom a mandarinkami,http://varimeslaskou.blogspot.cz/2013/03/pseno-s-arasidovym-maslom-mandarinkami.html,1364644343,dezerty|snídaně,unread
Fašírky z červenej šošovice ...alebo zdravý hamburger?,http://frommarysity.blogspot.cz/2013/03/fasirky-z-cervenej-sosovice-alebo.html,1364644343,hlavní jídla,unread
Minestrone v zime,http://frommarysity.blogspot.cz/2013/03/minestrone-v-zime.html,1364644343,polévky,unread
Hubový Stroganoff,http://frommarysity.blogspot.cz/2013/03/hubovy-stroganoff.html,1364644343,hlavní jídla,unread
Květákové risotto,http://delicious-blog-lucie.blogspot.cz/2013/03/kvetakove-risotto.html,1364644343,hlavní jídla,unread
Cukinové rizoto s parmezánom,http://varimeslaskou.blogspot.cz/2013/03/cukinove-rizoto-s-parmezanom.html,1364644343,hlavní jídla,unread
Po bezva večeru krušné ráno,http://slecna.info/blogy/po-bezva-veceru-krusne-rano/,1364644343,nápoje|snídaně,unread
Bleskově rychlá buchta ze tří druhů mouk,http://kivibloguje.blogspot.cz/2013/03/bleskove-rychla-buchta-ze-tri-druhu-mouk.html,1364644370,dezerty,unread
Zapečená kukuřičná kaše slaná i sladká,http://kivibloguje.blogspot.cz/2013/03/zapecena-kukuricna-kase-slana-i-sladka.html,1364644370,snídaně,unread
"Salát s lososem, cizrnou a pomerančem",http://delicious-blog-lucie.blogspot.cz/2013/03/salat-s-lososem-cizrnou-pomerancem.html,1364644370,saláty,unread
Margot muffins,http://slecna.info/blogy/margot-muffins/,1364644370,dezerty,unread
Dvakrát kuřecí plátek s teplou zeleninou,http://hubneme-a-zhubneme.blogspot.cz/2013/03/dvakrat-kureci-platek-s-teplou-zeleninou.html,1364644387,hlavní jídla,unread
Brownies se slaným karamelem,http://vypecenyden.blogspot.cz/2013/03/brownies-se-slanym-karamelem.html,1364644387,dezerty,unread
Narozeninový dort pro Kubu,http://drobecky.blogspot.cz/2013/03/narozeninovy-dort-pro-kubu.html,1364644387,dezerty,unread
Parmezánový chlebík kvasový,http://varimeslaskou.blogspot.cz/2013/03/parmezanovy-chlebik-kvasovy.html,1364644387,pečivo,unread
Domácí listové těsto,http://gurmankalenulka.blogspot.cz/2013/03/domaci-listove-testo.html,1364644387,snídaně|svačiny a chuťovky,unread
Jahelno-kroupový nákyp,http://delicious-blog-lucie.blogspot.cz/2013/03/jahelno-kroupovy-nakyp.html,1364644387,hlavní jídla,unread
Krehké rožteky s kyslou smotanou,http://somktosom.blogspot.cz/2013/03/krehke-rozteky-s-kyslou-smotanou.html,1364644387,dezerty,unread
Pečení bez mouky...Makový koláč,http://delicious-blog-lucie.blogspot.cz/2013/03/peceni-bez-moukymakovy-kolac.html,1364644432,dezerty,unread
Květákové Curry s Červenou Čočkou a Koriandrem,http://veganotic.blogspot.cz/2013/03/kvetakove-curry-s-cervenou-cockou.html,1364644432,hlavní jídla,unread
Špaldové bosniaky s kvasom,http://varimeslaskou.blogspot.cz/2013/03/spaldove-bosniaky-s-kvasom.html,1364644432,pečivo,unread
Jahňacie karí s brokolicou,http://anetagoesyummi.blogspot.cz/2013/03/jahnacie-kari-s-brokolicou.html,1364644432,hlavní jídla,unread
Celozrnný mazanec,http://kivibloguje.blogspot.cz/2013/03/celozrnny-mazanec.html,1364644432,dezerty|velikonoce,unread
Tiramisu.Pre mňa TEN správny recept.,http://foodependence.blogspot.cz/2013/03/tiramisupre-mna-ten-spravny-recept.html,1364644432,dezerty,unread
Mícháme doma koření.....,http://delicious-blog-lucie.blogspot.cz/2013/03/michame-doma-koreni.html,1364644432,koření,unread
Orechovo-cokoladovy srnci chrbat vo velkonocnom sate,http://adkas-tastyfood.blogspot.cz/2013/03/orechovo-cokoladovy-srnci-chrbat-vo.html,1364644432,dezerty|velikonoce,unread
Kokosová roláda,http://somktosom.blogspot.cz/2013/03/kokosova-rolada.html,1364644471,dezerty,unread
Hot cross buns,http://crustycorner.blogspot.cz/2013/03/hot-cross-buns.html,1364644471,dezerty|velikonoce,unread
Paleo batátové hranolky,http://the-beauty-gloss.blogspot.cz/2013/03/paleo-batatove-hranolky.html,1364644471,přílohy,unread
Raw Mrkvovo-Ořechová Vajíčka s Čokoládou,http://veganotic.blogspot.cz/2013/03/raw-mrkvovo-orechova-vajicka-s-cokoladou.html,1364644471,dezerty|velikonoce,unread
Sezamové sušenky,http://delicious-blog-lucie.blogspot.cz/2013/03/sezamove-susenky.html,1364644471,dezerty,unread
"Obědy do školy zdravě, rychle a levně!",http://slecna.info/blogy/obedy-do-skoly-zdrave-rychle-a-levne/,1564936761,hlavní jídla|saláty,unread
Velikonoční krupicová  hlavička,http://jedlikovo-vareni.blogspot.cz/2013/03/velikonocni-krupicova-hlavicka.html,1364644472,hlavní jídla|přílohy|svačiny a chuťovky|velikonoce,unread
Karamelový cheesecake s čokoládovou polevou,http://kivibloguje.blogspot.cz/2013/03/karamelovy-cheesecake-s-cokoladovou.html,1364644472,dezerty,unread
Chystám se na muffiny,http://janaathome.blogspot.cz/2013/03/chystam-se-na-muffiny.html,1364644472,dezerty,unread
&quot;Nereceptová jídla&quot; - snídaně podruhé ;-),http://hubneme-a-zhubneme.blogspot.cz/2013/03/nereceptova-jidla-snidane-podruhe.html,1364644522,snídaně,unread
Narozeninový dort pro Kubu II. – čokoládový,http://drobecky.blogspot.cz/2013/03/narozeninovy-dort-pro-kubu-ii-cokoladovy.html,1364644522,dezerty,unread
Velikonoční beránek,http://www.menudomu.cz/velikonocni-beranek/,1364644522,dezerty|velikonoce,unread
Baby salát s medovou zálivkou,http://martininakuchyne.blogspot.cz/2013/03/baby-salat-s-medovou-zalivkou.html,1364644522,saláty,unread
Zapečené jáhly s dýní a kysaným zelím,http://delicious-blog-lucie.blogspot.cz/2013/03/zapecene-jahly-s-dyni-kysanym-zelim.html,1364644522,hlavní jídla,unread
Červená čočka s vejci,http://jedlikovo-vareni.blogspot.cz/2013/03/cervena-cocka-s-vejci.html,1364644522,hlavní jídla,unread
French toast croissant,http://sasulka.blogspot.cz/2013/03/french-toast-croissant.html,1364644522,snídaně,unread
Pohankovo-ořechová kaše (raw),http://delicious-blog-lucie.blogspot.cz/2013/03/pohankovo-orechova-kase-raw.html,1364644522,snídaně,unread
Fúkané orechové rožteky,http://somktosom.blogspot.cz/2013/03/fukane-orechove-rozteky.html,1364644523,cukroví,unread
"""Nereceptová jídla"" - večeře potřetí ;-)",http://hubneme-a-zhubneme.blogspot.com/2013/03/nereceptova-jidla-vecere-potreti.html,1364645709,hlavní jídla,unread
Fitness as a lifestyle ♥: Na chleba s ořechy!,http://fitnessgirl-lifestyle.blogspot.com/2013/03/na-chleba-s-orechy.html,1364647855,pečivo,unread
Vanilkové cupcakes,http://www.laskominyodmaryny.cz/2013/03/vanilkove-cupcakes.html,1364660401,dezerty,unread
Špenátová polévka,http://martininakuchyne.blogspot.com/2013/03/spenatova-polevka.html,1364669482,polévky,unread
Pečení bez mouky...lněný chléb,http://delicious-blog-lucie.blogspot.com/2013/03/peceni-bez-moukylneny-chleb.html,1364689296,pečivo,unread
Staročeská kmínová polévka s vejcem,http://kivibloguje.blogspot.com/2013/03/staroceska-kminova-polevka-s-vejcem.html,1364724289,polévky,unread
Lasagne v rajčatové omáčce s kuřecím a sýrem,http://kivibloguje.blogspot.com/2013/03/lasagne-v-rajcatove-omacce-s-kurecim.html,1364743165,hlavní jídla,unread
Vegetariánský boršč,http://zdravejist.blogspot.com/2013/03/vegetariansky-borsc.html,1364743691,polévky,unread
Velkonocna mandarinkova  torta,http://adkas-tastyfood.blogspot.com/2013/03/velkonocna-mandarinkova-torta.html,1364772055,dezerty|velikonoce,unread
Velkonocny syrek,http://adkas-tastyfood.blogspot.com/2013/03/velkonocny-syrek.html,1364772112,svačiny a chuťovky|velikonoce,unread
Velkonocny mazanec,http://adkas-tastyfood.blogspot.com/2013/03/velkonocny-mazanec.html,1364772154,dezerty|velikonoce,unread
Tvarohove gule s makom v malinovej omacke,http://adkas-tastyfood.blogspot.com/2013/03/tvarohove-gule-s-makom-v-malinovej.html,1364772193,dezerty|hlavní jídla,unread
Telecí závitky - tzv.Involtini,http://cucinare-con-amore.blogspot.com/2013/03/teleci-zavitky-tzvinvoltini.html,1364772402,hlavní jídla,unread
Mazanec. (Nielen) na Veľkú Noc.,http://foodependence.blogspot.com/2013/03/mazanec-nielen-na-velku-noc.html,1364772600,dezerty|velikonoce,unread
Domácí pizza s houbami a mascarpone,http://cucinare-con-amore.blogspot.com/2013/03/domaci-pizza-s-houbami-mascarpone.html,1364773602,hlavní jídla,unread
Netradičné nátierky,http://hrncek-var.blogspot.com/2013/03/netradicne-natierky.html,1364773755,pomazánky,unread
"Aktuální oblíbenec #2: ""Raffaello"" ovesná kaše",http://betterandhappy.blogspot.com/2013/03/aktualni-oblibenec-2-raffaello-ovesna.html,1364775059,snídaně,unread
Banánovo-špaldová bábovka,http://kivibloguje.blogspot.com/2013/04/bananovo-spaldova-babovka.html,1364802520,dezerty,unread
Mrkvový dort ze Starbucks,http://crustycorner.blogspot.com/2013/04/mrkvovy-dort-ze-starbucks.html,1364802556,dezerty,unread
Mrkvový koláč,http://hubneme-a-zhubneme.blogspot.com/2013/04/mrkvovy-kolac-cely-kolac-528-kcal.html,1364802596,dezerty,unread
Hot Cross Buns,http://luciedvorakova.blogspot.com/2013/04/hot-cross-buns.html,1364810461,dezerty|pečivo|velikonoce,unread
Kynutá dvoubarevná bábovka s karobem,http://kivibloguje.blogspot.com/2013/04/kynuta-dvoubarevna-babovka-s-karobem.html,1364821675,dezerty,unread
Čokoládové košíčky s kokosovou plnkou,http://somktosom.blogspot.com/2013/04/cokoladove-kosicky-s-kokosovou-plnkou.html,1364821736,cukroví,unread
Vajíčkový šalát,http://somktosom.blogspot.com/2013/04/vajickovy-salat.html,1364827878,saláty,unread
Velkonocne plnene vajicka,http://adkas-tastyfood.blogspot.com/2013/04/velkonocne-plnene-vajicka.html,1364829610,svačiny a chuťovky|velikonoce,unread
Nátierka z údeného lososa,http://somktosom.blogspot.com/2013/04/natierka-z-udeneho-lososa.html,1364831529,pomazánky,unread
Simply better and happy ッ: Aktuální oblíbenec #2: &quot;Raffaello&quot; ove,http://betterandhappy.blogspot.cz/2013/03/aktualni-oblibenec-2-raffaello-ovesna.html,1564936759,snídaně,unread
The Daring Bakers Challenge - (Tropický) Mrkvový dort,http://vypecenyden.blogspot.com/2013/04/the-daring-bakers-challenge-tropicky.html,1364855044,dezerty,unread
Roláda kokosová a čokoládová,http://tvorimpreradost.blogspot.com/2013/04/rolada-kokosova-cokoladova.html,1364921403,dezerty,unread
Fíkové rolky,http://delicious-blog-lucie.blogspot.com/2013/04/fikove-rolky.html,1364921461,dezerty,unread
Linecké orechové kocky,http://tvorimpreradost.blogspot.com/2013/04/linecke-orechove-kocky.html,1364921760,dezerty,unread
Oriešková lahôdka,http://tvorimpreradost.blogspot.com/2013/04/orieskova-lahodka.html,1364922082,dezerty,unread
3 prokládané poháry z desertů od Alpro soya,http://hubneme-a-zhubneme.blogspot.com/2013/04/3-prokladane-pohary-z-desertu-od-alpro.html,1364963795,dezerty,unread
Domácí čokoláda s mořskou solí,http://janaathome.blogspot.com/2013/04/domaci-cokolada-s-morskou-soli.html,1364978483,dezerty,unread
čučoriedkový koláč s krémom z bielej čokolády,http://biba-mylittleworld.blogspot.com/2013/04/cucoriedkovy-kolac-s-kremom-z-bielej.html,1364998244,dezerty,unread
"Pečení bez mouky....Květákový ""chléb""",http://delicious-blog-lucie.blogspot.com/2013/04/peceni-bez-moukykvetakovy-chleb.html,1365022484,pečivo,unread
Tvarohová bábovka s brusinkami,http://luciedvorakova.blogspot.com/2013/04/tvarohova-babovka-s-brusinkami.html,1365108933,dezerty,unread
Phở Bo,http://www.menudomu.cz/pho-bo/,1365091115,polévky,unread
Cuketové nudle s uzeným lososem a hořčičnou omáčkou,http://delicious-blog-lucie.blogspot.com/2013/04/cuketove-nudle-s-uzenym-lososem.html,1365101225,hlavní jídla,unread
Raw Pohanková Kaše k snídani,http://veganotic.blogspot.com/2013/04/raw-pohankova-kase-k-snidani.html,1365103357,snídaně,unread
Veľká noc v našej kuchyni,http://www.natanieri.sk/velka-noc-v-nasej-kuchyni/,1365108826,dezerty,unread
Chipotle bean chilli with baked eggs recipe - Recipes - BBC Good Food,http://www.bbcgoodfood.com/recipes/3018685/chipotle-bean-chilli-with-baked-eggs,1365370875,hlavní jídla,unread
Ultrarýchle špagety s avokádovo-koriandrovým pestom,http://anetagoesyummi.blogspot.com/2013/04/ultrarychle-spagety-s-avokadovo.html,1365170208,hlavní jídla,unread
"Fazolový SaláT Se šPenáTem, RajčAty A KuřEcíM Masem",http://eat-withlove.blogspot.com/2013/04/fazolovy-salat-se-spenatem-rajcaty.html,1365252787,saláty,unread
"Domácí ""müsli"" tyčinky",http://dhealthytrack.blogspot.com/2013/04/domaci-musli-tycinky.html,1365265757,dezerty|svačiny a chuťovky,unread
"Srovnání proteinů, pornoherečky a počet KJ",http://the-beauty-gloss.blogspot.com/2013/04/srovnani-proteinu-pornoherecky-pocet-kj.html,1365266453,snídaně,unread
Italské masové kuličky polpette s rajčatovou omáčkou,http://tomichutna.cz/italske-masove-koule-testoviny-polpett,1365266734,hlavní jídla,unread
Zapečené těstoviny s dýní a sýrem,http://delicious-blog-lucie.blogspot.com/2013/04/zapecene-testoviny-s-dyni-syrem.html,1365285628,hlavní jídla,unread
Food Inspiration XXXI.,http://fitnessgirl-lifestyle.blogspot.com/2013/04/food-inspiration-xxxi.html,1365322615,hlavní jídla|pečivo|snídaně|svačiny a chuťovky,unread
PečEná Ovesná KašE Se šVestkami A MáKem,http://eat-withlove.blogspot.com/2013/04/pecena-ovesna-kase-se-svestkami-makem.html,1365322973,snídaně,unread
Fantasticky prostřeno - Mlsáme s Harrym I.: Hagridovy griliášové hrudky / R,http://www.fantasyplanet.cz/clanek/fantasticky-prostreno-mlsame-s-harrym-i-hagridovy-griliasove-hrudky-rock-cake,1365323453,dezerty,unread
BeBe řezy,http://gurmankalenulka.blogspot.com/2013/04/bebe-rezy.html,1365340080,dezerty,unread
Rychle celozrne zemlicky,http://adkas-tastyfood.blogspot.com/2013/04/rychle-celozrne-zemlicky.html,1365363107,pečivo,unread
Cviklovo-pomarancovy salat,http://adkas-tastyfood.blogspot.com/2013/04/cviklovo-pomarancovy-salat.html,1365363235,saláty,unread
Kaše z ovesných vloček a s lesním ovocem ...,http://janaathome.blogspot.com/2013/04/kase-z-ovesnych-vlocek-s-lesnim-ovocem.html,1365434753,snídaně,unread
Pečený losos s pepřovou omáčkou,http://delicious-blog-lucie.blogspot.com/2013/04/peceny-losos-s-peprovou-omackou.html,1365462900,hlavní jídla,unread
2x lehké špagety se zeleninovou zelenou omáčkou,http://hubneme-a-zhubneme.blogspot.com/2013/04/2x-lehke-spagety-se-zeleninouvou.html,1365497662,hlavní jídla,unread
Lemon Rosemary Chicken Boob!,http://betterandhappy.blogspot.com/2013/04/lemon-rosemary-chicken-boob.html,1365497918,hlavní jídla,unread
Mrkvovo-zelný salát Coleslaw,http://jedlikovo-vareni.blogspot.com/2013/04/mrkvovo-zelny-salat-coleslaw.html,1365498626,saláty,unread
Narozeninový dort k patnáctinám,http://luciedvorakova.blogspot.com/2013/04/narozeninovy-dort-k-patnactinam.html,1365517940,dezerty,unread
Citronový koláč s rozmarýnem,http://www.laskominyodmaryny.cz/2013/04/citronovy-kolac-s-rozmarynem.html,1365520814,dezerty,unread
Celozrnná ciabatta,http://delicious-blog-lucie.blogspot.com/2013/04/celozrnna-ciabatta.html,1365598459,pečivo,unread
Krupicová MléčNá RýžE,http://eat-withlove.blogspot.com/2013/04/krupicova-mlecna-ryze.html,1365604076,dezerty,unread
Pizza Capricciosa,http://www.menudomu.cz/pizza-capricciosa/,1365662993,hlavní jídla,unread
Karfiólové steaky,http://www.natanieri.sk/karfiolove-steaky/,1365663128,hlavní jídla,unread
Banánový flapjack!,http://dhealthytrack.blogspot.com/2013/04/bananovy-flapjack.html,1365663408,dezerty|svačiny a chuťovky,unread
Špenátový krém s uzeným lososem,http://delicious-blog-lucie.blogspot.com/2013/04/spenatovy-krem-s-uzenym-lososem.html,1365665065,polévky,unread
Štouchané brambory s mrkví,http://martininakuchyne.blogspot.com/2013/04/stouchane-brambory-s-mrkvi.html,1365683570,přílohy,unread
Slaný karamelový dip s jablkem,http://delicious-blog-lucie.blogspot.com/2013/04/karamelovy-dip-s-jablkem.html,1365719284,pomazánky|svačiny a chuťovky,unread
"Pizza se špenátem, vejcem a slaninou",http://cucinare-con-amore.blogspot.com/2013/04/pizza-se-spenatem-vejcem-slaninou.html,1365719541,hlavní jídla,unread
2x čerstvé jahody a vločky a pokaždé jinak :-),http://hubneme-a-zhubneme.blogspot.com/2013/04/2x-cerstve-jahody-vlocky-pokazde-jinak.html,1365740767,dezerty|snídaně,unread
Jablečné taštičky z liitového těsta,http://jedlikovo-vareni.blogspot.com/2013/04/jablecne-tasticky-z-liitoveho-testa.html,1365741153,dezerty,unread
Krémová polévka z červené řepy,http://kivibloguje.blogspot.com/2013/04/kremova-polevka-z-cervene-repy.html,1365779177,polévky,unread
Ako urobiť dojem v kuchyni,http://slecna.info/blogy/ako-urobit-dojem-v-kuchyni/,1365837369,dezerty|nápoje,unread
Pohankovo-špaldové perníky/sušenky,http://kivibloguje.blogspot.com/2013/04/pohankovo-spaldove-pernikysusenky.html,1365837811,cukroví|dezerty,unread
Pstruh se sušenou šunkou a mandlemi,http://delicious-blog-lucie.blogspot.com/2013/04/pstruh-se-susenou-sunkou-mandlemi.html,1365838679,hlavní jídla,unread
Opékané brambory s polentou a rozmarýnem,http://www.laskominyodmaryny.cz/2013/04/opekane-brambory-s-polentou-rozmarynem.html,1365839655,přílohy,unread
Spaghetti s příchutí koření,http://unavenavarecka.blogspot.com/2013/04/spaghetti-s-prichuti-koreni.html,1365875672,hlavní jídla,unread
Coffee muffins,http://bezkrutosti.blogspot.com/2013/04/coffee-muffins.html,1365899110,dezerty,unread
"Raňajky, ktoré vás nakopnú",http://varimeslaskou.blogspot.com/2013/04/ranajky-ktore-vas-nakopnu.html,1365930923,snídaně,unread
Sněhový ořechový dort se šlehačkou,http://crustycorner.blogspot.com/2013/04/snehovy-orechovy-dort-se-slehackou.html,1365930999,dezerty,unread
Zelenina S Cottage A TuňáKem   Mandlový ChlebíK,http://eat-withlove.blogspot.com/2013/04/zelenina-s-cottage-tunakem-mandlovy.html,1365940864,hlavní jídla|pečivo|přílohy,unread
"Citronový Lilek s Tofuricottou, Houbami a Lískovými Ořechy",http://veganotic.blogspot.com/2013/04/citronovy-lilek-s-tofuricottou-houbami.html,1365940982,hlavní jídla,unread
"Bez krutosti: zdravé vegan vaření: Těstoviny se smetanovou omáčkou, sojou a",http://bezkrutosti.blogspot.cz/2013/04/testoviny-se-smetanovou-omackou-sojou.html,1365949283,hlavní jídla,unread
Hummus s červenou řepou,http://delicious-blog-lucie.blogspot.com/2013/04/hummus-s-cervenou-repou.html,1365951147,svačiny a chuťovky,unread
Mrkvové mafiny. Kúsok jari do kuchyne.,http://foodependence.blogspot.com/2013/04/mrkvove-mafiny-kusok-jari-do-kuchyne.html,1365951274,dezerty,unread
http://www.paleocupboard.com/watermelon-cake.html,http://www.paleocupboard.com/watermelon-cake.html,1466688953,dezerty,unread
Jehněčí plec s medvědím česnekem,http://www.menudomu.cz/jehneci-plec-s-medvedim-cesnekem/,1366032535,hlavní jídla,unread
Lněné suchary!,http://dhealthytrack.blogspot.com/2013/04/lnene-suchary.html?utm_source=feedly,1366132164,svačiny a chuťovky,unread
Sýrové koláčky,http://gurmankalenulka.blogspot.com/2013/04/syrove-kolacky.html?utm_source=feedly,1366136873,svačiny a chuťovky,unread
Pečení bez mouky....Life-Changing bread podle My New Roots,http://delicious-blog-lucie.blogspot.com/2013/04/peceni-bez-moukylife-changing-bread.html?utm_source=feedly,1366137845,pečivo,unread
Paleo rissoto,http://the-beauty-gloss.blogspot.com/2013/04/paleo-rissoto.html?utm_source=feedly,1366231224,hlavní jídla,unread
http://kblog.lunchboxbunch.com/2013/04/tempeh-reuban-club-sandwich-split.html,http://kblog.lunchboxbunch.com/2013/04/tempeh-reuban-club-sandwich-split.html,1467201955,hlavní jídla,unread
Rychlý oběd: Sendvič s vejcem a čedarem,http://drobecky.blogspot.com/2013/04/rychly-obed-sendvic-s-vejcem-cedarem.html?utm_source=feedly,1366277857,hlavní jídla,unread
Sójovo-mrkvová směs s pečeným bramborem a dipem,http://hubneme-a-zhubneme.blogspot.com/2013/04/sojovo-mrkvova-smes-s-pecenym-bramborem.html?utm_source=feedly,1366278559,hlavní jídla,unread
Sweet Chilli Chicken – kuřecí paličky,http://www.menudomu.cz/sweet-chilli-chicken/?utm_source=feedly,1366278942,hlavní jídla,unread
Fialkové bonbonky,http://www.laskominyodmaryny.cz/2013/04/fialkove-bonbonky.html?utm_source=feedly,1366278985,dezerty,unread
Pečená kuřecí stehýnka,http://jedlikovo-vareni.blogspot.com/2013/04/pecena-kureci-stehynka.html?utm_source=feedly,1366281792,hlavní jídla,unread
"Jídlo je alchymie, říká Ivana Jirešová",http://www.svet-potravin.cz/clanek.aspx?id=3436&utm_source=feedly,1366290267,hlavní jídla|přílohy,unread
Violkový cukr,http://www.laskominyodmaryny.cz/2013/04/violkovy-cukr.html?utm_source=feedly,1366358808,dezerty,unread
Pečené kuřecí karbanátky s mrkví,http://kivibloguje.blogspot.com/2013/04/pecene-kureci-karbanatky-s-mrkvi.html?utm_source=feedly,1366359431,hlavní jídla,unread
Čokoládové muffiny podle Nigelly Lawson,http://janaathome.blogspot.com/2013/04/cokoladove-muffiny-podle-nigelly-lawson.html?utm_source=feedly,1366359821,dezerty,unread
Jídlo jako odměna či prostředek k sebekontrole   Paleo cuketové lívanečky,http://the-beauty-gloss.blogspot.com/2013/04/jidlo-jako-odmena-ci-prostredek-k.html?utm_source=feedly,1366410874,snídaně,unread
Victoria whoopie,http://unavenavarecka.blogspot.com/2013/04/victoria-whoopie.html?utm_source=feedly,1366410933,dezerty,unread
Saltytoothday - chačapuri,http://dulique.blogspot.com/2013/04/saltytoothday-chacapuri.html?utm_source=feedly,1366568660,hlavní jídla|svačiny a chuťovky,unread
Voňavé fialky v cukru,http://janaathome.blogspot.com/2013/04/vonave-fialky-v-cukru.html?utm_source=feedly,1366569746,dezerty,unread
"Kakaový ""pudink""",http://delicious-blog-lucie.blogspot.com/2013/04/kakaovy-pudink.html?utm_source=feedly,1366570705,dezerty,unread
Šťavnaté pečené rebierka,http://varimeslaskou.blogspot.com/2013/04/stavnate-pecene-rebierka.html?utm_source=feedly,1366570864,hlavní jídla,unread
"Těstoviny s dýňovo-rajčatovým pyré, tofu a vegan parmezánem",http://bezkrutosti.blogspot.com/2013/04/testoviny-s-dynovo-rajcatovym-pyre-tofu.html?utm_source=feedly,1366572495,hlavní jídla,unread
Čokopiškoty s fialkovým želé,http://www.laskominyodmaryny.cz/2013/04/cokopiskoty-s-fialkovym-zele.html?utm_source=feedly,1366572581,dezerty,unread
Zeleninové placičky s tofu a česnekovým dipem,http://cucinare-con-amore.blogspot.com/2013/04/zeleninove-placicky-s-tofu-cesnekovym.html?utm_source=feedly,1366572898,hlavní jídla,unread
Banánovo-pomerančový koktejl,http://martininakuchyne.blogspot.com/2013/04/bananovo-pomerancovy-koktejl.html?utm_source=feedly,1366573990,nápoje|snídaně,unread
Hustá obědová polévka,http://bezkrutosti.blogspot.com/2013/04/husta-obedova-polevka.html?utm_source=feedly,1366574777,polévky,unread
Fialkové želé,http://www.laskominyodmaryny.cz/2013/04/fialkove-zele.html?utm_source=feedly,1366574822,dezerty,unread
2x banánové lívance a pokaždé jinak,http://hubneme-a-zhubneme.blogspot.com/2013/04/2x-bananove-livance-pokazde-jinak.html?utm_source=feedly,1366575373,snídaně,unread
Celozrnný koláč se žampiony a gorgonzolou,http://delicious-blog-lucie.blogspot.com/2013/04/celozrnny-kolac-se-zampiony-gorgonzolou.html?utm_source=feedly,1366575635,hlavní jídla|svačiny a chuťovky,unread
Výzva The Daring Bakers: Celozrnné krekry s olivovým olejem,http://catalinapece.blogspot.com/2013/04/vyzva-daring-bakers-celozrnne-krekry-s.html?utm_source=feedly,1366610561,svačiny a chuťovky,unread
Guacamole a extra pálivé masíčko s rajčatovou salsou,http://the-beauty-gloss.blogspot.com/2013/04/guacamole-extra-palive-masicko-s.html?utm_source=feedly,1366662241,hlavní jídla|saláty,unread
Rajská polévka z rajského protlaku,http://kivibloguje.blogspot.com/2013/04/rajska-polevka-z-rajskeho-protlaku.html?utm_source=feedly,1366662286,polévky,unread
Risotto s hráškom a slaninou,http://anetagoesyummi.blogspot.com/2013/04/risotto-s-hraskom-slaninou.html?utm_source=feedly,1366665143,hlavní jídla,unread
Jednoduchý a hladký Hummus,http://crustycorner.blogspot.com/2013/04/jednoduchy-hladky-hummus.html?utm_source=feedly,1366685145,svačiny a chuťovky,unread
Košíčky s fialkovým želé,http://www.laskominyodmaryny.cz/2013/04/kosicky-s-fialkovym-zele.html?utm_source=feedly,1366704080,dezerty,unread
Rychlá tuňáková pomazánka,http://jedlikovo-vareni.blogspot.com/2013/04/rychla-tunakova-pomazanka.html?utm_source=feedly,1366704660,pomazánky,unread
Dvě snídaně s chia semínky,http://hubneme-a-zhubneme.blogspot.com/2013/04/dve-snidane-s-chia-seminky.html?utm_source=feedly,1366704699,snídaně,unread
Piškóta s jablkovým krémom a Baileys toppingom,http://varimeslaskou.blogspot.com/2013/04/piskota-s-jablkovym-kremom-baileys.html?utm_source=feedly,1366722481,dezerty,unread
Sladká Polentová KašE S Jablkem A OřEchy,http://eat-withlove.blogspot.com/2013/04/sladka-polentova-kase-s-jablkem-orechy.html?utm_source=feedly,1366790030,snídaně,unread
Cizrnové blondies,http://delicious-blog-lucie.blogspot.com/2013/04/cizrnove-blondies.html?utm_source=feedly,1366838551,dezerty,unread
Tatrák z cvikle,http://matapecie.blogspot.com/2013/04/tatrak-z-cvikle-cervenej-repy.html?utm_source=feedly,1366838578,hlavní jídla|svačiny a chuťovky,unread
Soft strawberrie cake...,http://unavenavarecka.blogspot.com/2013/04/soft-strawberrie-cake.html?utm_source=feedly,1366843122,dezerty,unread
Guacamole,http://zdravejist.blogspot.com/2013/04/guacamole.html?utm_source=feedly,1366843644,svačiny a chuťovky,unread
Domácí Caesar Burger,http://www.menudomu.cz/domaci-caesar-burger/?utm_source=feedly,1367161550,hlavní jídla,unread
Domácí houska / bulka / brioška na burger,http://www.menudomu.cz/domaci-houska-bulka-brioska-na-burger/?utm_source=feedly,1367161579,pečivo,unread
Povídání o bylinkách... Bobkový list,http://unavenavarecka.blogspot.com/2013/04/povidani-o-bylinkach-bobkovy-list.html?utm_source=feedly,1367087794,nápoje|polévky,unread
Jablečný moučník s kokosem,http://martininakuchyne.blogspot.com/2013/04/jablecny-moucnik-s-kokosem.html?utm_source=feedly,1367093158,dezerty,unread
Tvarohové gnocchi s pestem z medvědího česneku,http://delicious-blog-lucie.blogspot.com/2013/04/tvarohove-gnocchi-s-pestem-z-medvediho.html?utm_source=feedly,1367093197,hlavní jídla,unread
Kuracia pecenova pasteta s vinovym zele,http://adkas-tastyfood.blogspot.com/2013/04/kuracia-pecenova-pasteta-s-vinovym-zele.html?utm_source=feedly,1367150223,svačiny a chuťovky,unread
"Saltytoothday - kuře na soli a rýže s mrkví, rozinkami a kardamomem",http://dulique.blogspot.com/2013/04/saltytoothday-kure-na-soli-ryze-s-mrkvi.html?utm_source=feedly,1367150555,hlavní jídla,unread
Jogurtova torta z  ciernych ribezli s malovanym zele,http://adkas-tastyfood.blogspot.com/2013/04/jogurtova-torta-z-ciernyh-ribezli-s.html?utm_source=feedly,1367150865,dezerty,unread
Zeytinyagli kabak,http://nazarboncukagaci.blogspot.com/2013/04/zeytinyagli-kabak.html?utm_source=feedly,1367150902,hlavní jídla,unread
Inspirace (nejen) pro paleo jedlíky - SNÍDANĚ,http://the-beauty-gloss.blogspot.com/2013/04/inspirace-nejen-pro-paleo-jedliky.html?utm_source=feedly,1367151243,snídaně,unread
Domácí lučina,http://delicious-blog-lucie.blogspot.com/2013/04/domaci-lucina.html?utm_source=feedly,1367160746,pomazánky,unread
Levandulovo-medové bábovičky,http://luciedvorakova.blogspot.com/2013/04/levandulovo-medove-babovicky.html?utm_source=feedly,1367161788,dezerty,unread
Žihľavové pesto,http://somktosom.blogspot.com/2013/04/zihlavove-pesto.html?utm_source=feedly,1367161848,hlavní jídla,unread
Cesnakové potešenie,http://www.natanieri.sk/cesnakove-potesenie/?utm_source=feedly,1367163512,hlavní jídla|svačiny a chuťovky,unread
Simply better and happy ッ: Jarní snídaně: Parfait alá studený ovocný dort,http://betterandhappy.blogspot.cz/2013/04/jarni-snidane-parfait-ala-studeny.html,1367286818,snídaně,unread
Jahodove mini torticky,http://adkas-tastyfood.blogspot.com/2013/04/jahodove-mini-torticky.html?utm_source=feedly,1367278006,dezerty,unread
Ořechový dort s máslovo-perníkovým krémem,http://vypecenyden.blogspot.com/2013/04/orechovy-dort-s-maslovo-pernikovym.html?utm_source=feedly,1367278076,dezerty,unread
"Celerové hranolky s ""kečupem""",http://delicious-blog-lucie.blogspot.com/2013/04/celerove-hranolky-s-kecupem.html?utm_source=feedly,1367278636,přílohy,unread
Hünkar Beğendi alebo ako sa to jedlo volá??,http://nazarboncukagaci.blogspot.com/2013/04/hunkar-begendi-alebo-ako-sa-to-jedlo.html?utm_source=feedly,1367279035,hlavní jídla,unread
Křehký Koláč s Chřestem a Bazalkovým Krémem,http://veganotic.blogspot.com/2013/04/krehky-kolac-s-chrestem-bazalkovym.html?utm_source=feedly,1367279139,#chřestová sezóna|hlavní jídla|svačiny a chuťovky,unread
Rychlý oběd: Pohanka se zeleninou,http://drobecky.blogspot.com/2013/04/rychly-obed-pohanka-se-zeleninou.html?utm_source=feedly,1367280339,hlavní jídla,unread
Dobrý koláč,http://polnekvety.blogspot.com/2013/04/dobry-kolac_28.html?utm_source=feedly,1367285971,dezerty,unread
Sladké skořicové brambory s masem,http://the-beauty-gloss.blogspot.com/2013/04/sladke-skoricove-brambory-s-masem.html?utm_source=feedly,1367286299,hlavní jídla,unread
Dort s jahodovýma příšerkama,http://vypecenyden.blogspot.com/2013/04/dort-s-jahodovyma-priserkama.html?utm_source=feedly,1367286396,dezerty,unread
Taliansky chlieb s olivami a susenymi paradajkami  - Olive and rosemary foc,http://adkas-tastyfood.blogspot.com/2013/04/taliansky-chlieb-s-olivami-susenymi.html?utm_source=feedly,1367286585,pečivo,unread
Mrkvový koláč - carrot cake po II.,http://matapecie.blogspot.com/2013/04/mrkvovy-kolac-carrot-cake-po-ii.html?utm_source=feedly,1367286619,dezerty,unread
"Kuřecí na kari s jablky, cibulí a rýží",http://kivibloguje.blogspot.com/2013/04/kureci-na-kari-s-jablky-cibuli-ryzi.html?utm_source=feedly,1367356319,hlavní jídla,unread
Savarin - Výzva The Daring Bakers',http://luciedvorakova.blogspot.com/2013/05/savarin-vyzva-daring-bakers.html?utm_source=feedly,1367384141,dezerty,unread
"CELOZRNNÉ PALAČINKY S DOMÁCÍ ""NUTELOU"", BANÁNEM A MANDLEMI",http://eat-withlove.blogspot.com/2013/05/celozrnne-palacinky-s-domaci-nutelou.html?utm_source=feedly,1367385820,snídaně,unread
Citronový bochník,http://crustycorner.blogspot.com/2013/04/citronovy-bochnik.html?utm_source=feedly,1367386306,dezerty,unread
Celozrnné špagety s hráškovým pestem a krevetami,http://delicious-blog-lucie.blogspot.com/2013/05/celozrnne-spagety-s-hraskovym-pestem.html?utm_source=feedly,1367394887,hlavní jídla,unread
KANÁRSKÝ KOUTEK – přímo ze Španělska,http://slecna.info/tvuj-svet/kanarsky-koutek-primo-ze-spanelska/?utm_source=feedly,1367394994,hlavní jídla,unread
Falešný prejt,http://cucinare-con-amore.blogspot.com/2013/05/falesny-prejt.html?utm_source=feedly,1367403760,hlavní jídla,unread
Zo záhradky,http://polnekvety.blogspot.com/2013/05/zo-zahradky.html?utm_source=feedly,1367449088,snídaně,unread
Bílý chřest s pošírovaným vejcem,http://delicious-blog-lucie.blogspot.com/2013/05/bily-chrest-s-posirovanym-vejcem.html?utm_source=feedly,1367520914,#chřestová sezóna|hlavní jídla,unread
Žemlovka á la Koko,http://www.menudomu.cz/zemlovka-a-la-koko/?utm_source=feedly,1367521145,dezerty|hlavní jídla,unread
Minipost. Škoricový cukor.,http://foodependence.blogspot.com/2013/05/minipost-skoricovy-cukor.html?utm_source=feedly,1367579042,dezerty,unread
Jahodové cupcake,http://unavenavarecka.blogspot.com/2013/05/jahodove-cupcake.html?utm_source=feedly,1367602112,dezerty,unread
Chia džem,http://delicious-blog-lucie.blogspot.com/2013/05/chia-dzem.html?utm_source=feedly,1367608580,"marmelády, zavařování",unread
Malinový cheesecake s bílou čokoládou,http://crustycorner.blogspot.com/2013/05/malinovy-cheesecake-s-bilou-cokoladou.html?utm_source=feedly,1367666322,dezerty,unread
Jáhlovo-čočkový salát,http://delicious-blog-lucie.blogspot.com/2013/05/jahlovo-cockovy-salat.html?utm_source=feedly,1367703108,saláty,unread
Fitness as a lifestyle ♥: Food Inspiration XXXV.,http://fitnessgirl-lifestyle.blogspot.com/2013/05/food-inspiration-xxxv.html,1367740323,hlavní jídla|saláty|snídaně|svačiny a chuťovky,unread
Karotkové cupcake,http://cucinare-con-amore.blogspot.com/2013/05/karotkove-cupcake.html?utm_source=feedly,1367742421,dezerty,unread
Cestoviny so špenátovým pestom.,http://foodependence.blogspot.com/2013/05/cestoviny-so-spenatovym-pestom.html?utm_source=feedly,1367748408,hlavní jídla,unread
Tulipán versus rebarbora,http://janaathome.blogspot.com/2013/05/tulipan-versus-rebarbora.html?utm_source=feedly,1367793909,dezerty,unread
Schwarzwaldska torta,http://adkas-tastyfood.blogspot.com/2013/05/schwarzwaldska-torta.html?utm_source=feedly,1367794296,dezerty,unread
"Připravte si autentické lasagne, radí Roman Paulus | Dobrá chuť | www.lidov",http://www.lidovky.cz/pripravte-si-autenticke-lasagne-radi-roman-paulus-fsn-/dobra-chut.aspx?c=A130506_090559_dobra-chut_ape#utm_source=feedly,1369302286,,unread
Fitness as a lifestyle ♥: Nejen z OVSA kašička! #1 - snídejme s RÝŽÍ :),http://fitnessgirl-lifestyle.blogspot.com/2013/05/nejen-z-ovsa-kasicka-1-snidejme-s-ryzi.html,1367880137,snídaně,unread
Restovaný květák s tahini zálivkou   Co je ketóza?,http://the-beauty-gloss.blogspot.com/2013/05/restovany-kvetak-s-tahini-zalivkou-co.html?utm_source=feedly,1367870458,přílohy|saláty,unread
Borůvkový chlebíček,http://drobecky.blogspot.com/2013/05/boruvkovy-chlebicek.html?utm_source=feedly,1367871872,dezerty,unread
Tiramisu,http://adkas-tastyfood.blogspot.com/2013/05/tiramisu.html?utm_source=feedly,1367873949,dezerty,unread
Kukuřičné placky s guacamole a salsou!,http://dhealthytrack.blogspot.com/2013/05/kukuricne-placky-s-guacamole-salsou.html?utm_source=feedly,1367876614,hlavní jídla,unread
Špaldové pletýnky a rohlíky,http://kivibloguje.blogspot.com/2013/05/spaldove-pletynky-rohliky.html?utm_source=feedly,1367876652,pečivo,unread
Vařil v jedné z nejlepších restauracích světa. Které recepty vybral do kuch,http://www.lidovky.cz/dobra-chut.aspx?c=A130506_142426_dobra-chut_ape&utm_source=feedly,1367921267,hlavní jídla,unread
Kakaový koláč s kokosom.,http://foodependence.blogspot.com/2013/05/kakaovy-kolac-s-kokosom.html?utm_source=feedly,1367930287,dezerty,unread
Domácí čokoládový puding,http://unavenavarecka.blogspot.com/2013/05/domaci-cokoladovy-puding.html?utm_source=feedly,1367957092,dezerty,unread
Artyčoková pomazánka,http://cucinare-con-amore.blogspot.com/2013/05/artycokova-pomazanka.html?utm_source=feedly,1368030895,pomazánky,unread
Gulášová (nefotogenická) polévka,http://zdravejist.blogspot.com/2013/05/gulasova-nefotogenicka-polevka.html?utm_source=feedly,1368038972,polévky,unread
Z pondělní návštěvy,http://u-jasnenky.blogspot.com/2013/05/z-pondelni-navstevy.html?utm_source=feedly,1368124772,pomazánky|svačiny a chuťovky,unread
"""Nereceptová jídla"" - obídky poprvé ;-)",http://hubneme-a-zhubneme.blogspot.com/2013/05/nereceptova-jidla-obidky-poprve.html?utm_source=feedly,1368183848,hlavní jídla,unread
"Nedejte na první pohled, smrž chutná výborně. Zkuste 5 NEJ receptů | Dobrá ",http://www.lidovky.cz/dobra-chut.aspx?c=A130509_165422_dobra-chut_vsv&utm_source=feedly,1368190223,hlavní jídla|polévky|pomazánky,unread
Cuketová polievka.,http://foodependence.blogspot.com/2013/05/cuketova-polievka.html?utm_source=feedly,1368209019,polévky,unread
Jahodovo-rebarborové muffiny s drobenkou,http://delicious-blog-lucie.blogspot.com/2013/05/jahodovo-rebarborove-muffiny.html?utm_source=feedly,1368213866,dezerty,unread
Sweettoothday: japonský cheesecake,http://dulique.blogspot.com/2013/05/sweettoothday-japonsky-cheesecake.html?utm_source=feedly,1368289866,dezerty,unread
Změny aneb nabíráme!   Batáty 3x jinak,http://the-beauty-gloss.blogspot.com/2013/05/zmeny-aneb-nabirame-bataty-3x-jinak.html?utm_source=feedly,1368301494,přílohy|svačiny a chuťovky,unread
Penne con olive nere e salmone affumicato - Penne s čiernymi olivami a úden,http://dorasart.blogspot.com/2013/05/penne-con-olive-nere-e-salmone.html?utm_source=feedly,1368301617,hlavní jídla,unread
Dva receptíky ze šmakouna aneb snídáme a obědváme šmakouna :-),http://hubneme-a-zhubneme.blogspot.com/2013/05/dva-receptiky-ze-smakouna-aneb-snidame.html?utm_source=feedly,1368351585,hlavní jídla|snídaně,unread
Špargľový krém so syrom Jadel,http://varimeslaskou.blogspot.com/2013/05/sparglovy-krem-so-syrom-jadel.html?utm_source=feedly,1368351657,#chřestová sezóna|polévky,unread
Rezy Elvira,http://adkas-tastyfood.blogspot.com/2013/05/rezy-elvira.html?utm_source=feedly,1368351696,dezerty,unread
Krok za krokem: zkuste pampeliškový 'med',http://www.lidovky.cz/dobra-chut.aspx?c=A130510_103512_dobra-chut_mc&utm_source=feedly,1368362438,"marmelády, zavařování",unread
Jahody a Mascarpone,http://unavenavarecka.blogspot.com/2013/05/jahody-mascarpone.html?utm_source=feedly,1368380770,dezerty,unread
Hovězí burger s hráškovým pyré,http://delicious-blog-lucie.blogspot.com/2013/05/hovezi-burger-s-hraskovym-pyre.html?utm_source=feedly,1368386291,hlavní jídla,unread
"Květáková pizza, cuketové těstoviny & absťák",http://the-beauty-gloss.blogspot.com/2013/05/kvetakova-pizza-cuketove-testoviny.html?utm_source=feedly,1368386417,hlavní jídla,unread
Domácí čokoládové cookies podle Verunky,http://jedlikovo-vareni.blogspot.com/2013/05/domaci-cokoladove-cookies-podle-verunky.html?utm_source=feedly,1368396851,dezerty,unread
Fantasticky prostřeno - Listerovo Vindaloo aneb Konečně pořádnej indickej v,http://www.fantasyplanet.cz/clanek/fantasticky-prostreno-listerovo-vindaloo-aneb-konecne-poradnej-indickej-vypalovak?utm_source=feedly,1368398923,hlavní jídla,unread
"Muffiny s rebarborou, škoricou a maslovou mrveničkou",http://matapecie.blogspot.com/2013/05/muffiny-s-rebarborou-skoricou-maslovou.html?utm_source=feedly,1368467674,dezerty,unread
Čekanka ve slanině s parmazánem,http://cucinare-con-amore.blogspot.com/2013/05/cekanka-ve-slanine-s-parmazanem.html?utm_source=feedly,1368469611,hlavní jídla,unread
Kitchenette — Karamelovo-ovesné sušenky,http://www.kitchenette.cz/clanek/158-karamelovo-ovesne-susenky,1371501249,dezerty,unread
Vločkovo jogurtové muffinky,http://hubneme-a-zhubneme.blogspot.com/2013/05/vlockovo-jogurtove-muffinky.html?utm_source=feedly,1368502786,dezerty,unread
Šťovíková polévka,http://www.gurmanka.cz/2013/05/stovikova-polevka?utm_source=feedly,1368526693,polévky,unread
Perník.,http://foodependence.blogspot.com/2013/05/pernik.html?utm_source=feedly,1368534549,dezerty,unread
Nejrychlejší müsli tyčinky,http://delicious-blog-lucie.blogspot.com/2013/05/nejrychlejsi-musli-tycinky.html?utm_source=feedly,1368561002,snídaně|svačiny a chuťovky,unread
Cookies z arašídového másla,http://drobecky.blogspot.com/2013/05/cookies-z-arasidoveho-masla.html?utm_source=feedly,1368612535,dezerty,unread
"Pohanková ""kaše"" s rebarborovým kompotem",http://delicious-blog-lucie.blogspot.com/2013/05/pohankova-kase-s-rebarborovym-kompotem.html?utm_source=feedly,1368646481,snídaně,unread
Rebarborové muffiny s drobenkou,http://luciedvorakova.blogspot.com/2013/05/rebarborove-muffiny-s-drobenkou.html?utm_source=feedly,1368650657,dezerty,unread
Dva obrácené koláče a opět každý jiný :-),http://hubneme-a-zhubneme.blogspot.com/2013/05/dva-obracene-kolace-opet-kazdy-jiny.html?utm_source=feedly,1368688574,dezerty,unread
Zbierame prvú úrodu,http://www.natanieri.sk/zbierame-prvu-urodu/?utm_source=feedly,1368698261,#chřestová sezóna|snídaně|svačiny a chuťovky,unread
Medovník alá Lenča,http://gurmankalenulka.blogspot.com/2013/05/medovnik-ala-lenca.html?utm_source=feedly,1368722370,dezerty,unread
Rychlý špaldový koláč na plech,http://kivibloguje.blogspot.com/2013/05/rychly-spaldovy-kolac-na-plech.html?utm_source=feedly,1368722604,dezerty,unread
banana bread,http://e-cake.blogspot.com/2013/05/banana-bread.html?utm_source=feedly,1368726879,dezerty,unread
Kuře Kung Pao,http://www.menudomu.cz/kure-kung-pao/?utm_source=feedly,1368733636,hlavní jídla,unread
Těstovinový salát s tuňákem,http://jedlikovo-vareni.blogspot.com/2013/05/testovinovy-salat-s-tunakem.html?utm_source=feedly,1368744594,hlavní jídla|saláty,unread
Chřestový salát či celerové bábovičky. Vyzkoušejte jarní recepty,http://www.lidovky.cz/dobra-chut.aspx?c=A130516_165524_dobra-chut_mc&utm_source=feedly,1368770637,hlavní jídla|saláty|svačiny a chuťovky,unread
Pikantní salát z červené řepy s vlašskými ořechy,http://kivibloguje.blogspot.com/2013/05/pikantni-salat-z-cervene-repy-s.html?utm_source=feedly,1368773701,saláty,unread
Snídaňová buchta pro začátečníky,http://kivibloguje.blogspot.com/2013/05/snidanova-buchta-pro-zacatecniky.html?utm_source=feedly,1368776059,dezerty|snídaně,unread
Špenátové těstoviny,http://zdravejist.blogspot.com/2013/05/spenatove-testoviny.html?utm_source=feedly,1368816691,hlavní jídla,unread
Nutelové řezy s vůní skořice - Recepty.cz - On-line kuchařka,http://www.recepty.cz/recept/nutelove-rezy-s-vuni-skorice-10116,1368817023,dezerty,unread
Celozrnný quiche s jarní cibulkou a šunkou,http://delicious-blog-lucie.blogspot.com/2013/05/celozrnny-quiche-s-jarni-cibulkou-sunkou.html?utm_source=feedly,1368829828,hlavní jídla,unread
"""Nereceptová jídla"" - večeře počtvrté ;-)",http://hubneme-a-zhubneme.blogspot.com/2013/05/nereceptova-jidla-vecere-poctvrte.html?utm_source=feedly,1368851721,hlavní jídla,unread
Zeleninový salát s balkánským sýrem,http://kivibloguje.blogspot.com/2013/05/zeleninovy-salat-s-balkanskym-syrem.html?utm_source=feedly,1368863777,saláty,unread
Špaldová piškotová bábovka,http://kivibloguje.blogspot.com/2013/05/spaldova-piskotova-babovka.html?utm_source=feedly,1368888282,dezerty,unread
Banánovo-kokosový tvarožník,http://delicious-blog-lucie.blogspot.com/2013/05/bananovo-kokosovy-tvaroznik.html?utm_source=feedly,1368911701,dezerty,unread
Zápisky Kačky Žvýkačky: Jak dvě buchty pekly buchty...,http://kackazvykacka.blogspot.cz/2012/02/jak-dve-buchty-pekly-buchty.html,1368918796,dezerty|hlavní jídla,unread
Zápisky Kačky Žvýkačky: Měla Kačka 4 jabka a nejdražší chleba na světě,http://kackazvykacka.blogspot.cz/2012/02/mela-kacka-4-jabka-nejdrazsi-chleba-na.html,1368919519,dezerty|hlavní jídla,unread
Melasové keksíky,http://umeniezit.blogspot.cz/2012/02/melasove-keksiky.html,1368919745,dezerty,unread
Zápisky Kačky Žvýkačky: Greta Garbo a já...,http://kackazvykacka.blogspot.cz/2012/02/greta-garbo-ja.html,1368920509,svačiny a chuťovky,unread
umenie žiť: Pistáciová torta,http://umeniezit.blogspot.cz/2012/03/pistaciova-torta.html,1368922660,dezerty,unread
Ladove orechovo-kakaove kocky,http://adkas-tastyfood.blogspot.com/2013/05/ladove-orechovo-kakaove-kocky.html?utm_source=feedly,1368948426,dezerty,unread
Mexican bean chilli recipe - Recipes - BBC Good Food,http://www.bbcgoodfood.com/recipes/3077675/mexican-bean-chilli?binderbox=showlogin,1368948720,hlavní jídla,unread
My milkshake brings all the boys to the yard,http://veganotic.blogspot.com/2013/05/my-milkshake-brings-all-boys-to-yard.html?utm_source=feedly,1368972915,nápoje|snídaně,unread
Risotto s kuřecím masem a hráškem,http://unavenavarecka.blogspot.com/2013/05/risotto-s-kurecim-masem-hraskem.html?utm_source=feedly,1368988250,hlavní jídla,unread
Od krásné krávy k rýžovému mléku,http://cuocadolce.blogspot.com/2013/05/od-krasne-kravy-k-ryzovemu-mleku.html?utm_source=feedly,1368993425,nápoje|snídaně,unread
Raw cobbler,http://delicious-blog-lucie.blogspot.com/2013/05/raw-cobbler.html?utm_source=feedly,1369000214,dezerty,unread
Pečené morčacie stehno na víne s gratinovanými zemiakmi s parmezánom a špar,http://anetagoesyummi.blogspot.com/2013/05/pecene-morcacie-stehno-na-vine-s_20.html?utm_source=feedly,1369041917,hlavní jídla,unread
Jak připravit chutné smrže? Poradí Roman Paulus,http://www.lidovky.cz/dobra-chut.aspx?c=A130515_093910_dobra-chut_ape&utm_source=feedly,1369042751,hlavní jídla,unread
Pasteis de nata / Pasteis de Belém,http://luciedvorakova.blogspot.com/2013/05/pasteis-de-nata-pasteis-de-belem.html?utm_source=feedly,1369060878,dezerty,unread
Zlaté halušky,http://tvorimpreradost.blogspot.com/2013/05/zlate-halusky_20.html?utm_source=feedly,1369061596,dezerty,unread
Sezóna: Rebarbora,http://www.menudomu.cz/rebarbora/?utm_source=feedly,1369070124,"dezerty|marmelády, zavařování",unread
Pomerančovo-rýžový nákyp,http://www.laskominyodmaryny.cz/2013/05/pomerancovo-ryzovy-nakyp.html?utm_source=feedly,1369143415,dezerty,unread
"Recepty pro chlapy? Rychlé a bez špinavého nádobí, říká šéfkuchař",http://www.lidovky.cz/dobra-chut.aspx?c=A130520_141322_dobra-chut_ape&utm_source=feedly,1369144337,svačiny a chuťovky,unread
Cuketové nudle s mrkvovým krémem,http://delicious-blog-lucie.blogspot.com/2013/05/cuketove-nudle-s-mrkvovym-kremem.html?utm_source=feedly,1369147965,hlavní jídla,unread
Bramborový Quiche S Cibulovou NáPlní,http://www.goodmoodspoon.com/2013/05/bramborovy-quiche-s-cibulovou-naplni.html?utm_source=feedly,1369156386,hlavní jídla|svačiny a chuťovky,unread
Spálila vás kopřiva? Na revma to nemá vliv - Vitalia.cz,http://www.vitalia.cz/clanky/revma-nedojima-kdyz-vas-spali-kopriva/#utm_source=feedly,1369220709,,unread
"Cuketovo-kuřecí ""karbanátky"" s bramborovou kaší",http://hubneme-a-zhubneme.blogspot.com/2013/05/cuketovo-kureci-karbanatky-s.html?utm_source=feedly,1369217593,hlavní jídla,unread
Jahodové cupcakes,http://www.laskominyodmaryny.cz/2013/05/jahodove-cupcakes.html?utm_source=feedly,1369237869,dezerty,unread
Jahodový sorbet a jahodové Madlenky,http://unavenavarecka.blogspot.com/2013/05/jahodovy-sorbet-jahodove-madlenky.html?utm_source=feedly,1369248728,dezerty,unread
Jarní inspirace - saláty | Svět potravin,http://www.svet-potravin.cz/clanek.aspx?id=3481&utm_source=feedly,1369266030,saláty,unread
Ideální večeře? Grilované ryby. Zkuste sardinky s polníčkem,http://www.lidovky.cz/dobra-chut.aspx?c=A130522_114003_dobra-chut_ape&utm_source=feedly,1369293536,hlavní jídla,unread
A baza vonia... | Natanieri.sk,http://www.natanieri.sk/a-baza-vonia/?utm_source=feedly,1369302040,svačiny a chuťovky,unread
Dora´s art: Maccheroni con puré di sedano e polpette di ricotta - Makaróny ,http://dorasart.blogspot.cz/2013/05/maccheroni-con-pesto-di-sedano-e.html?utm_source=feedly,1369302058,hlavní jídla,unread
Sýrové suflé s chřestovým ragú,http://www.menudomu.cz/syrove-sufle-s-chrestovym-ragu/?utm_source=feedly,1369306610,#chřestová sezóna|hlavní jídla,unread
Artyčoky á la barigoule,http://www.menudomu.cz/artycoky-a-la-barigoule/?utm_source=feedly,1369311532,hlavní jídla|svačiny a chuťovky,unread
Semínkové krekry,http://delicious-blog-lucie.blogspot.com/2013/05/seminkove-krekry.html?utm_source=feedly,1369341286,pečivo|svačiny a chuťovky,unread
Jahodovo-rebarborové minikoláčky s drobenkou,http://vypecenyden.blogspot.com/2013/05/jahodovo-rebarborove-minikolacky-s.html?utm_source=feedly,1369341360,dezerty,unread
Mriežkovaný medový koláč alebo náš rodinný MREŽOVNÍK č.1,http://polnekvety.blogspot.com/2013/05/mriezkovany-medovy-kolac-alebo-nas.html?utm_source=feedly,1369341395,dezerty,unread
Bryndzová nátierka,http://somktosom.blogspot.com/2013/05/bryndzova-natierka.html?utm_source=feedly,1369377832,pomazánky,unread
Jahodový koktejl se zmrzlinou,http://www.laskominyodmaryny.cz/2013/05/jahodovy-koktejl-se-zmrzlinou.html?utm_source=feedly,1369377887,nápoje,unread
"Palačinky s domácí ""nutelou"" a rozvarem z jahod",http://hubneme-a-zhubneme.blogspot.com/2013/05/palacinky-s-domaci-nutelou-rozvarem-z.html?utm_source=feedly,1369377958,snídaně,unread
Kırmızı biber salatası alebo červená je dobrá,http://nazarboncukagaci.blogspot.com/2013/05/krmz-biber-salatas-alebo-cervena-je.html?utm_source=feedly,1369414618,saláty,unread
Placičky se špenátem a jarní cibulkou,http://delicious-blog-lucie.blogspot.com/2013/05/placicky-se-spenatem-jarni-cibulkou.html?utm_source=feedly,1369423240,hlavní jídla,unread
Bacha na ty ořechy!   3 nové paleo recepty,http://the-beauty-gloss.blogspot.com/2013/05/bacha-na-ty-orechy-3-nove-paleo-recepty.html?utm_source=feedly,1369428466,hlavní jídla|přílohy,unread
"""Nereceptová jídla"" - snídaně potřetí ;-)",http://hubneme-a-zhubneme.blogspot.com/2013/05/nereceptova-jidla-snidane-potreti.html?utm_source=feedly,1369466624,snídaně,unread
Krémová zeleninová polévka,http://the-beauty-gloss.blogspot.com/2013/05/kremova-zeleninova-polevka.html?utm_source=feedly,1369511418,polévky,unread
Domácí mandlové mléko   smoothie,http://delicious-blog-lucie.blogspot.com/2013/05/domaci-mandlove-mleko-smoothie.html?utm_source=feedly,1369513867,nápoje|snídaně,unread
Španělská česnečka,http://zdravejist.blogspot.com/2013/05/spanelska-cesnecka.html?utm_source=feedly,1369566768,polévky,unread
Smetanová zmrzlina s čokoládovou polevou,http://unavenavarecka.blogspot.com/2013/05/smetanova-zmrzlina-s-cokoladovou-polevou.html?utm_source=feedly,1369588784,dezerty,unread
Šparglové tyčinky s filo těstem,http://www.laskominyodmaryny.cz/2013/05/sparglove-tycinky-s-filo-testem.html?utm_source=feedly,1369590958,#chřestová sezóna|hlavní jídla|svačiny a chuťovky,unread
Milanske hovadzie rezne,http://adkas-tastyfood.blogspot.com/2013/05/milanske-rezne.html?utm_source=feedly,1369596060,hlavní jídla,unread
"Avokádové krémové ''těstoviny'' - RAW, paleo, vegan   Kuřecí nudličky s ara",http://the-beauty-gloss.blogspot.com/2013/05/avokadove-kremove-testoviny-raw-paleo.html?utm_source=feedly,1369597433,hlavní jídla,unread
Mangovo-čokoládová penová torta,http://lucylovetobake.blogspot.com/2013/05/mangovo-cokoladova-penova-torta.html?utm_source=feedly,1369597738,dezerty,unread
Brokolicovo-jablkovy salat,http://adkas-tastyfood.blogspot.com/2013/05/brokolicovo-jablkovy-salat.html?utm_source=feedly,1369601891,saláty,unread
Vaříme s Ivetou Fabešovou,http://www.svet-potravin.cz/clanek.aspx?id=3484&utm_source=feedly,1369683144,dezerty|hlavní jídla|snídaně|svačiny a chuťovky,unread
Rebarborovo-tvarohovy zakusok s penou,http://adkas-tastyfood.blogspot.com/2013/05/rebarborovo-tvarohovy-zakusok-s-penou.html?utm_source=feedly,1369684026,dezerty,unread
Mátový sirup s citronem,http://jedlikovo-vareni.blogspot.com/2013/05/matovy-sirup-s-citronem.html?utm_source=feedly,1369684518,nápoje,unread
Prinsesstårta - Výzva The Daring Bakers',http://luciedvorakova.blogspot.com/2013/05/prinsesstarta-vyzva-daring-bakers.html?utm_source=feedly,1369685215,dezerty,unread
Čarovný nápoj,http://biba-mylittleworld.blogspot.com/2013/05/carovny-napoj.html?utm_source=feedly,1369685738,nápoje,unread
"The Daring Bakers' May, 2013 Challenge: SWEDISH PRINSESSTÅRTA!",http://martininakuchyne.blogspot.com/2013/05/the-daring-bakers-may-2013-challenge.html?utm_source=feedly,1369686077,dezerty,unread
"The Daring Bakers' Challenge - Swedish Prinsesstårta, aneb dort Princezna",http://vypecenyden.blogspot.com/2013/05/the-daring-bakers-challenge-swedish.html?utm_source=feedly,1369686543,dezerty,unread
Tři varianty tvarohových muffinků,http://hubneme-a-zhubneme.blogspot.com/2013/05/tri-varianty-tvarohovych-muffinku.html?utm_source=feedly,1369687390,dezerty,unread
Rebarborové koláčky,http://vypecenyden.blogspot.com/2013/05/rebarborove-kolacky.html?utm_source=feedly,1369687586,dezerty,unread
Mandlovo-skořicové snídaňové polštářky,http://delicious-blog-lucie.blogspot.com/2013/05/mandlovo-skoricove-snidanove-polstarky.html?utm_source=feedly,1369687614,snídaně,unread
Eskimo rezy,http://tvorimpreradost.blogspot.com/2013/05/eskimo-rezy-trochu-inak.html?utm_source=feedly,1369687645,dezerty,unread
Chřest,http://www.menudomu.cz/chrest/?utm_source=feedly,1369687683,"#chřestová sezóna|hlavní jídla|marmelády, zavařování",unread
Jahodové měšce,http://www.laskominyodmaryny.cz/2013/05/jahodove-mesce.html?utm_source=feedly,1369729191,dezerty,unread
"Zeleninová krémová polévka-vegan,paleo",http://dhealthytrack.blogspot.com/2013/05/zeleninova-kremova-polevka-veganpaleo.html?utm_source=feedly,1369765705,polévky,unread
"Vařil pro české i světové celebrity. Miluju českou kuchyni, říká šéfkuchař",http://www.lidovky.cz/varil-pro-ceske-i-svetove-celebrity-miluju-ceskou-kuchyni-rika-stehlik-13n-/dobra-chut.aspx?c=A130528_132825_dobra-chut_ape&utm_source=feedly,1369812793,hlavní jídla,unread
Mexický čokoládový dort,http://janaathome.blogspot.com/2013/05/mexicky-cokoladovy-dort.html?utm_source=feedly,1369817753,dezerty,unread
Telecí svíčková s teplým čočkovým salátem,http://www.menudomu.cz/teleci-svickova-s-teplym-cockovym-salatem/?utm_source=feedly,1369944891,hlavní jídla,unread
Jahodový tofu krém,http://bezkrutosti.blogspot.com/2013/05/jahodovy-tofu-krem.html?utm_source=feedly,1369948404,dezerty,unread
Oblíbené festivalové delikatesy? Sýrová zmrzlina a steak z tuňáka,http://www.lidovky.cz/oblibene-festivalove-delikatesy-syrova-zmrzlina-a-hmyzi-menu-p6s-/dobra-chut.aspx?c=A130529_094301_dobra-chut_ape#utm_source=feedly,1369948444,,unread
Špaldové dukátové buchtičky s vanilkovým krémem,http://kivibloguje.blogspot.com/2013/05/spaldove-dukatove-buchticky-s.html?utm_source=feedly,1369948691,hlavní jídla,unread
"Makovec, makovník, makáč…",http://drobecky.blogspot.com/2013/05/makovec-makovnik-makac.html?utm_source=feedly,1369949305,dezerty,unread
Smetanový jahodový dort,http://www.laskominyodmaryny.cz/2013/05/smetanovy-jahodovy-dort.html?utm_source=feedly,1369949543,dezerty,unread
Který bílý jogurt je nejlepší?,http://mujdummujsquat.blogspot.com/2013/05/test-bilych-jogurtu.html?utm_source=feedly,1369985202,dezerty,unread
Celozrnný kuskus se zeleninou a s křupavým šťavnatým kuřetem,http://cuisinebyklarish.blogspot.com/2013/05/celozrnny-kuskus-se-zeleninou-s.html?utm_source=feedly,1370038910,hlavní jídla,unread
Zemiakové pagáčiky,http://tvorimpreradost.blogspot.com/2013/05/zemiakove-pagaciky.html?utm_source=feedly,1370039460,pečivo,unread
Krok za krokem: Jak na křehký rebarborový koláč?,http://www.lidovky.cz/krok-za-krokem-jak-na-krehky-rebarborovy-kolac-f4r-/dobra-chut.aspx?c=A130530_110620_dobra-chut_mc&utm_source=feedly,1370071142,dezerty,unread
Povídání o bylinkách - Rozmarýn,http://unavenavarecka.blogspot.com/2013/05/povidani-o-bylinkach-rozmaryn.html?utm_source=feedly,1370077687,hlavní jídla|koření,unread
Rebarborový koláč s mascarpone,http://martininakuchyne.blogspot.com/2013/05/rebarborovy-kolac-s-mascarpone.html?utm_source=feedly,1370090393,dezerty,unread
"""Nereceptová jídla"" - svačinky popáté ;-)",http://hubneme-a-zhubneme.blogspot.com/2013/05/nereceptova-jidla-svacinky-popate.html?utm_source=feedly,1370093206,svačiny a chuťovky,unread
Barevný SaláT S čErvenýMi Fazolemi,http://eat-withlove.blogspot.com/2013/06/barevny-salat-s-cervenymi-fazolemi.html?utm_source=feedly,1370097432,saláty,unread
Zelerové hranolky,http://biba-mylittleworld.blogspot.com/2013/05/zelerove-hranolky.html?utm_source=feedly,1370098413,přílohy,unread
Jahodová miska a postworkoutové smoothie!,http://dhealthytrack.blogspot.com/2013/05/jahodova-miska-postworkoutove-smoothie.html?utm_source=feedly,1370101335,snídaně,unread
Výborný Cuketový Chlebíček s Ořechy,http://veganotic.blogspot.com/2013/05/vyborny-cuketovy-chlebicek.html?utm_source=feedly,1370106500,pečivo|svačiny a chuťovky,unread
"""Pesto"" z červené řepy!",http://dhealthytrack.blogspot.com/2013/06/pesto-z-cervene-repy.html?utm_source=feedly,1370109500,přílohy,unread
Pohankovo-mandlový koláč s jablky a rebarborou,http://delicious-blog-lucie.blogspot.com/2013/06/pohankovo-mandlovy-kolac-s-jablky.html?utm_source=feedly,1370112008,dezerty,unread
Ječné vegan lívance,http://zdravejist.blogspot.com/2013/06/jecne-vegan-livance.html?utm_source=feedly,1370173010,snídaně,unread
Jahodový cheesecake,http://vypecenyden.blogspot.com/2013/06/jahodovy-cheesecake.html?utm_source=feedly,1370183058,dezerty,unread
"Jemné a nóbl. Zkuste telecí se smržovou omáčkou, radí Paulus",http://www.lidovky.cz/jemne-a-nobl-zkuste-teleci-se-smrzovou-omackou-radi-paulus-pan-/dobra-chut.aspx?c=A130529_170524_dobra-chut_ape#utm_source=feedly,1370260622,,unread
Rebarborové koláčky z tvarohového těsta,http://www.laskominyodmaryny.cz/2013/06/rebarborove-kolacky-z-tvarohoveho-testa.html?utm_source=feedly,1370256351,dezerty,unread
Losos s mätou.,http://foodependence.blogspot.com/2013/06/losos-s-matou.html?utm_source=feedly,1370257819,hlavní jídla,unread
Jahodová bublanina,http://somktosom.blogspot.com/2013/06/jahodova-bublanina.html?utm_source=feedly,1370260658,dezerty,unread
Cokoladovo-jahodovy dezert,http://adkas-tastyfood.blogspot.com/2013/06/cokoladovo-jahodovy-dezert.html?utm_source=feedly,1370263587,dezerty,unread
"The Daring Bakers’ March, 2013 Challenge: HIDDEN VEGGIES!",http://martininakuchyne.blogspot.com/2013/06/the-daring-bakers-march-2013-challenge.html?utm_source=feedly,1370269551,dezerty,unread
Slaná Polentová KašE,http://eat-withlove.blogspot.com/2013/06/slana-polentova-kase.html?utm_source=feedly,1370280350,hlavní jídla,unread
Ricottové gnocchi s rajčatovou salsou,http://delicious-blog-lucie.blogspot.com/2013/06/ricottove-gnocchi-s-rajcatovou-salsou.html?utm_source=feedly,1370377898,hlavní jídla,unread
"Motivace, brokolicová pizza, jídelníček",http://the-beauty-gloss.blogspot.com/2013/06/motivace-brokolicova-pizza-jidelnicek.html?utm_source=feedly,1370379780,hlavní jídla,unread
"Zápisky Kačky Žvýkačky: Sluníčko, sluníčko...",http://kackazvykacka.blogspot.cz/2012/03/slunicko-slunicko.html,1370391050,dezerty|přílohy,unread
Zápisky Kačky Žvýkačky: Mango Kačka koriandr=VLS,http://kackazvykacka.blogspot.cz/2012/03/mangokackakoriandrvls.html,1370391345,saláty,unread
hriešne sladký blog: Čokoládový koláč s cukinou,http://hriesnesladkyblog.blogspot.cz/2012/03/cokoladovy-kolac-s-cukinou.html,1370391645,dezerty,unread
"Zápisky Kačky Žvýkačky: Koleda, koleda, frajeři...",http://kackazvykacka.blogspot.cz/2012/04/koleda-koleda-frajeri.html,1370392166,"marmelády, zavařování",unread
Červíčkovo: Veľkonočné maškrtenie,http://cervickovo.blogspot.cz/2012/04/velkonocne-maskrtenie.html,1370392576,dezerty|snídaně|svačiny a chuťovky|velikonoce,unread
hriešne sladký blog: Čokoládovo – jahodové/malinové muffiny,http://hriesnesladkyblog.blogspot.cz/2012/04/cokoladovo-jahodovemalinove-muffiny.html,1370392889,dezerty,unread
hriešne sladký blog: Brownie Pie,http://hriesnesladkyblog.blogspot.cz/2012/04/brownie-pie.html,1370393259,dezerty,unread
hriešne sladký blog: Čokoládová roláda s banánom a karamelom,http://hriesnesladkyblog.blogspot.cz/2012/04/cokoladova-rolada-s-bananom-karamelom.html,1370393348,dezerty,unread
hriešne sladký blog: Strawberry Cheesecake Cupcakes,http://hriesnesladkyblog.blogspot.cz/2012/05/strawberry-cheesecake-cupcakes.html,1370393897,dezerty,unread
Červíčkovo: Bazový sirup,http://cervickovo.blogspot.cz/2012/05/bazovy-sirup.html,1370394746,nápoje,unread
hriešne sladký blog: Mini cheesecaky s jahodami a bielou čokoládou,http://hriesnesladkyblog.blogspot.cz/2012/05/mini-cheesecaky-s-jahodami-bielou.html,1370394942,dezerty,unread
Červíčkovo: Strieška z Be Be sušienok,http://cervickovo.blogspot.cz/2012/05/strieska-z-be-be-susienok.html,1370395200,dezerty,unread
"Zápisky Kačky Žvýkačky: Dostala jsem dort, heč!",http://kackazvykacka.blogspot.cz/2012/05/dostala-jsem-dort-hec.html,1370395405,pomazánky|svačiny a chuťovky,unread
https://draxe.com/recipe/spicy-bean-dip/,https://draxe.com/recipe/spicy-bean-dip/,1518887910,svačiny a chuťovky,unread
Spaghetti con pomodorino...   fresco,http://unavenavarecka.blogspot.com/2013/06/spaghetti-con-pomodorino-fresco.html?utm_source=feedly,1370465872,hlavní jídla,unread
Fantasticky prostřeno - Letní vitamínová bomba aneb Rimmerovo Gazpacho,http://www.fantasyplanet.cz/clanek/fantasticky-prostreno-letni-vitaminova-bomba-aneb-rimmerovo-gazpacho?utm_source=feedly,1370475268,polévky,unread
"Zázračná cizrna. Naučte se, co s ní v kuchyni",http://www.lidovky.cz/zazracna-cizrna-naucte-se-co-s-ni-v-kuchyni-fje-/dobra-chut.aspx?c=A130605_130658_dobra-chut_mc#utm_source=feedly,1370501973,,unread
Čučoriedkové tartletky.,http://foodependence.blogspot.com/2013/06/cucoriedkove-tartletky.html?utm_source=feedly,1370504127,dezerty,unread
Jahňacie resumé,http://www.natanieri.sk/jahnacie-resume/?utm_source=feedly,1370509559,hlavní jídla,unread
Sladký SaláT S Kuskusem,http://eat-withlove.blogspot.com/2013/06/sladky-salat-s-kuskusem.html?utm_source=feedly,1370557445,saláty,unread
Výzva The Daring Bakers: Mrkvový dort,http://catalinapece.blogspot.com/2013/06/vyzva-daring-bakers-mrkvovy-dort.html?utm_source=feedly,1370559553,dezerty,unread
Kokosová šlehačka!,http://dhealthytrack.blogspot.com/2013/06/kokosova-slehacka.html?utm_source=feedly,1370559698,dezerty,unread
Fazolové brownies s burákovým máslem,http://delicious-blog-lucie.blogspot.com/2013/06/fazolove-brownies-s-burakovym-maslem.html?utm_source=feedly,1370641697,dezerty,unread
Jahodové muffiny,http://tvorimpreradost.blogspot.com/2013/06/jahodove-muffiny.html?utm_source=feedly,1370641839,dezerty,unread
"Kujme pi(c)kle, kujme pi(c)kle ...",http://hrncek-var.blogspot.com/2013/06/kujme-pickle-kujme-pickle.html?utm_source=feedly,1370642072,saláty|svačiny a chuťovky,unread
Sernik s jahodami,http://www.laskominyodmaryny.cz/2013/06/sernik-s-jahodami.html?utm_source=feedly,1370676695,dezerty,unread
Jahodový cheescake s mátovým cukrem,http://cuisinebyklarish.blogspot.com/2013/06/jahodovy-cheescake-s-matovym-cukrem.html?utm_source=feedly,1370699015,dezerty,unread
Rozmarýnové krekry to go...,http://crustycorner.blogspot.com/2013/06/rozmarynove-krekry-to-go.html?utm_source=feedly,1370699203,svačiny a chuťovky,unread
Skořicové tousty | Albert,http://www.albert.cz/radce-zakaznika/recepty/skoricove-tousty.html,1370801398,snídaně,unread
Vanilkovo-citronove muffiny s jahodovym a bananovym mascarpone kremom,http://adkas-tastyfood.blogspot.com/2013/06/vanilkovo-citronove-muffiny-s-jahodovym.html?utm_source=feedly,1370810611,dezerty,unread
Slunečnicovo-rajčatová pomazánka,http://delicious-blog-lucie.blogspot.com/2013/06/slunecnicovo-rajcatova-pomazanka.html?utm_source=feedly,1370810991,pomazánky,unread
"Africká polévko-omáčka s arašídovým máslem, rajčaty a kapustou",http://veganotic.blogspot.com/2013/06/africka-polevko-omacka-s-arasidovym.html?utm_source=feedly,1370814142,hlavní jídla|polévky,unread
Celozrnný chléb I.,http://zdravejist.blogspot.com/2013/06/celozrnny-chleb-i.html?utm_source=feedly,1370814707,pečivo,unread
RECEPT: Luxusní vanilkovo-hruškové proteinové palačinky,http://betterandhappy.blogspot.com/2013/06/recept-luxusni-vanilkovo-hruskove.html?utm_source=feedly,1370815931,snídaně,unread
Jahodový nepečený sernik,http://www.laskominyodmaryny.cz/2013/06/jahodovy-nepeceny-sernik.html?utm_source=feedly,1370816210,dezerty,unread
Tataráček z uzeného lososa,http://www.gurmanka.cz/2013/06/tataracek-z-uzeneho-lososa?utm_source=feedly,1370818339,svačiny a chuťovky,unread
Citrónový sirup s mätou.,http://foodependence.blogspot.com/2013/06/citronovy-sirup-s-matou.html?utm_source=feedly,1370818555,nápoje,unread
Jak připravit rybí carpaccio? Radí Roman Paulus,http://www.lidovky.cz/jak-pripravit-rybi-carpaccio-radi-roman-paulus-flp-/dobra-chut.aspx?c=A130609_105944_dobra-chut_sk&utm_source=feedly,1370849560,svačiny a chuťovky,unread
Jarní bylinková frittata,http://delicious-blog-lucie.blogspot.com/2013/06/jarni-bylinkova-frittata.html?utm_source=feedly,1370898815,snídaně,unread
Bezové květy,http://www.menudomu.cz/bezove-kvety/?utm_source=feedly,1370899558,"marmelády, zavařování|nápoje|svačiny a chuťovky",unread
"Kouzlo asijské kuchyně? Různorodost surovin i chutí, říká šéfkuchař Štift",http://www.lidovky.cz/kouzlo-asijske-kuchyne-ruznorodost-surovin-i-chuti-rika-sefkuchar-stift-1r1-/dobra-chut.aspx?c=A130610_133714_dobra-chut_ape#utm_source=feedly,1370932629,,unread
"Bulgur Se SóJou, Fazolemi A Cuketou",http://eat-withlove.blogspot.com/2013/06/bulgur-se-sojou-fazolemi-cuketou.html?utm_source=feedly,1370942527,hlavní jídla,unread
Zkuste grilování v asijském stylu. Poradí šéfkuchaři,http://www.lidovky.cz/zkuste-grilovat-v-asijskem-stylu-poradi-sefkuchari-fyf-/dobra-chut.aspx?c=A130611_120259_dobra-chut_ape#utm_source=feedly,1371041387,,unread
Linecké koláčky s ovocem,http://unavenavarecka.blogspot.com/2013/06/linecke-kolacky-s-ovocem.html?utm_source=feedly,1371042184,dezerty,unread
Dort s jahodovou a rebarborovou pěnou,http://www.laskominyodmaryny.cz/2013/06/dort-s-jahodovou-rebarborovou-penou.html?utm_source=feedly,1371045970,dezerty,unread
Kakaové lívance s kokosovou polevou,http://delicious-blog-lucie.blogspot.com/2013/06/kakaove-livance-s-kokosovou-polevou.html?utm_source=feedly,1371071987,snídaně,unread
Vajíčková pomazánka,http://gurmankalenulka.blogspot.com/2013/06/vajickova-pomazanka.html?utm_source=feedly,1371072041,pomazánky,unread
Hrášok   jahody = jún,http://www.natanieri.sk/hrasok-jahody-jun/?utm_source=feedly,1371120864,dezerty|snídaně,unread
Pomarančový raňajkový koláčik,http://anetagoesyummi.blogspot.com/2013/06/pomarancovy-ranajkovy-kolacik.html,1371139529,dezerty|snídaně,unread
Špagety so šalviovým maslom a pečenými paradajkami,http://dorasart.blogspot.com/2013/06/spagety-so-salviovym-maslom-pecenymi.html?utm_source=feedly,1371219064,hlavní jídla,unread
Rebarborový džem.,http://foodependence.blogspot.com/2013/06/rebarborovy-dzem.html?utm_source=feedly,1371219742,"marmelády, zavařování",unread
Indická chilli polievka,http://www.styleofbecca.com/2013/06/indicka-chilli-polievka.html?utm_source=feedly,1371229970,polévky,unread
Bezlepkové sladké snídaně!,http://dhealthytrack.blogspot.com/2013/06/bezlepkove-sladke-snidane.html?utm_source=feedly,1371231402,snídaně,unread
Červíčkovo: Klasika na víkend,http://cervickovo.blogspot.cz/2012/06/klasika-na-vikend.html,1371237705,dezerty,unread
hriešne sladký blog: Čučoriedkové blondies s bielou čokoládou,http://hriesnesladkyblog.blogspot.cz/2012/06/cucoriedkove-blondies-s-bielou.html,1371238956,dezerty,unread
Krok za krokem: jak připravit citronovou marmeládu?,http://www.lidovky.cz/krok-za-krokem-jak-pripravit-citronovou-marmeladu-fwr-/dobra-chut.aspx?c=A130613_211624_dobra-chut_ape#utm_source=feedly,1371299253,,unread
Jarný šalát s pečenou fetou,http://dorasart.blogspot.com/2013/06/jarny-salat-s-pecenou-fetou.html?utm_source=feedly,1371298792,saláty,unread
Florentská vejce na domácím chlebu,http://www.laskominyodmaryny.cz/2013/06/florentska-vejce-na-domacim-chlebu.html?utm_source=feedly,1371299335,snídaně,unread
The Daring Cooks June 2013 Challenge - Meatballs Around The World,http://martininakuchyne.blogspot.com/2013/06/the-daring-cooks-june-2013-challenge.html?utm_source=feedly,1371299852,hlavní jídla,unread
Oreganové pesto,http://delicious-blog-lucie.blogspot.com/2013/06/oreganove-pesto.html?utm_source=feedly,1371299963,hlavní jídla|přílohy,unread
Food Inspiration XLI.,http://feedproxy.google.com/~r/blogspot/dKILx/~3/Muk-KWmkZ5o/food-inspiration-xli.html?utm_source=feedly,1371364202,hlavní jídla|snídaně|svačiny a chuťovky,unread
Victoria Sponge Cake,http://veganotic.blogspot.com/2013/06/victoria-sponge-cake.html?utm_source=feedly,1371375686,dezerty,unread
Ořechové linecké sušenky,http://www.laskominyodmaryny.cz/2013/06/orechove-linecke-susenky.html,1371460493,dezerty,unread
Rafaelo gulky,http://adkas-tastyfood.blogspot.com/2013/06/rafaelo-gulky.html,1371462037,cukroví|dezerty,unread
Jahodovo-rebarborová zmrzlina,http://delicious-blog-lucie.blogspot.com/2013/06/jahodovo-rebarborova-zmrzlina.html,1371462100,dezerty,unread
Sezóna: Špenát,http://www.menudomu.cz/spenat/,1371479925,hlavní jídla,unread
Citronova nepecena  torta,http://adkas-tastyfood.blogspot.com/2013/06/citoronova-nepecena-torta.html,1371527478,dezerty,unread
Jarní bramborový salát,http://delicious-blog-lucie.blogspot.com/2013/06/jarni-bramborovy-salat.html,1371527770,saláty,unread
odpoledne s kávou a knihou,http://slecna.info/tvuj-svet/odpoledne-s-kavou-a-knihou/,1371536657,nápoje,unread
Cheddarové crackery,http://www.laskominyodmaryny.cz/2013/06/cheddarove-crackery.html,1371536942,svačiny a chuťovky,unread
Cherry paradajky s avokádovým krémom,http://dorasart.blogspot.com/2013/06/cherry-paradajky-s-avokadovym-kremom.html,1371612855,svačiny a chuťovky,unread
Jamieho těstoviny podle těhotné Jools,http://cuisinebyklarish.blogspot.com/2013/06/jamieho-testoviny-podle-tehotne-jools.html,1371613580,hlavní jídla,unread
Bezinkový sirup,http://jedlikovo-vareni.blogspot.com/2013/06/bezinkovy-sirup.html,1371614470,nápoje,unread
Jahodový pie z domácího listového těsta,http://kitchenette.cz/clanek/169-jahodovy-pie-z-domaciho-listoveho-testa,1371614592,dezerty,unread
V kuchyni to musí odsejpat | Svět potravin,http://www.svet-potravin.cz/clanek.aspx?id=3511&utm_source=feedly,1371615145,polévky|svačiny a chuťovky,unread
"Češi raději kýbl omáčky s šesti než rybu se zeleninou, říká šéfkuchař",http://www.lidovky.cz/cesi-radeji-kybl-omacky-s-sesti-nez-rybu-se-zeleninou-rika-sefkuchar-118-/dobra-chut.aspx?c=A130618_120452_dobra-chut_ape#utm_source=feedly,1371629161,,unread
Stuzzicarelli al Barolo,http://www.menudomu.cz/stuzzicarelli-al-barolo/,1371640543,hlavní jídla,unread
Olivovo-kuracie špízy s pistáciami,http://dorasart.blogspot.com/2013/06/olivovo-kuracie-spizy-s-pistaciami.html,1371669588,hlavní jídla,unread
Jahodovo-rebarborová limonáda,http://delicious-blog-lucie.blogspot.com/2013/06/jahodovo-rebarborova-limonada.html,1371672396,nápoje,unread
Připravte si domácí pesto genovese!,http://feedproxy.google.com/~r/ToMiChutna/~3/yRwEaThvhRY/bazalkove-pesto-genovese-recept-tipy?utm_source=feedly,1371683257,"hlavní jídla|marmelády, zavařování|pomazánky",unread
Co vás osvěží v horkých dnech? Zkuste ledové čaje,http://www.lidovky.cz/co-vas-osvezi-v-horkych-dnech-zkuste-ledove-caje-ftm-/dobra-chut.aspx?c=A130619_103259_dobra-chut_ape#utm_source=feedly,1371710567,,unread
Dora´s art: Orecchiette s krevetami a cherry paradajkami,http://dorasart.blogspot.cz/2013/06/orecchiette-s-krevetami-cherry.html,1371744614,hlavní jídla,unread
drobečky: Citronové (mini)muffiny,http://drobecky.blogspot.cz/2013/06/citronove-minimuffiny.html,1371758718,dezerty,unread
Co si dát v horku k večeři? Zkuste ovocný salát nebo kuskus,http://www.lidovky.cz/co-si-dat-v-horku-k-veceri-zkuste-ovocny-salat-nebo-kuskus-pmb-/dobra-chut.aspx?c=A130620_141249_dobra-chut_ape#utm_source=feedly,1371829257,,unread
Citronáda,http://tvorimpreradost.blogspot.com/2013/06/citronada.html,1371824253,nápoje,unread
Mangorita,http://dorasart.blogspot.com/2013/06/mangorita.html,1371824276,nápoje,unread
Domácí jahodová marmeláda,http://jedlikovo-vareni.blogspot.com/2013/06/domaci-jahodova-marmelada.html,1371830077,"marmelády, zavařování",unread
Recepty s jahodami: mají víc „céčka“ než pomeranče - Vitalia.cz,http://www.vitalia.cz/clanky/recepty-s-jahodami-maji-vic-cecka-nez-pomerance/#utm_source=feedly,1371835232,,unread
Batátovo-kokosová zmrzlina,http://delicious-blog-lucie.blogspot.com/2013/06/batatovo-kokosova-zmrzlina_21.html,1371843637,dezerty,unread
RECEPT: Extra čokoládová proteinová zmrzlina,http://betterandhappy.blogspot.com/2013/06/recept-extra-cokoladova-proteinova.html,1371924740,dezerty,unread
Čokoládovo-mätové šálky,http://lucylovetobake.blogspot.com/2013/06/cokoladovo-matove-salky.html,1371925559,dezerty,unread
Dárek pro tátu? Slané dortíky!,http://slecna.info/blogy/darek-pro-tatu-slane-dortiky/,1371926318,svačiny a chuťovky,unread
Jahodové sušenky a různé muffiny,http://bezkrutosti.blogspot.com/2013/06/jahodove-susenky-ruzne-muffiny.html,1371927243,dezerty,unread
Batátové lívanečky - extra nadýchané,http://the-beauty-gloss.blogspot.com/2013/06/batatove-livanecky-extra-nadychane.html,1371994570,snídaně,unread
"Zkuste tvarohové knedlíky s jahodami, radí Roman Paulus",http://www.lidovky.cz/zkuste-tvarohove-knedliky-s-jahodami-radi-roman-paulus-pi4-/dobra-chut.aspx?c=A130618_154535_dobra-chut_ape#utm_source=feedly,1372222538,,unread
Sezóna: Jahody,http://www.menudomu.cz/jahody/,1372198717,"dezerty|marmelády, zavařování",unread
Avokádová polévka a cuketovo-jablečné burgříky!,http://dhealthytrack.blogspot.com/2013/06/avokadova-polevka-cuketovo-jablecne.html,1372190498,hlavní jídla|polévky,unread
Grissini s rozmarýnem,http://unavenavarecka.blogspot.com/2013/06/grissini-s-rozmarynem.html,1372191680,svačiny a chuťovky,unread
OVESNÉ TYČINKY ala FLAPJACK S BANÁNEM A PARA OŘECHY,http://eat-withlove.blogspot.com/2013/06/ovesne-tycinky-ala-flapjack-s-bananem.html,1372193252,svačiny a chuťovky,unread
Aloo Lasuni,http://akochutimasala.blogspot.com/2013/06/aloo-lasuni.html,1372198885,hlavní jídla,unread
RECEPT: Domácí Cini Minis!,http://betterandhappy.blogspot.com/2013/06/recept-domaci-cini-minis.html,1372200884,snídaně,unread
Kapustové chipsy,http://the-beauty-gloss.blogspot.com/2013/06/kapustove-chipsy.html,1372201095,svačiny a chuťovky,unread
šťOuchaná Cizrna S Topinkami,http://www.goodmoodspoon.com/2013/06/stouchana-cizrna-s-topinkami.html,1372202182,svačiny a chuťovky,unread
Estonský kringel,http://gurmankalenulka.blogspot.com/2013/06/estonsky-kringel.html,1372202747,dezerty,unread
"Bylinky, které pomohou otěhotnět - Vitalia.cz",http://www.vitalia.cz/clanky/bylinky-ktere-pomohou-otehotnet/#utm_source=feedly,1372280150,,unread
http://www.closetcooking.com/2008/10/thanksgiving-risotto.html,http://www.closetcooking.com/2008/10/thanksgiving-risotto.html,1517233873,hlavní jídla,unread
Francouzský rebarborový koláč,http://kitchenette.cz/clanek/170-francouzsky-rebarborovy-kolac,1372265241,dezerty,unread
Nádherná zelená,http://cuocadolce.blogspot.com/2013/06/nadherna-zelena.html,1372269856,dezerty,unread
Arašídovo-jahodový koláč,http://delicious-blog-lucie.blogspot.com/2013/06/arasidovo-jahodovy-kolac.html,1372270515,dezerty,unread
Luxusní cibulová pizza s kozím sýrem,http://cucinare-con-amore.blogspot.com/2013/06/luxusni-cibulova-pizza-s-kozim-syrem.html,1372271840,hlavní jídla,unread
Baranie karí,http://akochutimasala.blogspot.com/2013/06/baranie-kari.html,1372271875,hlavní jídla,unread
Vegan pizza hotová za 10 minut,http://zdravejist.blogspot.com/2013/06/vegan-pizza-hotova-za-10-minut.html,1372272779,hlavní jídla,unread
Selský závin,http://tvorimpreradost.blogspot.com/2013/06/selsky-zavin_26.html,1372272878,dezerty,unread
Falešná rybičková pomazánka,http://zdravejist.blogspot.com/2013/06/falesna-rybickova-pomazanka.html,1372285289,pomazánky,unread
Rebarborové crumble,http://dorasart.blogspot.com/2013/06/rebarborove-crumble.html,1372285586,dezerty,unread
Paleo lívanečky s tajnou ingrediencí,http://the-beauty-gloss.blogspot.com/2013/06/paleo-livanecky-s-tajnou-ingredienci.html,1372285699,snídaně,unread
Zelenina na červeném víně,http://delicious-blog-lucie.blogspot.com/2013/06/zelenina-na-cervenem-vine.html,1372354186,hlavní jídla,unread
Zavařování I. - jahodová marmeláda s vanilkou,http://janaathome.blogspot.com/2013/06/zavarovani-i-jahodova-marmelada-s.html,1372356678,"marmelády, zavařování",unread
Korutany – země vysokých hor a tisíce chutí | Svět potravin,http://www.svet-potravin.cz/clanek.aspx?id=3533,1372358546,dezerty|hlavní jídla,unread
Ořechové tyčinky,http://vypecenyden.blogspot.com/2013/06/orechove-tycinky.html,1372364386,dezerty,unread
Banánovo- jablečné muffiny!,http://dhealthytrack.blogspot.com/2013/06/bananovo-jablecne-muffiny.html,1372367735,dezerty,unread
Noční svačinky...,http://the-beauty-gloss.blogspot.com/2013/06/nocni-svacinky.html,1372368058,dezerty,unread
Co dětem za vysvědčení? Cukrářky vybírají recepty,http://www.lidovky.cz/co-detem-za-vysvedceni-cukrarky-vybiraji-recepty-f7f-/dobra-chut.aspx?c=A130627_110109_dobra-chut_mc#utm_source=feedly,1372403163,,unread
Ricottové lívanečky,http://www.laskominyodmaryny.cz/2013/06/ricottove-livanecky.html,1372404019,snídaně,unread
"Risotto s pečeným květákem, šalvějí a mandlemi",http://delicious-blog-lucie.blogspot.com/2013/06/risotto-s-pecenym-kvetakem-salveji.html,1372479151,hlavní jídla,unread
NepečEné čOkoláDové Kostky S Datlemi,http://eat-withlove.blogspot.com/2013/06/nepecene-cokoladove-kostky-s-datlemi.html,1372480959,dezerty,unread
Semínková pizza,http://delicious-blog-lucie.blogspot.com/2013/06/seminkova-pizza.html,1372629716,hlavní jídla,unread
Karí z mungo fazuliek,http://akochutimasala.blogspot.com/2013/06/kari-z-mungo-fazuliek.html,1372632428,hlavní jídla,unread
Kokosová mouka,http://dhealthytrack.blogspot.com/2013/06/kokosova-mouka.html,1372633093,dezerty|pečivo|snídaně,unread
"Cuketové brownies, jídelníček a nostalgie",http://the-beauty-gloss.blogspot.com/2013/06/cuketove-brownies-jidelnicek-nostalgie.html,1372633739,dezerty,unread
"Kozí sýry jsou nejlepší v létě, radí Roman Paulus",http://www.lidovky.cz/kozi-syry-jsou-nejlepsi-v-lete-radi-roman-paulus-f6i-/dobra-chut.aspx?c=A130625_161147_dobra-chut_ape#utm_source=feedly,1372669549,,unread
http://ohsheglows.com/2013/07/01/rad-rainbow-raw-pad-thai/,http://ohsheglows.com/2013/07/01/rad-rainbow-raw-pad-thai/,1467034352,hlavní jídla,unread
Fish & Chips: Indická verzia Jamieho Olivera,http://anetagoesyummi.blogspot.com/2013/07/fish-chips-indicka-verzia-jamieho.html,1372699570,hlavní jídla,unread
BioAbecedář: Jahelné bezlepkové lívance,http://delicious-blog-lucie.blogspot.com/2013/07/bioabecedar-jahelne-bezlepkove-livance.html,1372710865,snídaně,unread
Gobi Matar,http://akochutimasala.blogspot.com/2013/07/gobi-matar.html,1372711596,hlavní jídla,unread
"Recepty z mořských řas: hodí se do polívky, ale i místo náplasti - Vitalia.",http://www.vitalia.cz/clanky/recepty-z-morskych-ras-hodi-se-do-polivky-ale-i-misto-naplasti/#utm_source=feedly,1372717020,,unread
Grilovaný losos a zapečený lilek plněný rýží,http://janaathome.blogspot.com/2013/07/grilovany-losos-zapeceny-lilek-plneny.html,1372756010,hlavní jídla,unread
Dneska vařím já: Losos s medem a ořechy,http://kulturistika.ronnie.cz/c-13551-dneska-varim-ja-losos-s-medem-a-orechy.html?rss=1,1372761579,hlavní jídla,unread
Jahodovo-tvarohovy dezert,http://adkas-tastyfood.blogspot.com/2013/07/jahodovo-tvarohovy-dezert.html,1372799882,dezerty,unread
Květákové tortilly,http://delicious-blog-lucie.blogspot.com/2013/07/kvetakove-tortilly.html,1372883954,hlavní jídla,unread
Bezinkový sirup,http://sasulka.blogspot.com/2013/07/bezinkovy-sirup.html,1372886468,"marmelády, zavařování",unread
Jak správně marinovat? Poradí Roman Paulus,http://www.lidovky.cz/jak-spravne-marinovat-poradi-roman-paulus-fiw-/dobra-chut.aspx?c=A130702_144331_dobra-chut_ape#utm_source=feedly,1374478710,,unread
4. narozeniny,http://luciedvorakova.blogspot.com/2013/07/4-narozeniny-s-campari-orange.html,1374443386,dezerty,unread
Kukuřičné sušenky,http://delicious-blog-lucie.blogspot.com/2013/07/kukuricne-susenky.html,1374350372,svačiny a chuťovky,unread
Sezóna: Rybíz,http://www.menudomu.cz/rybiz/,1374080451,hlavní jídla,unread
Squid and Prawns | Fish Recipes | Jamie Oliver Recipes,http://www.jamieoliver.com/recipes/fish-recipes/crispy-squid-prawns-with-homemade-sweet-chilli-sauce/,1428258074,hlavní jídla,unread
Greek Salad Recipe | Vegetables Recipes | Jamie Oliver Recipes,http://www.jamieoliver.com/recipes/vegetables-recipes/gorgeous-greek-salad/#rVarRv5FmjbaALiL.97,1428258062,,unread
http://www.glowkitchen.com/2012/03/carrot-cake-w-fig-cream-frosting/,http://www.glowkitchen.com/2012/03/carrot-cake-w-fig-cream-frosting/,1435210491,dezerty,unread
Pohankové risotto s cuketou,http://delicious-blog-lucie.blogspot.com/2013/07/pohankove-risotto-s-cuketou.html,1373870999,hlavní jídla,unread
"Hvězda nebyl cíl. Hlavní je radost, říká michelinský šéfkuchař",http://www.lidovky.cz/na-vyvoj-ceske-gastronomie-muzeme-byt-hrdi-rika-michelinsky-sefkuchar-1z3-/dobra-chut.aspx?c=A130712_130446_dobra-chut_ape#utm_source=feedly,1373878661,,unread
Cestoviny s omáčkou z jedného hrnca,http://somktosom.blogspot.com/2013/07/cestoviny-s-omackou-z-jedneho-hrnca.html,1373872979,hlavní jídla,unread
Letní Koláč s Broskvemi a Borůvkami,http://veganotic.blogspot.com/2013/07/letni-kolac-s-broskvemi-boruvkami.html,1373873976,dezerty,unread
Nedělní snídaně: jogurtový pohár,http://drobecky.blogspot.com/2013/07/nedelni-snidane-jogurtovy-pohar.html,1373874485,snídaně,unread
Bobule,http://www.natanieri.sk/bobule/,1373880287,dezerty,unread
Bramborový salát s uzeným lososem a křenovým tvarohem,http://delicious-blog-lucie.blogspot.com/2013/07/bramborovy-salat-s-uzenym-lososem.html,1373889660,saláty,unread
Ríbezľovo-orechový koláč,http://tvorimpreradost.blogspot.com/2013/07/ribezlovo-orechovy-kolac.html,1373899421,dezerty,unread
Melounové dortíčky,http://www.laskominyodmaryny.cz/2013/07/melounove-dorticky.html,1373899598,dezerty,unread
Ricottové lívanečky II.,http://www.laskominyodmaryny.cz/2013/07/ricottove-livanecky-ii.html,1373908344,snídaně,unread
"pšeno na slano  /s hubami, alebo s mrkvou/",http://biba-mylittleworld.blogspot.com/2013/07/pseno-na-slano-s-hubami-alebo-s-mrkvou.html,1373910426,hlavní jídla,unread
"Super letní dobroty – za chvíli, ale s chutí!",http://slecna.info/tvuj-svet/super-letni-dobroty-za-chvili-ale-s-chuti/,1373910761,dezerty|hlavní jídla,unread
Batátové smoothie s domácím lískooříškovým mlékem,http://delicious-blog-lucie.blogspot.com/2013/07/batatove-smoothie-s-domacim.html,1373911020,snídaně,unread
http://cookieandkate.com/2013/chopped-kale-salad-with-edamame-carrot-and-avocado/,http://cookieandkate.com/2013/chopped-kale-salad-with-edamame-carrot-and-avocado/,1467112991,saláty,unread
Jablečné muffiny se skořicí,http://vypecenyden.blogspot.com/2013/07/jablecne-muffiny-se-skorici.html,1373948254,dezerty,unread
Brambory zapečené se zeleninou,http://martininakuchyne.blogspot.com/2013/07/brambory-zapecene-se-zeleninou.html,1373948841,hlavní jídla,unread
Rajská polévka,http://www.gurmanka.cz/2013/07/rajska-polevka,1373949999,polévky,unread
"Co dělat, aby vám nebylo špatně v autě… bez chemie - Vitalia.cz",http://www.vitalia.cz/clanky/co-delat-aby-vam-nebylo-spatne-v-aute-bez-chemie/#utm_source=feedly,1374000659,,unread
Lískovo-kakaové cookies,http://delicious-blog-lucie.blogspot.com/2013/07/liskovo-kakaove-cookies.html,1374012334,dezerty,unread
Malinova torta s marcipanovymi slimacikmi,http://adkas-tastyfood.blogspot.com/2013/07/malinova-torta-s-marcipanovymi.html,1373973900,dezerty,unread
Cuketový koláč s koprem a sýrem s modrou plísní,http://delicious-blog-lucie.blogspot.com/2013/07/cuketovy-kolac-s-koprem-syrem-s-modrou.html,1373974474,hlavní jídla,unread
Marocké jahňacie mäsové guľky s koreneným kuskusom,http://anetagoesyummi.blogspot.com/2013/07/marocke-jahnacie-masove-gulky-s.html,1373977758,hlavní jídla,unread
Kuracie kocky so sezamom,http://adkas-tastyfood.blogspot.com/2013/07/kuracie-kocky-so-sezamom.html,1374041410,hlavní jídla,unread
Netradiční nápoje. Zkuste se osvěžit v asijském stylu,http://www.lidovky.cz/netradicni-ledove-napoje-zkuste-se-osvezit-v-asijskem-stylu-prw-/dobra-chut.aspx?c=A130715_120620_dobra-chut_ape#utm_source=feedly,1374127216,,unread
Domácí meruňková marmeláda,http://jedlikovo-vareni.blogspot.com/2013/07/domaci-merunkova-marmelada.html,1374079959,"marmelády, zavařování",unread
Cuketová ovesná kaše,http://delicious-blog-lucie.blogspot.com/2013/07/cuketova-ovesna-kase.html,1374097897,snídaně,unread
"Syrové brambory léčí, zelené jsou jedovaté - Vitalia.cz",http://www.vitalia.cz/clanky/syrove-brambory-leci-zelene-jsou-jedovate/#utm_source=feedly,1374452559,,unread
Bolo do caco,http://kitchenette.cz/clanek/172-bolo-do-caco-kah-ko,1374247620,pečivo,unread
Cheesecake brownie s malinami,http://luciedvorakova.blogspot.com/2013/07/cheesecake-brownie-s-malinami.html,1374185977,dezerty,unread
Lesní ovoce se hodí k přípravě letních nápojů i místo chemické kosmetiky - ,http://www.vitalia.cz/clanky/lesni-ovoce-se-hodi-k-priprave-letnich-napoju-i-misto-chemicke-kosmetiky/#utm_source=feedly,1374452233,,unread
Pomerančová zmrzlina z kysané smetany,http://www.laskominyodmaryny.cz/2013/07/pomerancova-zmrzlina-z-kysane-smetany.html,1374230042,dezerty,unread
Praktické tvarohovanie,http://hrncek-var.blogspot.com/2013/07/prakticke-tvarohovanie.html,1374230583,dezerty,unread
"Salát s pečenými broskvemi, kozím sýrem a mátovým pestem",http://delicious-blog-lucie.blogspot.com/2013/07/salat-s-pecenymi-broskvemi-kozim-syrem.html,1374234136,saláty,unread
Cuketovo-mandlové muffiny,http://delicious-blog-lucie.blogspot.com/2013/07/cuketovo-mandlove-muffiny_19.html,1374253681,dezerty,unread
Rychlá smažená rýže,http://jedlikovo-vareni.blogspot.com/2013/07/rychla-smazena-ryze.html,1374276737,hlavní jídla,unread
Krok za krokem: Jak na cizrnový hummus,http://www.lidovky.cz/krok-za-krokem-jak-na-cizrnovy-hummus-d8d-/dobra-chut.aspx?c=A130719_103033_dobra-chut_mc#utm_source=feedly,1374326883,,unread
Žitný chléb se syrovátkou a praženým dýňovým semínkem,http://www.laskominyodmaryny.cz/2013/07/zitny-chleb-se-syrovatkou-prazenym.html,1374325138,pečivo,unread
Barania masala,http://akochutimasala.blogspot.com/2013/07/barania-masala.html,1374326913,hlavní jídla,unread
Nedělní snídaně: mangové smoothie do misky,http://drobecky.blogspot.com/2013/07/nedelni-snidane-mangove-smoothie-do.html,1374418928,snídaně,unread
Ovocný koláč podle Mary Berry,http://crustycorner.blogspot.com/2013/07/ovocny-kolac-podle-mary-berry.html,1374438382,dezerty,unread
Dvojfarebné orechové  kvietky,http://tvorimpreradost.blogspot.com/2013/07/dvojfarebne-orechove-kvietky.html,1374442785,dezerty,unread
Mrežovník s tvarohovou plnkou,http://tvorimpreradost.blogspot.com/2013/07/mrezovnik-s-tvarohovou-plnkou.html,1374442971,dezerty,unread
Rychlá roláda,http://jedlikovo-vareni.blogspot.com/2013/07/rychla-rolada.html,1374448348,dezerty,unread
Nástrahy českého grilování | Svět potravin,http://www.svet-potravin.cz/clanek.aspx?id=3540,1374448454,hlavní jídla,unread
"Ředkve a ředkvičky, co s nimi? Zkuste recepty Romana Pauluse",http://www.lidovky.cz/redkve-a-redkvicky-zkuste-recepty-romana-pauluse-f7z-/dobra-chut.aspx?c=A130715_093711_dobra-chut_ape#utm_source=feedly,1374473240,,unread
Egrešové čatní s grepom a chili,http://varimeslaskou.blogspot.com/2013/07/egresove-catni-s-grepom-chili.html,1374473269,svačiny a chuťovky,unread
Malinová panna cotta,http://www.laskominyodmaryny.cz/2013/07/malinova-panna-cotta.html,1374473314,dezerty,unread
Goánske krevetové karí,http://akochutimasala.blogspot.com/2013/07/goanske-krevetove-kari.html,1374475755,hlavní jídla,unread
Tagliatelle s pistáciemi a pancettou,http://cucinare-con-amore.blogspot.com/2013/07/tagliatelle-s-pistaciemi-pancettou.html,1374475774,hlavní jídla,unread
MÜSLI TYČINKY - aneb jak zužitkovat zbytky müsli,http://eat-withlove.blogspot.com/2013/07/musli-tycinky-aneb-jak-zuzitkovat.html,1374476303,svačiny a chuťovky,unread
Chrumkavý chlebík so sézamom,http://dorasart.blogspot.com/2013/07/chrumkavy-chlebik-so-sezamom.html,1374476429,pečivo,unread
Pekař peče housky...,http://sasulka.blogspot.com/2013/07/pekar-pece-housky.html,1374478144,pečivo,unread
Koktejl Amaretto,http://cucinare-con-amore.blogspot.com/2013/07/koktejl-amaretto.html,1374483490,nápoje,unread
Tip na léto: Balkanski kicoš,http://www.lidovky.cz/tip-na-leto-balkanski-kicos-dd4-/dobra-chut.aspx?c=A130704_164926_dobra-chut_mc#utm_source=feedly,1374491146,,unread
Cuketové rolky s mátou a mandlemi,http://delicious-blog-lucie.blogspot.com/2013/07/cuketove-rolky-s-matou-mandlemi.html,1374492408,hlavní jídla|svačiny a chuťovky,unread
Barbecue Chicken Dim Sum | Chicken Recipes | Jamie Oliver Recipes,http://www.jamieoliver.com/recipes/chicken-recipes/barbecued-chicken-dim-sum/#XYyJJ2w4bZDVfMus.97,1428258068,,unread
Marinovaná pečená paprika,http://zdravejist.blogspot.com/2013/07/marinovana-pecena-paprika.html,1374520505,svačiny a chuťovky,unread
"Sushi, to je rýže. Naučte se ji připravit jako profík",http://www.lidovky.cz/sushi-to-je-ryze-naucte-se-ji-pripravit-jako-profik-f8b-/dobra-chut.aspx?c=A130722_145505_dobra-chut_mc#utm_source=feedly,1374569859,,unread
Meruňkové scones s estragonem,http://delicious-blog-lucie.blogspot.com/2013/07/merunkove-scones-s-estragonem.html,1374602332,dezerty|snídaně,unread
Nejlepší letní recepty,http://www.svet-potravin.cz/clanek.aspx?id=3580,1374605850,dezerty|hlavní jídla|nápoje|polévky|svačiny a chuťovky,unread
Sterilované kapie,http://zdravejist.blogspot.com/2013/07/sterilovane-kapie.html,1374608465,svačiny a chuťovky,unread
Aglio olio e peperoncino,http://zdravejist.blogspot.com/2013/07/aglio-olio-e-peperoncino.html,1374614653,hlavní jídla,unread
Výborné Kokosky s Chia Marmeládou,http://veganotic.blogspot.com/2013/07/vyborne-kokosky-s-chia-marmeladou.html,1374615406,dezerty,unread
Zucchini Salad | Vegetables Recipes | Jamie Oliver Recipes,http://www.jamieoliver.com/recipes/vegetables-recipes/michela-chiappa-s-zucchini-salad/,1428258086,saláty,unread
Čučoriedkovanie,http://varimeslaskou.blogspot.com/2013/07/cucoriedkovanie.html,1374648129,dezerty,unread
Ledová káva s domácím ovesným mlékem,http://delicious-blog-lucie.blogspot.com/2013/07/ledova-kava-s-domacim-ovesnym-mlekem.html,1374652578,nápoje,unread
http://www.twopeasandtheirpod.com/roasted-red-pepper-hummus-avocado-feta-sandwich/,http://www.twopeasandtheirpod.com/roasted-red-pepper-hummus-avocado-feta-sandwich/,1467114904,hlavní jídla|snídaně,unread
Mexický fazolovo jáhelný burger,http://drobecky.blogspot.com/2013/07/mexicky-fazolovo-jahelny-burger.html,1374690436,hlavní jídla,unread
Skořicoví šneci,http://sasulka.blogspot.com/2013/07/skoricovi-sneci.html,1374690503,dezerty,unread
"Kakaové sušenky, žitné sušenky a letní večeře",http://bezkrutosti.blogspot.com/2013/07/kakaove-susenky-zitne-susenky-letni.html,1374703870,dezerty|hlavní jídla,unread
Tvarohový trhanec,http://tvorimpreradost.blogspot.com/2013/07/tvarohovy-trhanec.html,1374705339,hlavní jídla,unread
Rybízový krémový koláč,http://www.laskominyodmaryny.cz/2013/07/rybizovy-kremovy-kolac.html,1374708140,dezerty,unread
Osvěžte se domácí limonádou. Vyrobíte ji za pár minut,http://www.lidovky.cz/osvezte-se-domaci-limonadou-vyrobite-ji-za-par-minut-pcp-/dobra-chut.aspx?c=A130726_162425_dobra-chut_mc#utm_source=feedly,1376493545,,unread
Žitný kváskový chléb,http://delicious-blog-lucie.blogspot.com/2013/07/zitny-kvaskovy-chleb.html,1376459720,pečivo,unread
Gazpacho,http://luciedvorakova.blogspot.com/2013/08/gazpacho.html,1376070848,polévky,unread
Dvakrát meruňková zavařenina,http://mlsnakockablog.cz/dvakrat-merunkova-zavarenina/,1375964388,"marmelády, zavařování",unread
Raw mrkvový mungo salát s mátou a koriandrem,http://kitchenette.cz/clanek/174-raw-mrkvovy-mungo-salat-s-matou-a-koriandrem,1376063774,saláty,unread
Pohanková granola,http://delicious-blog-lucie.blogspot.com/2013/08/pohankova-granola.html,1375560695,snídaně,unread
Jarní závitky,http://zdravejist.blogspot.com/2013/08/jarni-zavitky.html,1375564086,hlavní jídla|svačiny a chuťovky,unread
Citronový cheesecake,http://kivibloguje.blogspot.com/2013/08/citronovy-cheesecake.html,1375564225,dezerty,unread
Ochlaďte se domácím sorbetem. Přinášíme několik tipů,http://www.lidovky.cz/ochladte-se-domacim-sorbetem-prinasime-nekolik-tipu-fyo-/dobra-chut.aspx?c=A130801_142132_dobra-chut_ele#utm_source=feedly,1375770515,,unread
Tipy pre budúcich návštevníkov Berlína,http://anetagoesyummi.blogspot.com/2013/08/tipy-pre-buducich-navstevnikov-berlina.html,1375763264,cestování,unread
Borůvková zavařenina s mátou,http://mlsnakockablog.cz/boruvkova-zavarenina-s-matou/,1376511229,"marmelády, zavařování",unread
Meruňkovo-levandulový sorbet,http://mlsnakockablog.cz/merunkovo-levandulovy-sorbet/,1376108919,dezerty,unread
Letní ovocné profiteroly,http://kitchenette.cz/clanek/173-letni-ovocne-profiteroly,1376420116,dezerty,unread
Marocké zlato v kuchyni. Zkuste recepty s arganovým olejem,http://www.lidovky.cz/marocke-zlato-v-kuchyni-zkuste-recepty-s-arganovym-olejem-pn7-/dobra-chut.aspx?c=A130802_144732_dobra-chut_ape#utm_source=feedly,1375800794,,unread
Domácí zmrzliny podle receptu šéfkuchaře,http://www.vitalia.cz/clanky/domaci-zmrzliny-podle-receptu-sefkuchare/#utm_source=feedly,1375732477,,unread
Mungo - banánové karí,http://akochutimasala.blogspot.com/2013/08/mungo-bananove-kari.html,1375726028,hlavní jídla,unread
Letní tagliatelle s citronem,http://cucinare-con-amore.blogspot.com/2013/08/letni-tagliatelle-s-citronem.html,1375762148,hlavní jídla,unread
Tvarohový koláč - niečo ako cheesecake,http://matapecie.blogspot.com/2013/08/tvarohovy-kolac-nieco-ako-cheesecake.html,1375762586,dezerty,unread
Bramborovo-Fazolový SaláT S PořáDnou Porcí Zeleniny,http://eat-withlove.blogspot.com/2013/08/bramborovo-fazolovy-salat-s-poradnou.html,1375763223,saláty,unread
Cuketová špagetka,http://jedlikovo-vareni.blogspot.com/2013/08/cuketova-spagetka.html,1375773755,hlavní jídla|pomazánky|přílohy,unread
Tortilly s falafelem od Jamieho Olivera,http://zdravejist.blogspot.com/2013/08/tortilly-s-falafelem-od-jamieho-olivera.html,1375776738,hlavní jídla,unread
Pečená ovesná kaše,http://delicious-blog-lucie.blogspot.com/2013/08/pecena-ovesna-kase.html,1375779132,snídaně,unread
Ranní houstičky,http://kitchenette.cz/clanek/175-ranni-housticky,1375797393,pečivo,unread
Sezóna: Broskve,http://www.menudomu.cz/broskve/,1375791318,dezerty|saláty,unread
DomáCí SemíNkové Krekry   SlunečNicovo-RajčAtová PomazáNka,http://eat-withlove.blogspot.com/2013/08/domaci-seminkove-krekry-slunecnicovo.html,1375796867,pomazánky|svačiny a chuťovky,unread
Nedělní snídaně: prošívaná deka,http://drobecky.blogspot.com/2013/08/nedelni-snidane-prosivana-deka.html,1375798722,snídaně,unread
Dnes sme v Sme,http://hrncek-var.blogspot.com/2013/08/dnes-sme-v-sme.html,1375800336,"marmelády, zavařování",unread
UniverzáLní DýňOvé Pyré: Jedna DýNě - Mnoho Variací,http://eat-withlove.blogspot.com/2013/08/univerzalni-dynove-pyre-jedna-dyne.html,1375800365,dezerty|snídaně|svačiny a chuťovky,unread
Koláč s ovocným pyré.,http://foodependence.blogspot.com/2013/08/kolac-s-ovocnym-pyre.html,1375800711,dezerty,unread
Ovesno - BanáNová PalačInka S Chia SemíNky,http://eat-withlove.blogspot.com/2013/08/ovesno-bananova-palacinka-s-chia-seminky.html,1375801180,snídaně,unread
Zapečený brokolicový kuskus s mozzarellou,http://kivibloguje.blogspot.com/2013/08/zapeceny-brokolicovy-kuskus-s.html,1375802174,hlavní jídla,unread
Camembert s rybízovým čatní,http://delicious-blog-lucie.blogspot.com/2013/08/camembert-s-rybizovym-catni.html,1375802371,hlavní jídla|svačiny a chuťovky,unread
Gaspačo.,http://foodependence.blogspot.com/2013/08/gaspaco.html,1375941544,polévky,unread
Cantaloupe s fenyklem a fetou,http://delicious-blog-lucie.blogspot.com/2013/08/cantaloupe-s-fenyklem-fetou.html,1375946899,saláty|svačiny a chuťovky,unread
Mramorová bábovka,http://tvorimpreradost.blogspot.com/2013/08/mramorova-babovka.html,1375946923,dezerty,unread
Minipost. Na osvieženie.,http://foodependence.blogspot.com/2013/08/minipost-na-osviezenie.html,1375947323,nápoje|snídaně,unread
Meruňkový chlebíček,http://www.laskominyodmaryny.cz/2013/08/merunkovy-chlebicek.html,1375950415,dezerty,unread
Mocná koření z babiččiny zahrádky - Vitalia.cz,http://www.vitalia.cz/clanky/koreni-z-babicciny-zahradky/#utm_source=feedly,1376003239,,unread
Meruňkový cheesecake z ricotty,http://www.laskominyodmaryny.cz/2013/08/merunkovy-cheesecake-z-ricotty.html,1375966075,dezerty,unread
Sezóna: Cukety,http://www.menudomu.cz/cukety/,1375966405,polévky|svačiny a chuťovky,unread
Bylinkový speciál: Kopřiva dvoudomá - Vitalia.cz,http://www.vitalia.cz/clanky/bylinkovy-special-kopriva-dvoudoma/#utm_source=feedly,1376004193,,unread
Cuketové lívance,http://delicious-blog-lucie.blogspot.com/2013/08/cuketove-livance.html,1376031591,snídaně,unread
Vyzkoušeli jsme zavařovací recepty: Marmeládu podle babičky i moderní pesto,http://www.vitalia.cz/clanky/vyzkouseli-jsme-zavarovaci-recepty-marmeladu-podle-babicky-i-moderni-pesto/#utm_source=feedly,1376077760,,unread
"Černé linguiny s mušlemi sv.Jakuba, citrónovou kůrou a jedlými květy",http://kitchenette.cz/clanek/176-cerne-linguiny-s-muslemi-sv-jakuba-citronovou-kurou-a-jedlymi-kvety,1376053078,hlavní jídla,unread
Snídaňová inspirace,http://bezkrutosti.blogspot.com/2013/08/snidanova-inspirace.html,1376061318,snídaně,unread
Sezóna: Meruňky,http://www.menudomu.cz/merunky/,1376061447,"dezerty|hlavní jídla|marmelády, zavařování",unread
Kamutový jablečný koláč,http://zdravejist.blogspot.com/2013/08/kamutovy-jablecny-kolac.html,1376062988,dezerty,unread
Buchty na pare,http://tvorimpreradost.blogspot.com/2013/08/buchty-na-pare.html,1376063679,hlavní jídla,unread
Fazolová polévka,http://kivibloguje.blogspot.com/2013/08/fazolova-polevka.html,1376063972,polévky,unread
Kváskové lívance z pohankovou moukou,http://bezkrutosti.blogspot.com/2013/08/kvaskove-livance-z-pohankovou-moukou.html,1376082157,snídaně,unread
Plněné cukety,http://delicious-blog-lucie.blogspot.com/2013/08/plnene-cukety.html,1376085512,hlavní jídla,unread
Karamelový cheesecake s borůvkami,http://www.laskominyodmaryny.cz/2013/08/karamelovy-cheesecake-s-boruvkami.html,1376087018,dezerty,unread
Voňavé pečivo,http://akochutimasala.blogspot.com/2013/07/vonave-pecivo.html,1376087046,pečivo,unread
The Daring Bakers’ July 2013 Challenge – Eenie Meenie Miney Moe!,http://vareni.ritta.cz/pizza/the-daring-bakers-july-2013-challenge-eenie-meenie-miney-moe/,1376088691,hlavní jídla,unread
Obrácený meruňkový koláč,http://delicious-blog-lucie.blogspot.com/2013/07/obraceny-merunkovy-kolac.html,1376089024,dezerty,unread
Borůvkové zrcadlo,http://www.laskominyodmaryny.cz/2013/07/boruvkove-zrcadlo.html,1376113577,dezerty,unread
Spaghetti Alla Puttanesca | Pasta Recipes | Jamie Oliver Recipes,http://www.jamieoliver.com/recipes/pasta-recipes/gennaro-s-spaghetti-alla-puttanesca/,1428258079,hlavní jídla,unread
"Kokosová ""kaše""",http://delicious-blog-lucie.blogspot.com/2013/08/kokosova-kase.html,1376250362,snídaně,unread
Jahodový dort charlotte chantilly bez pečení,http://feedproxy.google.com/~r/ToMiChutna/~3/E9DmhbuQP9M/nepeceny-jahodovy-dort-charlotte-chantilly,1376250448,dezerty,unread
Ledová bouře,http://cuocadolce.blogspot.com/2013/08/ledova-boure.html,1376250847,dezerty,unread
Letní Zelený Falafel s Ořechy a Čerstvými Bylinkami,http://veganotic.blogspot.com/2013/08/letni-zeleny-falafel-s-orechy-cerstvymi.html,1376251346,hlavní jídla,unread
Plněné papriky a Empanadillas s houbami a krevetami,http://martina-a-la-maison.blogspot.com/2013/08/plnene-papriky-empanadillas-s-houbami.html,1376253207,svačiny a chuťovky,unread
Nedělní snídaně: snídaňové cereálie,http://drobecky.blogspot.com/2013/08/nedelni-snidane-snidanove-cerealie.html,1376255321,snídaně,unread
domácí kávové marshmallows,http://e-cake.blogspot.com/2013/08/domaci-kavove-marshmallows_10.html,1376259079,dezerty,unread
Rybízový koláč s tvarohem,http://cucinare-con-amore.blogspot.com/2013/08/rybizovy-kolac-s-tvarohem.html,1376259690,dezerty,unread
Ledový broskvový čaj se zázvorem,http://delicious-blog-lucie.blogspot.com/2013/07/ledovy-broskvovy-caj-se-zazvorem.html,1376260651,nápoje,unread
Paprikovo-cizrnová pomazánka,http://zdravejist.blogspot.com/2013/07/paprikovo-cizrnova-pomazanka.html,1376260888,pomazánky,unread
Baklažánové čatní,http://akochutimasala.blogspot.com/2013/08/baklazanove-catni.html,1376290793,svačiny a chuťovky,unread
Jak připravit skvělý meruňkový koláč? Poradí Roman Paulus,http://www.lidovky.cz/jak-pripravit-skvely-merunkovy-kolac-poradi-roman-paulus-p3r-/dobra-chut.aspx?c=A130807_115228_dobra-chut_ape#utm_source=feedly,1376291602,,unread
"Tvarohový koláč tříbarevný, příjemně vzpomínkový",http://www.gurmanka.cz/2013/08/tvarohovy-kolac-tribarevny-prijemne-vzpominkovy,1376323171,dezerty,unread
Ostružinová tvarohová zmrzlina,http://mlsnakockablog.cz/ostruzinova-tvarohova-zmrzlina/,1376324127,dezerty,unread
Marhuľový koláč,http://tvorimpreradost.blogspot.com/2013/08/marhulovy-kolac.html,1376324755,dezerty,unread
Letná omeleta,http://tvorimpreradost.blogspot.com/2013/08/letna-omeleta.html,1376324914,snídaně,unread
Kávový cheesecake,http://www.laskominyodmaryny.cz/2013/08/kavovy-cheesecake.html,1376376623,dezerty,unread
Sezóna: Borůvky,http://www.menudomu.cz/boruvky/,1376379774,dezerty,unread
Ríbezľový zákusok,http://tvorimpreradost.blogspot.com/2013/07/ribezlovy-zakusok.html,1376383591,dezerty,unread
Keerai paruppu,http://akochutimasala.blogspot.com/2013/07/keerai-paruppu.html,1376401874,hlavní jídla,unread
Bazalkové maslo,http://somktosom.blogspot.com/2013/08/bazalkove-maslo.html,1376428645,pomazánky,unread
Borůvkovo cheesecakeová zmrzlina,http://crustycorner.blogspot.com/2013/07/boruvkovo-cheesecakeova-zmrzlina.html,1376425312,dezerty,unread
Schwarzwaldská Pavlova,http://www.laskominyodmaryny.cz/2013/07/schwarzwaldska-pavlova.html,1376425667,dezerty,unread
Jahodová smotanová zmrzlina,http://somktosom.blogspot.com/2013/08/jahodova-smotanova-zmrzlina.html,1376428718,dezerty,unread
"""Svíčková"" omáčka",http://zdravejist.blogspot.com/2013/08/svickova-omacka.html,1376431624,hlavní jídla,unread
Ratatouille,http://polnekvety.blogspot.com/2013/08/ratatouille.html,1376432731,hlavní jídla,unread
Borůvkový cheesecake,http://vypecenyden.blogspot.com/2013/07/boruvkovy-cheesecake.html,1376459510,dezerty,unread
Borůvková bábovka,http://gurmankalenulka.blogspot.com/2013/07/boruvkova-babovka.html,1376459988,dezerty,unread
Ríbezľový cheesecake,http://dorasart.blogspot.com/2013/07/ribezlovy-cheesecake.html,1376463957,dezerty,unread
Jak ušetřit za léky a kosmetiku? Skliďte záhon - Vitalia.cz,http://www.vitalia.cz/clanky/uplne-obycejna-zelenina-a-vlastnosti-k-nezaplaceni/#utm_source=feedly,1376477074,,unread
"Rybízu je všude plno, zkuste jednoduchý koláč",http://www.lidovky.cz/rybizu-je-vsude-plno-zkuste-jednoduchy-kolac-fnx-/dobra-chut.aspx?c=A130813_170102_dobra-chut_mc#utm_source=feedly,1376477897,,unread
"Eton mess - dezert s jahodami, snehovymi pusinkami a slahackou",http://adkas-tastyfood.blogspot.com/2013/07/eton-mess-dezert-s-jahodami-snehovymi.html,1376483116,dezerty,unread
Dneska vařím já: Martin Rezek a Eva Nutilová - Kuřecí plátek s ananasem,http://kulturistika.ronnie.cz/c-16031-dneska-varim-ja-martin-rezek-a-eva-nutilova-kureci-platek-s-ananasem.html?rss=1,1376484969,hlavní jídla,unread
Salátové jarní závitky,http://delicious-blog-lucie.blogspot.com/2013/08/salatove-jarni-zavitky.html,1376491853,saláty|svačiny a chuťovky,unread
Penne s pestem a kuřecím masem,http://martininakuchyne.blogspot.com/2013/07/penne-s-pestem-kurecim-masem.html,1376492602,hlavní jídla,unread
Tuňákovo-fazolová bruschetta,http://cucinare-con-amore.blogspot.com/2013/07/tunakovo-fazolova-bruschetta.html,1376492678,svačiny a chuťovky,unread
Třešňová zmrzlina z mascarpone,http://www.laskominyodmaryny.cz/2013/07/tresnova-zmrzlina-z-mascarpone.html,1376493602,dezerty,unread
Proč jím v létě jalově,http://cuocadolce.blogspot.com/2013/07/proc-jim-v-lete-jalove.html,1376494022,hlavní jídla|přílohy|svačiny a chuťovky,unread
"Rajčata pečená s fetou, bylinkami a křupavou strouhankou",http://crustycorner.blogspot.com/2013/07/rajcata-pecena-s-fetou-bylinkami.html,1376498904,svačiny a chuťovky,unread
"Quiche s cuketou, kozím sýrem a vlašskými ořechy",http://www.laskominyodmaryny.cz/2013/07/quiche-s-cuketou-kozim-syrem-vlasskymi.html,1376501963,hlavní jídla|svačiny a chuťovky,unread
Uhorková raita 2.,http://akochutimasala.blogspot.com/2013/07/uhorkova-raita-2.html,1376502091,svačiny a chuťovky,unread
Cuketová buchta,http://zdravejist.blogspot.com/2013/08/cuketova-buchta.html,1376504405,dezerty,unread
Rybízová bublanina s mákem,http://delicious-blog-lucie.blogspot.com/2013/07/rybizova-bublanina-s-makem.html,1376505700,dezerty,unread
Jamieho 15ti minutový falafel s grilovanými paprikami a rajčatovou salsou,http://cuisinebyklarish.blogspot.com/2013/07/jamieho-15ti-minutovy-falafel-s.html,1376509529,hlavní jídla,unread
A von!,http://www.natanieri.sk/a-von/,1376559052,dezerty|svačiny a chuťovky,unread
Jak připravit chutné domácí hranolky? Poradí šéfkuchaři,http://www.lidovky.cz/jak-pripravit-chutne-domaci-hranolky-poradi-sefkuchari-pi5-/dobra-chut.aspx?c=A130815_134156_dobra-chut_ape#utm_source=feedly,1376696450,,unread
Cuketové cookies,http://delicious-blog-lucie.blogspot.com/2013/08/cuketove-cookies.html,1376686449,dezerty,unread
Kuřecí parmigiana,http://martininakuchyne.blogspot.com/2013/08/kureci-parmigiana.html,1376688423,hlavní jídla,unread
Rozmarýnové grissini s olivovým olejem,http://crustycorner.blogspot.com/2013/08/rozmarynove-grissini-s-olivovym-olejem.html,1376689506,svačiny a chuťovky,unread
Cukeťák,http://zdravejist.blogspot.com/2013/08/cuketak.html,1376691052,hlavní jídla,unread
Utopenci,http://somktosom.blogspot.com/2013/08/utopenci.html,1376693639,svačiny a chuťovky,unread
Lečo,http://somktosom.blogspot.com/2013/08/leco.html,1376694094,hlavní jídla,unread
Plantain masala,http://akochutimasala.blogspot.com/2013/08/plantain-masala.html,1376696024,hlavní jídla,unread
Lněná tortilla s burákovým máslem a broskví,http://delicious-blog-lucie.blogspot.com/2013/08/lnena-tortilla-s-burakovym-maslem.html,1376696832,dezerty|snídaně|svačiny a chuťovky,unread
Kokosový koláč Rafaelo,http://janaathome.blogspot.com/2013/08/kokosovy-kolac-rafaelo.html,1376697506,dezerty,unread
Kokosový RAW puding,http://zdravejist.blogspot.com/2013/08/kokosovy-raw-puding.html,1376697634,dezerty,unread
Panna Cotta s nektarinkama a želé,http://vypecenyden.blogspot.com/2013/08/panna-cotta-s-nektarinkama-zele.html,1376854292,dezerty,unread
Čokoládová Nemesis,http://www.laskominyodmaryny.cz/2013/08/cokoladova-nemesis.html,1376854312,dezerty,unread
Výborná domácí malinová zmrzlina,http://feedproxy.google.com/~r/ToMiChutna/~3/oNERXCM_oAE/domaci-malinova-zmrzlina-bez-zmrzlinovace,1376854509,dezerty,unread
Zeleninová topinková směs podle Verunky,http://jedlikovo-vareni.blogspot.com/2013/08/zeleninova-topinkova-smes-podle-verunky.html,1376854606,hlavní jídla|pomazánky|přílohy,unread
Celozrnné bulky,http://bezkrutosti.blogspot.com/2013/08/celozrnne-bulky-vytecne-na-robi-burger.html,1376855104,pečivo,unread
Pečený ovocný čaj,http://jedlikovo-vareni.blogspot.com/2013/01/peceny-ovocny-caj.html,1376855820,nápoje,unread
Buchtičky...  povidlové,http://unavenavarecka.blogspot.com/2013/08/buchticky-povidlove.html,1376857348,dezerty,unread
Čokoládovo-tvarohové kocky,http://adkas-tastyfood.blogspot.com/2013/08/cokoladovo-tvarohove-kocky.html,1376857370,dezerty,unread
Cuketové placičky s mrkvovým pyré,http://delicious-blog-lucie.blogspot.com/2013/08/cuketove-placicky-s-mrkvovym-pyre.html,1376857605,hlavní jídla,unread
KvěTáKovo-Cuketové PlacičKy,http://eat-withlove.blogspot.com/2013/08/kvetakovo-cuketove-placicky.html,1376858453,hlavní jídla|přílohy|snídaně|svačiny a chuťovky,unread
Ricottovo-mandlové knedlíky s meruňkami,http://delicious-blog-lucie.blogspot.com/2013/08/ricottovo-mandlove-knedliky-s-merunkami.html,1376860165,hlavní jídla,unread
"Zkuste špagety s rajčaty a italskou klobásou, radí Roman Paulus",http://www.lidovky.cz/zkuste-spagety-s-rajcaty-a-italskou-klobasou-radi-roman-paulus-pvb-/dobra-chut.aspx?c=A130815_111627_dobra-chut_ape#utm_source=feedly,1376934086,,unread
Svěží letní recepty,http://www.svet-potravin.cz/clanek.aspx?id=3627,1376922578,"dezerty|marmelády, zavařování|saláty|svačiny a chuťovky",unread
Old School Koláče,http://veganotic.blogspot.com/2013/08/old-school-kolace.html,1376932755,dezerty,unread
Dolky alias Lievance,http://somktosom.blogspot.com/2013/08/dolky-alias-lievance.html,1376932800,snídaně,unread
Mandlové Muffiny   Mandlové MléKo,http://eat-withlove.blogspot.com/2013/08/mandlove-muffiny-mandlove-mleko.html,1376933017,dezerty|nápoje,unread
Co chci udělat ale nechce se mi...,http://the-beauty-gloss.blogspot.com/2013/08/co-chci-udelat-ale-nechce-se-mi.html,1376941589,pečivo,unread
Švestkový litý (kynutý) koláč...,http://unavenavarecka.blogspot.com/2013/08/svestkovy-lity-kynuty-kolac.html,1376941617,dezerty,unread
Červená řepa – recepty pro zdraví - Vitalia.cz,http://www.vitalia.cz/clanky/cervena-repa-recepty-pro-zdravi/#utm_source=feedly,1564936791,,unread
Lievance.,http://foodependence.blogspot.com/2013/08/lievance.html,1377004591,snídaně,unread
Rybízovo-broskvové muffiny,http://delicious-blog-lucie.blogspot.com/2013/08/rybizovo-broskvove-muffiny.html,1377016590,dezerty,unread
Hrkový cuketový perník,http://kitchenette.cz/clanek/178-hrkovy-cuketovy-pernik,1377016736,dezerty,unread
Belle Mirabelle,http://hrncek-var.blogspot.com/2013/08/belle-mirabelle.html,1377032165,dezerty,unread
Pikantne kuracie sote,http://adkas-tastyfood.blogspot.com/2013/08/pikantne-kuracie-sote.html,1377034013,hlavní jídla,unread
http://cookingalamel.com/2013/08/creamy-greek-yogurt-mac-cheese.html?crlt.pid=camp.wQI0ejUBdpOm,http://cookingalamel.com/2013/08/creamy-greek-yogurt-mac-cheese.html?crlt.pid=camp.wQI0ejUBdpOm,1467121413,hlavní jídla,unread
Aloo chole,http://akochutimasala.blogspot.com/2013/08/aloo-chole.html,1377070043,hlavní jídla,unread
Domáci kečup,http://tvorimpreradost.blogspot.com/2013/08/domaci-kecup.html,1377102037,"marmelády, zavařování",unread
Melitzanosalata,http://zdravejist.blogspot.com/2013/08/melitzanosalata.html,1377103127,pomazánky,unread
http://www.skinnytaste.com/2013/08/banana-split-bars.html,http://www.skinnytaste.com/2013/08/banana-split-bars.html,1435182177,svačiny a chuťovky,unread
Brokolicový krém s kokosovým mlékem a semínky,http://delicious-blog-lucie.blogspot.com/2013/08/brokolicovy-krem-s-kokosovym-mlekem.html,1377122841,polévky,unread
Domácí KOKA sušenky,http://jedlikovo-vareni.blogspot.com/2013/08/domaci-koka-susenky.html,1377170948,dezerty,unread
Tvarohové meruňkové knedlíky,http://luciedvorakova.blogspot.com/2013/08/tvarohove-merunkove-knedliky.html,1377187029,hlavní jídla,unread
Malinový koláč ve stylu Chinois,http://crustycorner.blogspot.com/2013/08/malinovy-kolac-ve-stylu-chinois.html,1377205898,dezerty,unread
Mandlovo-kokosová kaše s borůvkami,http://delicious-blog-lucie.blogspot.com/2013/08/mandlovo-kokosova-kase-s-boruvkami.html,1377207669,snídaně,unread
Salát z lístků mladé červené řepy s rybízem a mangem,http://mlsnakockablog.cz/salat-z-listku-mlade-cervene-repy-s-rybizem-a-mangem/,1377273556,saláty,unread
Pohankové palačinky s borůvkami a skořicovým tvarohem,http://delicious-blog-lucie.blogspot.com/2013/08/pohankove-palacinky-s-boruvkami.html,1377291242,snídaně,unread
Tvarohovo-makova zebra torta,http://adkas-tastyfood.blogspot.com/2013/08/tvarohovo-makova-zebra-torta.html,1377466777,dezerty,unread
Malinové překvapení,http://www.laskominyodmaryny.cz/2013/08/malinove-prekvapeni.html,1377467227,dezerty,unread
Zeleninový salát s domácí zálivkou,http://martininakuchyne.blogspot.com/2013/08/zeleninovy-salat-s-domaci-zalivkou.html,1377467765,saláty,unread
Polievka z červenej šošovice.,http://foodependence.blogspot.com/2013/08/polievka-z-cervenej-sosovice.html,1377468448,polévky,unread
Ostružinové smoothie,http://delicious-blog-lucie.blogspot.com/2013/08/ostruzinove-smoothie.html,1377468480,snídaně,unread
Nedělní snídaně: domácí loupáčky,http://drobecky.blogspot.com/2013/08/nedelni-snidane-domaci-loupacky.html,1377468757,snídaně,unread
Meruňkové muffiny s čokoládou,http://cucinare-con-amore.blogspot.com/2013/08/merunkove-muffiny-s-cokoladou.html,1377468804,dezerty,unread
Gobi Kheema,http://akochutimasala.blogspot.com/2013/08/gobi-kheema.html,1377469255,hlavní jídla,unread
Sezónní recepty trochu jinak. Zkuste péct bez mouky | Dobrá chuť | Lidovky.,http://www.lidovky.cz/sezonni-recepty-trochu-jinak-zkuste-pect-bez-mouky-fhc-/dobra-chut.aspx?c=A130821_103106_dobra-chut_mc,1377469463,dezerty|hlavní jídla,unread
"Česká klasika. Roman Paulus radí, jak na kuře na paprice",http://www.lidovky.cz/ceska-klasika-roman-paulus-radi-jak-na-kure-na-paprice-p0e-/dobra-chut.aspx?c=A130823_144447_dobra-chut_mc#utm_source=feedly,1377502174,,unread
"Tiež som prepadol domácim limonádam. Tak začínam, ako každý nováčik citroná",http://www.foodissimo.eu/2013/08/26/tiez-som-prepadol-domacim-limonadam-tak-zacinam-ako-kazdy-novacik-citronadou/,1377531535,nápoje,unread
Pudingovy tvarohovnik,http://adkas-tastyfood.blogspot.com/2013/08/pudingovy-tvarohovnik.html,1377532759,dezerty,unread
Domáce zemiakové gnocchi so smotanovou omáčkou na chladný letný večer,http://www.foodissimo.eu/2013/08/25/domace-zemiakove-gnocchi-so-smotanovou-omackou-na-chladny-letny-vecer/,1377532798,hlavní jídla,unread
Kakaové sušenky s chia semínky,http://zdravejist.blogspot.com/2013/08/kakaove-susenky-s-chia-seminky.html,1377548642,dezerty,unread
Cokoladovo-kokosove kocky,http://adkas-tastyfood.blogspot.com/2013/08/cokoladovo-kokosove-kocky.html,1377552856,dezerty,unread
Bounty tyčinky,http://delicious-blog-lucie.blogspot.com/2013/08/bounty-tycinky.html,1377553038,dezerty,unread
Celer – nejen pro muže - Vitalia.cz,http://www.vitalia.cz/clanky/celer-nejen-pro-muze/#utm_source=feedly,1377576569,,unread
Zápisky Kačky Žvýkačky: O co tu běží?,http://kackazvykacka.blogspot.cz/2012/07/o-co-tu-bezi.html,1377594024,polévky,unread
Zápisky Kačky Žvýkačky: Kua to je vedro...,http://kackazvykacka.blogspot.cz/2012/08/kua-to-je-vedro.html,1377610250,polévky,unread
Zápisky Kačky Žvýkačky: Děsně cool ...,http://kackazvykacka.blogspot.cz/2012/08/desne-cool.html,1377613045,saláty,unread
Tvarohová bomba s ovocím,http://tvorimpreradost.blogspot.com/2013/08/tvarohova-bomba-s-ovocim.html,1377625919,dezerty,unread
Cuketový džem s citrónom a zázvorom,http://somktosom.blogspot.com/2013/08/cuketovy-dzem-s-citronom-zazvorom.html,1377628203,"marmelády, zavařování",unread
Hruškový koláč.,http://foodependence.blogspot.com/2013/08/hruskovy-kolac.html,1377628655,dezerty,unread
Cuketové carpaccio,http://delicious-blog-lucie.blogspot.com/2013/08/cuketove-carpaccio.html,1377635248,saláty,unread
receptyywett : Jablkový koláč s vôňou škorice,http://ywettrecepty.blogspot.cz/2012/08/jablkovy-kolac-s-vonou-skorice.html,1377640333,dezerty,unread
mypancakestory.: Noky s rajčatovo-cuketovou omáčkou,http://mypancakestory.blogspot.cz/2012/08/noky-s-rajcatovo-cuketovou-omackou.html,1377645486,hlavní jídla,unread
receptyywett : Citrónové muffiny,http://ywettrecepty.blogspot.cz/2012/09/citronove-muffiny.html,1377646088,dezerty,unread
"Buďme netolerantní... k netoleranci: Obalovaná cuketa, děcka!",http://dennidavkaironie.blogspot.cz/2012/09/obalovana-cuketa-decka.html,1377650099,hlavní jídla,unread
Můj blond blog: Polévka stavinožka,http://mujblondblog.blogspot.cz/2012/09/polevka-stavinozka.html,1377653800,polévky,unread
Můj blond blog: Karamelová bomba,http://mujblondblog.blogspot.cz/2012/09/karamelova-bomba.html,1377653893,dezerty,unread
Můj blond blog: Červená polévka - s rajčaty a červenou čočkou,http://mujblondblog.blogspot.cz/2012/09/cervena-polevka-s-rajcaty-cervenou.html,1377653945,polévky,unread
"Zápisky Kačky Žvýkačky: Je podzim, nedá se svítit.",http://kackazvykacka.blogspot.cz/2012/09/je-podzim-neda-se-svitit.html,1377657074,dezerty|hlavní jídla,unread
Mamka varí ♥ : KURACIE PRSIA NA HRIANKACH,http://receptyakeber.blogspot.sk/2012/09/kuracie-prsia-na-hriankach.html,1377659354,hlavní jídla,unread
Cuketový koláč s kokosom,http://somktosom.blogspot.com/2013/08/cuketovy-kolac-s-kokosom.html,1377680260,dezerty,unread
receptyywett : Kakaová roláda,http://ywettrecepty.blogspot.cz/2012/10/kakaova-rolada.html,1377728706,dezerty,unread
Posmutnel chotár…,http://www.natanieri.sk/posmutnel-chotar/,1377754015,dezerty|saláty,unread
Špagety HRK-HRK,http://jedlikovo-vareni.blogspot.com/2013/08/spagety-hrk-hrk.html,1377801000,hlavní jídla,unread
Kokosové makronky s krémem ze slaného karamelu,http://cuisinebyklarish.blogspot.com/2013/08/kokosove-makronky-s-kremem-ze-slaneho.html,1377801546,dezerty,unread
Cuketové smaženky od Nigelly,http://cuisinebyklarish.blogspot.com/2013/08/cuketove-smazenky-od-nigelly.html,1377801610,hlavní jídla,unread
Jarní závitky,http://cuisinebyklarish.blogspot.com/2013/08/jarni-zavitky.html,1377802682,hlavní jídla|svačiny a chuťovky,unread
Cuketové nudle s čočkovým krémem a cibulkou,http://delicious-blog-lucie.blogspot.com/2013/08/cuketove-nudle-s-cockovym-kremem.html,1377811623,hlavní jídla,unread
"Víte, která tráva se dá jíst? - Vitalia.cz",http://www.vitalia.cz/clanky/vite-ktera-trava-se-da-jist/#utm_source=feedly,1377844631,,unread
MÍCHANÁ BANÁNOVO-VANILKOVÁ PALAČINKA,http://eat-withlove.blogspot.com/2013/08/michana-bananovo-vanilkova-palacinka.html,1377848436,snídaně,unread
Pečená nutrie podle zbojnice Koko,http://www.menudomu.cz/pecena-nutrie-podle-zbojnice-koko/,1377851836,hlavní jídla,unread
Sáši blog: Nektarinkový koláč z jogurtového těsta,http://sasulka.blogspot.cz/2013/08/nektarinkovy-kolac-z-jogurtoveho-testa.html,1377889734,dezerty,unread
Rajčatová polévka s pestem a mozzarellou,http://delicious-blog-lucie.blogspot.com/2013/08/rajcatova-polevka-s-pestem-mozzarellou.html,1377890931,polévky,unread
Polévka z pečených rajčat,http://www.laskominyodmaryny.cz/2013/08/polevka-z-pecenych-rajcat.html,1377895707,polévky,unread
Kuskus s pestom a cuketou,http://dorasart.blogspot.com/2013/08/kuskus-s-pestom-cuketou.html,1377897007,hlavní jídla,unread
Pečené kura.,http://foodependence.blogspot.com/2013/08/pecene-kura.html,1377898933,hlavní jídla,unread
Co s broskvemi? Přinášíme jednoduché recepty,http://www.lidovky.cz/co-s-broskvemi-prinasime-jednoduche-recepty-fzy-/dobra-chut.aspx?c=A130830_131938_dobra-chut_ape#utm_source=feedly,1377932652,,unread
Batátové hranolky s javorovo-dijonským dipem,http://delicious-blog-lucie.blogspot.com/2013/09/batatove-hranolky-s-javorovo-dijonskym.html,1378060660,přílohy,unread
Dýňový chlebíček,http://vypecenyden.blogspot.com/2013/09/dynovy-chlebicek.html,1378063619,dezerty,unread
Pivní Fazolové Ragú s Houbami a Bramborovými Houstičkami,http://veganotic.blogspot.com/2013/09/pivni-fazolove-ragu-s-houbami.html,1378065403,hlavní jídla,unread
13 typických těhotenských potíží: co s nevolností nebo pálením žáhy - Vital,http://www.vitalia.cz/clanky/13-typickych-tehotenskych-potizi-co-s-nevolnosti-nebo-palenim-zahy/#utm_source=feedly,1378157171,,unread
PEČENÍ BATÁTI S DOMÁCÍM ŽERVÉ A OPÉKANÝMI KEŠU,http://www.goodmoodspoon.com/2013/09/peceni-batati-s-domacim-zerve-opekanymi.html,1378239378,hlavní jídla,unread
Snídejte poctivé Müsli a nekupujte nesmysly,http://www.gurmanka.cz/2013/09/musli-ranni-davka-energie,1378239472,snídaně,unread
Švestky pro zdraví – včetně pecek - Vitalia.cz,http://www.vitalia.cz/clanky/svestky-pro-zdravi-vcetne-pecek/#utm_source=feedly,1378329484,,unread
Marmite ,http://bezkrutosti.blogspot.com/2013/09/marmite-syrove-susenky.html,1378329302,svačiny a chuťovky,unread
Šípkové recepty se špetkou nostalgie - Vitalia.cz,http://www.vitalia.cz/clanky/sipkove-recepty-se-spetkou-nostalgie/#utm_source=feedly,1378501302,,unread
Marocký mrkvový salát s cizrnou,http://delicious-blog-lucie.blogspot.com/2013/09/marocky-mrkvovy-salat-s-cizrnou.html,1378488877,saláty,unread
Dýňovo-čočková polévka,http://delicious-blog-lucie.blogspot.com/2013/09/dynovo-cockova-polevka.html,1378506691,polévky,unread
Švestková pomazánka alá Nutela,http://zdravejist.blogspot.com/2013/09/svestkova-pomazanka-ala-nutela.html,1378509346,pomazánky,unread
Zapečené těstoviny s kuřecím masem a cuketou,http://jedlikovo-vareni.blogspot.com/2013/09/zapecene-testoviny-s-kurecim-masem.html,1378524756,hlavní jídla,unread
Gril tuning,http://www.natanieri.sk/gril-tuning/,1378524822,hlavní jídla|polévky,unread
"Den, kdy jsem se chtěla stát zmrzlinářkou",http://cuocadolce.blogspot.com/2013/09/den-kdy-jsem-se-chtela-stat-zmrzlinarkou.html,1378524876,dezerty,unread
Pindruše podle Táni,http://martininakuchyne.blogspot.com/2013/09/pindruse-podle-tani.html,1378526698,dezerty,unread
Cukeťák podle Evky,http://zdravejist.blogspot.com/2013/09/cuketak-podle-evky.html,1378526727,hlavní jídla,unread
Domácí housky,http://cuisinebyklarish.blogspot.com/2013/09/domaci-housky.html,1378526763,pečivo,unread
Knedlíky i povidla. Přinášíme pět receptů se švestkami | Dobrá chuť | Lidov,http://www.lidovky.cz/knedliky-i-povidla-prinasime-pet-receptu-se-svestkami-ppf-/dobra-chut.aspx?c=A130905_133257_dobra-chut_ape#utm_source=feedly,1378583807,,unread
Sušenky Síla květů s brusinkami,http://www.laskominyodmaryny.cz/2013/09/susenky-sila-kvetu-s-brusinkami.html,1378573583,dezerty,unread
Kuře na citronech,http://cuisinebyklarish.blogspot.com/2013/09/kure-na-citronech.html,1378573623,hlavní jídla,unread
Švestkovo-ricottový koláč se skořicovou drobenkou,http://www.laskominyodmaryny.cz/2013/09/svestkovo-ricottovy-kolac-se-skoricovou.html,1378573651,dezerty,unread
Citrónový koláč.,http://foodependence.blogspot.com/2013/09/citronovy-kolac.html,1378754224,dezerty,unread
Piškótová bábovka s hrozienkami,http://tvorimpreradost.blogspot.com/2013/09/piskotova-babovka-s-hrozienkami.html,1378754278,dezerty,unread
Brokolicové pesto,http://delicious-blog-lucie.blogspot.com/2013/09/brokolicove-pesto.html,1378757276,hlavní jídla|přílohy,unread
Karamelové veterníky,http://matapecie.blogspot.com/2013/09/karamelove-veterniky.html,1378757377,dezerty,unread
"Polévka z lednice. Připravte si gazpacho, radí Roman Paulus | Dobrá chuť | ",http://www.lidovky.cz/polevka-z-lednice-pripravte-si-gazpacho-radi-roman-paulus-pmw-/dobra-chut.aspx?c=A130903_153111_dobra-chut_ape#utm_source=feedly,1378759265,,unread
Ponožky s cibulí uvolňují hlen - Vitalia.cz,http://www.vitalia.cz/clanky/ponozky-s-cibuli-uvolnuji-hlen/#utm_source=feedly,1378759304,,unread
Připravte si houby jinak. Zkuste recepty šéfkuchařů | Dobrá chuť | Lidovky.,http://www.lidovky.cz/pripravte-si-houby-jinak-poradi-sefkuchari-fki-/dobra-chut.aspx?c=A130909_102821_dobra-chut_ape#utm_source=feedly,1379269699,,unread
Čokoládový koláč s karamelem,http://luciedvorakova.blogspot.com/2013/09/cokoladovy-kolac-s-karamelem.html,1379269434,dezerty,unread
Vepřová panenka s houbovou omáčkou - MENU domů,http://www.menudomu.cz/veprova-panenka-s-houbovou-omackou/,1430065436,hlavní jídla,unread
Prvorepublikové recepty,http://www.menudomu.cz/prvorepublikove-recepty/,1378924281,dezerty|hlavní jídla|polévky|přílohy|svačiny a chuťovky,unread
Polievka s údenou makrelou a slaninou,http://dorasart.blogspot.com/2013/09/polievka-s-udenou-makrelou-slaninou.html,1378928186,polévky,unread
Švestkový koláč s krupičkou z kynutého těsta,http://www.laskominyodmaryny.cz/2013/09/svestkovy-kolac-s-krupickou-z-kynuteho.html,1378928219,dezerty,unread
"Celozrnné placky s cuketou, parmazánem a sušenými rajčaty",http://delicious-blog-lucie.blogspot.com/2013/09/celozrnne-placky-s-cuketou-parmazanem.html,1379012154,pečivo|svačiny a chuťovky,unread
Těstoviny s báječnou liškovou omáčkou,http://tomichutna.cz/testoviny-s-liskovou-omackou,1379012117,hlavní jídla,unread
Krevetove pulao,http://akochutimasala.blogspot.com/2013/09/krevetove-pulao.html,1379012215,hlavní jídla,unread
Kakaové pokušení,http://unavenavarecka.blogspot.com/2013/09/kakaove-pokuseni.html,1379194399,dezerty,unread
Fougasse s bylinkami,http://www.laskominyodmaryny.cz/2013/09/fougasse-s-bylinkami.html,1379194483,pečivo,unread
Rajma Sundal,http://akochutimasala.blogspot.com/2013/09/rajma-sundal.html,1379194512,hlavní jídla,unread
Imam bayıldı šalát,http://nazarboncukagaci.blogspot.com/2013/09/imam-bayld-salat.html,1379197130,saláty,unread
Cuketové mini pizzy,http://delicious-blog-lucie.blogspot.com/2013/09/cuketove-mini-pizzy.html,1379197183,hlavní jídla|svačiny a chuťovky,unread
Nedělní snídaně: bircher müsli,http://drobecky.blogspot.com/2013/09/nedelni-snidane-bircher-musli.html,1379235565,snídaně,unread
Paprikový bůček,http://jedlikovo-vareni.blogspot.com/2013/09/paprikovy-bucek.html,1379240530,hlavní jídla,unread
Ovocný burákový milkshake,http://delicious-blog-lucie.blogspot.com/2013/09/ovocny-burakovy-milkshake.html,1379240571,nápoje,unread
Pomazánka z uzeného lososa,http://jedlikovo-vareni.blogspot.com/2013/09/pomazanka-z-uzeneho-lososa.html,1379259335,pomazánky,unread
Skořicovo-mandloví šneci,http://cucinare-con-amore.blogspot.com/2013/09/skoricovo-mandlovi-sneci.html,1379263717,dezerty,unread
Domáca kysnutá knedľa,http://www.svarechou.sk/2013/09/domaca-kysnuta-knedla.html,1379267916,přílohy,unread
Učte se od nejlepších,http://cuocadolce.blogspot.com/2013/09/ucte-se-od-nejlepsich.html,1379270684,dezerty|hlavní jídla|polévky|saláty,unread
The Daring Cooks’ September 2013 Challenge: Potato Gnocchi,http://vareni.ritta.cz/hlavni-jidla/bezmasa/the-daring-cooks-september-2013-challenge-potato-gnocchi/,1379273198,hlavní jídla|přílohy,unread
Cuketové nudle s omáčkou Marinara,http://delicious-blog-lucie.blogspot.com/2013/09/cuketove-nudle-s-omackou-marinara.html,1379273298,hlavní jídla,unread
Mák zdroj vápníku plus recept na makové mléko,http://zdravejist.blogspot.com/2013/09/mak-zdroj-vapniku-plus-recept-na-makove.html,1379273368,nápoje,unread
Smazene krevety v krupicovom obale,http://akochutimasala.blogspot.com/2013/09/smazene-krevety-v-krupicovom-obale.html,1379273454,hlavní jídla,unread
Kitchenette — Švýcarský ořechovo-čokoládový koláč,http://kitchenette.cz/clanek/181-svycarsky-orechovo-cokoladovy-kolac,1379447790,dezerty,unread
How To Cook Quinoa,http://chocolatecoveredkatie.com/2013/09/16/how-to-cook-quinoa/,1379394254,přílohy,unread
Cokoladova bodkovana torta,http://adkas-tastyfood.blogspot.com/2013/09/cokoladova-bodkovana-torta.html,1379447578,dezerty,unread
Semínkové tyčinky,http://delicious-blog-lucie.blogspot.com/2013/09/seminkove-tycinky.html,1379447643,svačiny a chuťovky,unread
Sladké ako...mlieko!,http://nazarboncukagaci.blogspot.com/2013/09/sladke-akomlieko.html,1379619156,dezerty,unread
Dýňovo-bramborovo-tomatový krém,http://www.laskominyodmaryny.cz/2013/09/dynovo-bramborovo-tomatovy-krem.html,1379619195,polévky,unread
Houbový Uncle Bens,http://jedlikovo-vareni.blogspot.com/2013/09/houbovy-uncle-bens.html,1379620565,hlavní jídla,unread
Some Like It Hot,http://www.natanieri.sk/some-like-it-hot/,1379620647,svačiny a chuťovky,unread
MENU domů - Domácí kachní paštika,http://www.menudomu.cz/domaci-kachni-pastika/,1379826483,svačiny a chuťovky,unread
Mrkvová bábovka se slunečnicovými semínky,http://delicious-blog-lucie.blogspot.com/2013/09/mrkvova-babovka-se-slunecnicovymi.html,1379789827,dezerty,unread
Z ghetta blog: Croquembouche: Mission accomplished!,http://zghettablog.blogspot.cz/2013/09/croquembouche-mission-accomplished.html,1379786277,dezerty,unread
Red berries curd,http://www.laskominyodmaryny.cz/2013/09/red-berries-curd.html,1379789765,"marmelády, zavařování",unread
Cheesecake Nostalgie,http://cuocadolce.blogspot.com/2013/09/cheesecake-nostalgie.html,1379804787,dezerty,unread
Torta ,http://biba-mylittleworld.blogspot.com/2013/09/torta-pina-colada.html,1379806502,dezerty,unread
Rýchly ovocný koláč.,http://foodependence.blogspot.com/2013/09/rychly-ovocny-kolac.html,1379826460,dezerty,unread
Nedělní snídaně: granola s javorovým sirupem a ořechy,http://drobecky.blogspot.com/2013/09/nedelni-snidane-granola-s-javorovym.html,1379831772,snídaně,unread
"Kuskusový salát s dýní, špenátem, sušenými rajčaty atd.",http://delicious-blog-lucie.blogspot.com/2013/09/kuskusovy-salat-s-dyni-spenatem.html,1379831861,saláty,unread
Ovocne nanukove lizatka,http://adkas-tastyfood.blogspot.com/2013/09/ovocne-nanukove-lizatka.html,1379833047,dezerty,unread
Jak si poradit s cuketou? | Svět potravin,http://www.svet-potravin.cz/clanek.aspx?id=3678,1379833597,"marmelády, zavařování|svačiny a chuťovky",unread
Dýňové smoothie,http://delicious-blog-lucie.blogspot.com/2013/09/dynove-smoothie.html,1379852643,snídaně,unread
"Těstoviny s Krémovou Omáčkou, Rajčátky a Lilkem",http://veganotic.blogspot.com/2013/09/testoviny-s-kremovou-omackou-rajcatky.html,1379870837,hlavní jídla,unread
Kavova rolada nepecena,http://adkas-tastyfood.blogspot.com/2013/09/kavova-rolada-nepecena.html,1379921027,dezerty,unread
Koláč z kyslého mlieka II.,http://tvorimpreradost.blogspot.com/2013/09/kolac-z-kysleho-mlieka-ii.html,1379962410,dezerty,unread
Hroznový džem.,http://foodependence.blogspot.com/2013/09/hroznovy-dzem.html,1379962431,"marmelády, zavařování",unread
Řepovo-jablkový salát s křenem,http://delicious-blog-lucie.blogspot.com/2013/09/repovo-jablkovy-salat-s-krenem.html,1379969938,saláty,unread
Mufinny s olivami a anglickou slaninou,http://jedlikovo-vareni.blogspot.com/2013/09/mufinny-s-olivami-anglickou-slaninou.html,1379970033,svačiny a chuťovky,unread
Jablkové rizoto ...na slano?!,http://frommarysity.blogspot.com/2013/09/jablkove-rizoto-na-slano.html,1379977912,hlavní jídla,unread
Pecena kapusta,http://akochutimasala.blogspot.com/2013/09/pecena-kapusta.html,1380004720,přílohy|saláty,unread
Syrové hrušky jsou hůř stravitelné - Vitalia.cz,http://www.vitalia.cz/clanky/syrove-hrusky-jsou-hur-stravitelne/#utm_source=feedly,1380005391,,unread
Tekvicové škoricové rolky s polevou z krémového syra,http://matapecie.blogspot.com/2013/09/tekvicove-skoricove-rolky-s-polevou-z.html,1380057895,dezerty,unread
Rýchly - nervy šetriaci šťavnatý jablkový koláč,http://frommarysity.blogspot.com/2013/09/rychly-nervy-setriaci-stavnaty-jablkovy.html,1380057938,dezerty,unread
Čokoládový dort s hruškami,http://www.laskominyodmaryny.cz/2013/09/cokoladovy-dort-s-hruskami.html,1380058083,dezerty,unread
Bobule plné vitamínů - Vitalia.cz,http://www.vitalia.cz/clanky/bobule-plne-vitaminu/#utm_source=feedly,1380140107,,unread
Karamelové chai smoothie,http://delicious-blog-lucie.blogspot.com/2013/09/karamelove-chai-smoothie.html,1380137504,snídaně,unread
http://www.theironyou.com/2013/09/cheesy-chia-seed-crackers-gluten-free.html,http://www.theironyou.com/2013/09/cheesy-chia-seed-crackers-gluten-free.html,1423130306,svačiny a chuťovky,unread
NADÝCHANÉ VRSTVENÉ LÍVANEČKY,http://eat-withlove.blogspot.com/2013/09/nadychane-vrstvene-livanecky.html,1380315835,snídaně,unread
Celozrnné špagety s dýňovou omáčkou,http://delicious-blog-lucie.blogspot.com/2013/09/celozrnne-spagety-s-dynovou-omackou.html,1380316135,hlavní jídla,unread
Řepová limonáda,http://www.laskominyodmaryny.cz/2013/09/repova-limonada.html,1380347052,nápoje,unread
MENU domů - Buchty a dukátové buchtičky,http://www.menudomu.cz/buchty-a-dukatove-buchticky/,1380348396,dezerty|hlavní jídla,unread
Zázvor jako afrodiziakum i lék. Zkuste recepty šéfkuchařů | Dobrá chuť | Li,http://www.lidovky.cz/zazvor-jako-afrodiziakum-i-lek-zkuste-recepty-sefkucharu-pm9-/dobra-chut.aspx?c=A130927_135821_dobra-chut_ape#utm_source=feedly,1380353459,,unread
Nasladko,http://www.natanieri.sk/nasladko-2/,1380367741,dezerty|snídaně,unread
Jablkové muffiny s hrozienkami,http://frommarysity.blogspot.com/2013/09/jablkove-muffiny-s-hrozienkami.html,1380370708,dezerty,unread
Ananasový moučník alias Orgasmus,http://martininakuchyne.blogspot.com/2013/09/ananasovy-moucnik-alias-orgasmus.html,1380401102,dezerty,unread
Pečená rajčata s balsamikem a mozzarellou,http://www.laskominyodmaryny.cz/2013/09/pecena-rajcata-s-balsamikem-mozzarellou.html,1380401135,saláty,unread
rezance s tvarohom,http://www.svarechou.sk/2013/09/rezance-s-tvarohom.html,1380410312,hlavní jídla,unread
Staré croissanty zapečené v troubě s karamelovým pudinkem,http://tomichutna.cz/stare-croissanty-zapecene-karamel-pudink-nigella-lawson,1380410342,dezerty,unread
Semínkový chléb,http://delicious-blog-lucie.blogspot.com/2013/09/seminkovy-chleb.html,1380410372,pečivo,unread
http://laylita.com/recipes/2013/09/30/caprese-stuffed-avocado/,http://laylita.com/recipes/2013/09/30/caprese-stuffed-avocado/,1467034319,svačiny a chuťovky,unread
Zebra torta  tvarohovo-ovocná,http://tvorimpreradost.blogspot.com/2013/09/zebra-torta-tvarohovo-ovocna.html,1380660503,dezerty,unread
Mořská voda a sůl prospívají našemu zdraví. I doma ve vaně - Vitalia.cz,http://www.vitalia.cz/clanky/morska-voda-a-sul-prospivaji-nasemu-zdravi/#utm_source=feedly,1382389485,,unread
Pizza Cup 2013: Na nejlepší pizzu patří med - Vitalia.cz,http://www.vitalia.cz/clanky/pizza-cup-2013-na-nejlepsi-pizzu-patri-med/#utm_source=feedly,1381867147,,unread
https://damndelicious.net/2012/11/21/leftover-thanksgiving-turkey-pesto-panini/,https://damndelicious.net/2012/11/21/leftover-thanksgiving-turkey-pesto-panini/,1517231686,hlavní jídla,unread
Kávový koláč s arašídovým máslem,http://www.laskominyodmaryny.cz/2013/10/kavovy-kolac-s-arasidovym-maslem.html,1381167560,dezerty,unread
Krémový pórek s citrónovou strouhankou,http://delicious-blog-lucie.blogspot.com/2013/10/kremovy-porek-s-citronovou-strouhankou.html,1381173171,hlavní jídla,unread
"Brownies, aneb zima se blíží",http://vypecenyden.blogspot.com/2013/10/brownies-aneb-zima-se-blizi.html,1381173281,dezerty,unread
Černicový koláč s posýpkou,http://tvorimpreradost.blogspot.com/2013/10/cernicovy-kolac-s-posypkou.html,1381174727,dezerty,unread
Koláč s ostružinami a tymiánem,http://luciedvorakova.blogspot.com/2013/10/kolac-s-ostruzinami-tymianem.html,1381174760,dezerty,unread
"Nejhorší české jídlo? Rohlík s máslem a marmeládou, říká šéfkuchař z Laosu",http://www.lidovky.cz/nejhorsi-ceske-jidlo-rohlik-s-maslem-a-marmeladou-rika-sefkuchar-z-laosu-1an-/dobra-chut.aspx?c=A131007_134320_dobra-chut_ape#utm_source=feedly,1381339193,,unread
Pomazánka z červené řepy a cizrny podle Maryny,http://martininakuchyne.blogspot.com/2013/10/pomazanka-z-cervene-repy-cizrny-podle.html,1381254329,pomazánky,unread
Harlekýn jako z cukrárny? Vyzkoušeli jsme pro vás recept | Dobrá chuť | Lid,http://www.lidovky.cz/harlekyn-jako-z-cukrarny-vyzkouseli-jsme-pro-vas-recept-pke-/dobra-chut.aspx?c=A131008_130813_dobra-chut_ebr#utm_source=feedly,1381566784,,unread
(Nedělní) středeční snídaně: dýňové lívance,http://drobecky.blogspot.com/2013/10/nedelni-stredecni-snidane-dynove-livance.html,1381338948,snídaně,unread
Fraisier,http://catalinapece.blogspot.com/2013/10/fraisier.html,1381339060,dezerty,unread
Lívanečky s jablky,http://www.menudomu.cz/livanecky-s-jablky/,1381339159,snídaně,unread
Tom Yum Goong,http://www.menudomu.cz/tom-yum-goong/,1381528075,polévky,unread
Smažená zelená rajčata,http://www.laskominyodmaryny.cz/2013/10/smazena-zelena-rajcata.html,1381516784,svačiny a chuťovky,unread
Dýňové muffiny,http://delicious-blog-lucie.blogspot.com/2013/10/dynove-muffiny.html,1381527970,dezerty,unread
"Tekvicová polievka s mrkvou, plesňovým syrom a rozmarínom",http://dorasart.blogspot.com/2013/10/tekvicova-polievka-s-mrkvou-plesnovym.html,1381528002,polévky,unread
Uhorkovy salat s granatovym jablkom,http://akochutimasala.blogspot.com/2013/10/uhorkovy-salat-s-granatovym-jablkom.html,1381531650,saláty,unread
Harlekýn,http://luciedvorakova.blogspot.com/2013/10/harlekyn.html,1381560148,dezerty,unread
Makovec s karamelizovanými hruškami,http://www.laskominyodmaryny.cz/2013/10/makovec-s-karamelizovanymi-hruskami.html,1381562894,dezerty,unread
Mini cheesecake Lindt,http://adkas-tastyfood.blogspot.com/2013/10/mini-cheesecake-lindt.html,1381562963,dezerty,unread
Papriková saba,http://cuisinebyklarish.blogspot.com/2013/10/paprikova-saba.html,1381566124,pomazánky,unread
Tomatový quiche s bazalkovým pestem,http://www.laskominyodmaryny.cz/2013/10/tomatovy-quiche-s-bazalkovym-pestem.html,1381566161,hlavní jídla|svačiny a chuťovky,unread
Léčivá moc křenu - Vitalia.cz,http://www.vitalia.cz/clanky/leciva-moc-krenu/#utm_source=feedly,1381585387,,unread
Smoothie alá jablkový koláč,http://delicious-blog-lucie.blogspot.com/2013/10/smoothie-ala-jablkovy-kolac.html,1381700029,snídaně,unread
Z ghetta blog: Vanilkové Lindor cupcakes,http://www.zghettablog.cz/2013/10/vanilkove-lindor-cupcakes.html,1381700741,dezerty,unread
PODZIMNÍ JABLEČNO-HRUŠKOVÝ KOLÁČ,http://eat-withlove.blogspot.com/2013/10/podzimni-jablecno-hruskovy-kolac.html,1381746989,dezerty,unread
"Sendvič s Rajčatovo-Bazalkovým Pestem, Humusem a Avokádem",http://veganotic.blogspot.com/2013/10/sendvic-s-rajcatovo-bazalkovym-pestem.html,1381747098,hlavní jídla|svačiny a chuťovky,unread
Podzimní švestkový koláč,http://cucinare-con-amore.blogspot.com/2013/10/podzimni-svestkovy-kolac.html,1381747127,dezerty,unread
Paštéta z bravčovej pečene.,http://foodependence.blogspot.com/2013/10/pasteta-z-bravcovej-pecene.html,1381813394,svačiny a chuťovky,unread
Kitchenette — Hruškový koláč se zázvorem a melasou,http://kitchenette.cz/clanek/184-hruskovy-kolac-se-zazvorem-a-melasou,1381814116,dezerty,unread
Mřížkový koláč,http://martininakuchyne.blogspot.com/2013/10/mrizkovy-kolac.html,1381861512,dezerty,unread
Thoran z jarnych cibuliek,http://akochutimasala.blogspot.com/2013/10/thoran-z-jarnych-cibuliek.html,1381866736,svačiny a chuťovky,unread
Jak jíst na podzim? | Svět potravin,http://www.svet-potravin.cz/clanek.aspx?id=3707,1381866934,polévky,unread
Rozhodl jsem se léčit kašel lékořicí aneb domácí bylinková lékárnička - Vit,http://www.vitalia.cz/clanky/domaci-bylinkova-lekarnicka/#utm_source=feedly,1382389405,,unread
Jablkový koláč. Vol. 2.,http://foodependence.blogspot.com/2013/10/jablkovy-kolac-vol-2.html,1382043851,dezerty,unread
Kakaový chia pudink s granátovým jablkem,http://delicious-blog-lucie.blogspot.com/2013/10/kakaovy-chia-pudink-s-granatovym-jablkem.html,1382220005,dezerty,unread
Krabičkování.... Zimní jáhlový salát,http://delicious-blog-lucie.blogspot.com/2013/10/krabickovani-zimni-jahlovy-salat.html,1382257379,saláty,unread
MENU domů - Bryndzové halušky,http://www.menudomu.cz/bryndzove-halusky/,1382258149,hlavní jídla,unread
Carrot cake čili mrkvový dort,http://www.laskominyodmaryny.cz/2013/10/carrot-cake-cili-mrkvovy-dort.html,1382472705,dezerty,unread
Dýně Hokkaido má preventivně protinádorové účinky - Vitalia.cz,http://www.vitalia.cz/clanky/dyne-je-prirodni-zasobarna-zinku-a-zeleza/#utm_source=feedly,1382554428,,unread
Čokoládový fondant aneb Molten Chocolate Lava Cake s Lindor Caramel pralink,http://vareni.ritta.cz/moucniky/cokoladovy-fondant-aneb-molten-chocolate-lava-cake-s-lindor-caramel-pralinkou/,1382558345,dezerty,unread
Dýňové nudle se zeleným kari,http://delicious-blog-lucie.blogspot.com/2013/10/dynove-nudle-se-zelenym-kari.html,1382552782,hlavní jídla,unread
AVOKÁDOVO-BANÁNOVÉ BROWNIES,http://eat-withlove.blogspot.com/2013/10/avokadovo-bananove-brownies_23.html,1382561811,dezerty,unread
Že byste nedali pivo do koláče? Vyzkoušejte netradiční recepty | Dobrá chuť,http://www.lidovky.cz/ze-byste-nedali-pivo-do-kolace-vyzkousejte-chutne-netradicni-recepty-12u-/dobra-chut.aspx?c=A131022_105219_dobra-chut_ebr#utm_source=feedly,1382562078,,unread
Kitchenette — Dušená kuřecí stehna na kokosovém mléce s citrónovou trávou,http://kitchenette.cz/clanek/185-dusena-kureci-stehna-na-kokosovem-mlece-s-citronovou-travou,1382740646,hlavní jídla,unread
Levandulové cupcakes s medem a ,http://luciedvorakova.blogspot.com/2013/10/levandulove-cupcakes-s-medem-rikejte-mi.html,1382740429,dezerty,unread
Maple Balsamic Roasted Brussels Sprouts,https://www.hummusapien.com/maple-balsamic-roasted-brussels-sprouts/,1637675591,přílohy,unread
Parížska torta,http://tvorimpreradost.blogspot.com/2013/10/parizska-torta.html,1383155017,dezerty,unread
Co se zelenými rajčaty?,http://www.menudomu.cz/co-se-zelenymi-rajcaty/,1383155461,"marmelády, zavařování|svačiny a chuťovky",unread
Jáhelník,http://delicious-blog-lucie.blogspot.com/2013/10/jahelnik.html,1383155486,snídaně,unread
Bylinkový speciál: Rozmarýn - Vitalia.cz,http://www.vitalia.cz/clanky/bylinkovy-special-rozmaryn/#utm_source=feedly,1383343810,,unread
Loupání jablek snižuje stres - Vitalia.cz,http://www.vitalia.cz/clanky/loupani-jablek-snizuje-stres/#utm_source=feedly,1383345010,,unread
MENU domů - Hovězí pupek s kroupovým ragú,http://www.menudomu.cz/hovezi-pupek-s-kroupovym-ragu/,1383347400,hlavní jídla,unread
http://spicysouthernkitchen.com/paprika-potatoes/,http://spicysouthernkitchen.com/paprika-potatoes/,1467210852,přílohy,unread
https://www.stupideasypaleo.com/2013/11/10/paleo-thanksgiving-leftovers-sandwich/,https://www.stupideasypaleo.com/2013/11/10/paleo-thanksgiving-leftovers-sandwich/,1517233700,hlavní jídla,unread
Citronový koláč Capri,http://www.laskominyodmaryny.cz/2013/11/citronovy-kolac-capri.html,1384812636,dezerty,unread
http://damndelicious.net/2012/11/07/lightened-up-greek-yogurt-chicken-salad-sandwich/,http://damndelicious.net/2012/11/07/lightened-up-greek-yogurt-chicken-salad-sandwich/,1467114957,hlavní jídla,unread
Jemný hruškový koláč,http://cucinare-con-amore.blogspot.com/2013/11/jemny-hruskovy-kolac.html,1384812665,dezerty,unread
Raw mrkvové nudle s krémovou omáčkou,http://delicious-blog-lucie.blogspot.com/2013/11/raw-mrkvove-nudle-s-kremovou-omackou.html,1384900602,hlavní jídla,unread
Syrová strava jako životní styl. Objevte kouzlo raw food | Dobrá chuť | Lid,http://www.lidovky.cz/syrova-strava-jako-zivotni-styl-objevte-kouzlo-raw-food-pei-/dobra-chut.aspx?c=A131119_164711_dobra-chut_ebr#utm_source=feedly,1384987725,,unread
Teff – obilnina původem z Afriky neobsahuje lepek - Vitalia.cz,http://www.vitalia.cz/clanky/teff-africka-bezlepkova-obilnina/#utm_source=feedly,1385505924,,unread
Ovsená kaša s karamelizovanými jablkami.,http://foodependence.blogspot.com/2013/11/ovsena-kasa-s-karamelizovanymi-jablkami.html,1385505183,snídaně,unread
http://whiteonricecouple.com/recipes/bbq-turkey-pizza/,http://whiteonricecouple.com/recipes/bbq-turkey-pizza/,1517233937,hlavní jídla,unread
Adventní kalendář s lacinou čokoládou? Vyrobte dětem domácí | Dobrá chuť | ,http://www.lidovky.cz/adventni-kalendar-s-lacinou-cokoladou-vyrobte-detem-domaci-po1-/dobra-chut.aspx?c=A131202_144340_dobra-chut_ape#utm_source=feedly,1386107443,,unread
Pomazánka z pečenej zeleniny a fazule,http://biba-mylittleworld.blogspot.com/2013/12/pomazanka-z-pecenej-zeleniny-fazule.html,1386107011,pomazánky,unread
Tip na dárek: Svařákové koření,http://delicious-blog-lucie.blogspot.com/2013/12/tip-na-darek-svarakove-koreni.html,1386626292,koření,unread
Punč pre priateľov...alebo druhá adventná nedeľa.,http://polnekvety.blogspot.com/2013/12/punc-pre-priatelovalebo-druha-adventna.html,1386627896,nápoje,unread
Jak připravit polský bigos? Poradí Roman Paulus | Dobrá chuť | Lidovky.cz,http://www.lidovky.cz/jak-pripravit-polsky-bigos-poradi-roman-paulus-frb-/dobra-chut.aspx?c=A131209_151036_dobra-chut_ape#utm_source=rss&utm_medium=feed&utm_campaign=dobra-chut&utm_content=main&utm_reader=feedly,1387311315,,unread
https://www.bbcgoodfood.com/recipes/turkey-potato-curry,https://www.bbcgoodfood.com/recipes/turkey-potato-curry,1517233928,hlavní jídla,unread
Kakaovo - pomerančové sušenky,http://martininakuchyne.blogspot.com/2013/12/kakaovo-pomerancove-susenky.html,1387233925,cukroví,unread
Domácí majonéza,http://jedlikovo-vareni.blogspot.com/2013/12/domaci-majoneza.html,1387233955,přílohy,unread
Petra Pospěchová: Tradice brzdí naši rychlou dobu | Svět potravin,http://www.svet-potravin.cz/clanek.aspx?id=3821,1387311384,hlavní jídla|polévky|pomazánky,unread
http://www.2teaspoons.com/healthy-crispy-baked-chicken-tenders/,http://www.2teaspoons.com/healthy-crispy-baked-chicken-tenders/,1435210421,hlavní jídla,unread
http://minimalistbaker.com/vegan-gluten-free-gingerbread-men/,http://minimalistbaker.com/vegan-gluten-free-gingerbread-men/,1490286184,cukroví|vánoce,unread
Mrkvové kuličky,http://delicious-blog-lucie.blogspot.com/2013/12/mrkvove-kulicky.html,1387605582,cukroví|vánoce,unread
PLUM MOUSSE,http://www.styleofbecca.com/2013/12/plum-mousse.html,1388155413,dezerty,unread
London Fog Latte (Hot or Iced),https://www.gimmesomeoven.com/london-fog-tea-latte-london-fog-drink/,1664195160,nápoje,unread
Fitness as a lifestyle ♥: Vánoční dvoubarevné müsli,http://fitnessgirl-lifestyle.blogspot.com/2013/12/vanocni-dvoubarevne-musli.html,1388187126,snídaně,unread
http://mayihavethatrecipe.com/2013/12/23/frozen-greek-yogurt-and-pomegranate-bites/,http://mayihavethatrecipe.com/2013/12/23/frozen-greek-yogurt-and-pomegranate-bites/,1467125540,dezerty,unread
http://www.glowkitchen.com/2013/10/kale-and-sun-dried-tomato-whole-wheat-spaghetti-recipe/,http://www.glowkitchen.com/2013/10/kale-and-sun-dried-tomato-whole-wheat-spaghetti-recipe/,1467025244,hlavní jídla,unread
http://delicious-blog-lucie.blogspot.com/2014/01/karamelky.html,http://delicious-blog-lucie.blogspot.com/2014/01/karamelky.html,1390120336,cukroví,unread
http://www.laskominyodmaryny.cz/2014/01/salat-ze-sledu-na-carpacciu-z-cervene.html,http://www.laskominyodmaryny.cz/2014/01/salat-ze-sledu-na-carpacciu-z-cervene.html,1390120733,saláty,unread
http://www.thecookierookie.com/salmon-with-avocado/,http://www.thecookierookie.com/salmon-with-avocado/,1467115011,hlavní jídla,unread
http://www.momables.com/starbucks-chicken-and-hummus-bistro-box-lunch/,http://www.momables.com/starbucks-chicken-and-hummus-bistro-box-lunch/,1517233746,hlavní jídla,unread
http://sallysbakingaddiction.com/2014/01/22/roasted-vegetable-whole-wheat-pizza/,http://sallysbakingaddiction.com/2014/01/22/roasted-vegetable-whole-wheat-pizza/,1435210409,hlavní jídla,unread
http://janaathome.blogspot.com/2014/02/domaci-vanilkovy-pudink.html,http://janaathome.blogspot.com/2014/02/domaci-vanilkovy-pudink.html,1391636242,dezerty,unread
http://www.galonamission.com/chicken-broccoli-pasta-skillet-casserole/#_a5y_p=1658790,http://www.galonamission.com/chicken-broccoli-pasta-skillet-casserole/#_a5y_p=1658790,1467025089,,unread
https://www.sugarfreemom.com/recipes/gluten-free-chicken-or-turkey-biscuit-pot-pie/,https://www.sugarfreemom.com/recipes/gluten-free-chicken-or-turkey-biscuit-pot-pie/,1517233908,hlavní jídla,unread
http://www.gimmesomeoven.com/peanut-butter-banana-smoothie-recipe/,http://www.gimmesomeoven.com/peanut-butter-banana-smoothie-recipe/,1435182097,snídaně,unread
http://whatsgabycooking.com/diy-chipotle-burrito-bowl/,http://whatsgabycooking.com/diy-chipotle-burrito-bowl/,1467113183,hlavní jídla,unread
http://www.southerninlaw.com/2014/03/healthy-banana-bread-baked-oatmeal-recipe.html,http://www.southerninlaw.com/2014/03/healthy-banana-bread-baked-oatmeal-recipe.html,1435182113,snídaně,unread
http://www.theironyou.com/2014/04/cauliflower-crust-garlic-breadsticks.html,http://www.theironyou.com/2014/04/cauliflower-crust-garlic-breadsticks.html,1467211264,svačiny a chuťovky,unread
http://ahouseinthehills.com/2014/02/11/rapini-noodle-bowl/,http://ahouseinthehills.com/2014/02/11/rapini-noodle-bowl/,1467202580,hlavní jídla,unread
http://toriavey.com/toris-kitchen/2010/07/summer-2010-travel-blog-shakshuka/,http://toriavey.com/toris-kitchen/2010/07/summer-2010-travel-blog-shakshuka/,1467204219,hlavní jídla,unread
http://biddytalk.tumblr.com/post/5866434652/i-am-so-over-store-bought-salsa-i-have-had-this,http://biddytalk.tumblr.com/post/5866434652/i-am-so-over-store-bought-salsa-i-have-had-this,1467210764,přílohy,unread
http://www.thehealthymaven.com/2014/05/avocado-tuna-salad.html,http://www.thehealthymaven.com/2014/05/avocado-tuna-salad.html,1467034479,saláty,unread
https://damndelicious.net/2014/06/04/zucchini-pizza-bites/,https://damndelicious.net/2014/06/04/zucchini-pizza-bites/,1518888121,svačiny a chuťovky,unread
http://sallysbakingaddiction.com/2014/06/22/3-ingredient-strawberry-banana-popsicles/,http://sallysbakingaddiction.com/2014/06/22/3-ingredient-strawberry-banana-popsicles/,1466689036,dezerty,unread
http://fitfoodiefinds.com/2014/06/blueberry-flax-superfood-smoothie/#_a5y_p=1921160,http://fitfoodiefinds.com/2014/06/blueberry-flax-superfood-smoothie/#_a5y_p=1921160,1467111265,,unread
https://wellnessmama.com/2565/homemade-bug-spray,https://wellnessmama.com/2565/homemade-bug-spray,1539782500,kosmetika,unread
http://www.runningwithspoons.com/2014/06/24/banana-oat-greek-yogurt-muffins/,http://www.runningwithspoons.com/2014/06/24/banana-oat-greek-yogurt-muffins/,1467119586,dezerty,unread
http://blog.kaloricketabulky.cz/2014/06/jak-ze-stravy-ziskat-zakladni-ziviny-recepty-zuzany-svedove/?utm_source=Kalorick%C3%A9+tabulky&utm_campaign=7ca2c228d6-KT_6_2014_2_Z&utm_medium=email&utm_term=0_f0570fc712-7ca2c228d6-31857401&goal=0_f0570fc712-7ca2c228d6-31857401,http://blog.kaloricketabulky.cz/2014/06/jak-ze-stravy-ziskat-zakladni-ziviny-recepty-zuzany-svedove/?utm_source=Kalorick%C3%A9+tabulky&utm_campaign=7ca2c228d6-KT_6_2014_2_Z&utm_medium=email&utm_term=0_f0570fc712-7ca2c228d6-31857401&goal=0_f0570fc712-7ca2c228d6-31857401,1404298651,dezerty|přílohy|saláty|snídaně|svačiny a chuťovky,unread
http://www.amuse-your-bouche.com/low-carb-cauliflower-fried-rice/,http://www.amuse-your-bouche.com/low-carb-cauliflower-fried-rice/,1467211171,přílohy,unread
https://wellnessmama.com/3655/coconut-flour-pumpkin-bread,https://wellnessmama.com/3655/coconut-flour-pumpkin-bread,1540887960,snídaně,unread
https://wellnessmama.com/1523/natural-deodorant/,https://wellnessmama.com/1523/natural-deodorant/,1539167912,kosmetika,unread
http://damndelicious.net/2014/07/12/parmesan-zucchini-corn/,http://damndelicious.net/2014/07/12/parmesan-zucchini-corn/,1467208695,přílohy,unread
http://www.food.com/recipe/little-piece-of-healthy-heaven-baked-french-fries-290656,http://www.food.com/recipe/little-piece-of-healthy-heaven-baked-french-fries-290656,1467278428,přílohy,unread
https://wellnessmama.com/22487/superfood-vanilla-latte,https://wellnessmama.com/22487/superfood-vanilla-latte,1539335109,nápoje,unread
http://bakerbynature.com/healthy-greek-yogurt-honey-blueberry-muffins/,http://bakerbynature.com/healthy-greek-yogurt-honey-blueberry-muffins/,1467121164,dezerty,unread
Pumpkin Bars with Cream Cheese Frosting,https://www.browneyedbaker.com/pumpkin-bars-with-cream-cheese-frosting/,1637584347,dezerty,unread
http://kellytoups.com/2012/11/15/broccoli-cheddar-twice-baked-potatoes-made-with-greek-yogurt/,http://kellytoups.com/2012/11/15/broccoli-cheddar-twice-baked-potatoes-made-with-greek-yogurt/,1467125426,přílohy,unread
https://www.bonappetit.com/recipe/barbecue-pulled-turkey-sandwiches,https://www.bonappetit.com/recipe/barbecue-pulled-turkey-sandwiches,1517231713,hlavní jídla,unread
http://chocolatecoveredkatie.com/2014/09/08/100-calorie-chocolate-cake/,http://chocolatecoveredkatie.com/2014/09/08/100-calorie-chocolate-cake/,1467278339,dezerty,unread
http://blog.kaloricketabulky.cz/2014/08/zdrava-jidla-a-recepty-z-kuchyne-odborniku-na-vyzivu-takhle-vari-fitness-milacci-spoluautori-clanku-jak-vyuzit-cyklovani-sacharidu/?utm_source=Kalorick%C3%A9+tabulky&utm_campaign=55423b72a8-KT_9_2014_1_D35&utm_medium=email&utm_term=0_f0570fc712-55423b72a8-31857401&goal=0_f0570fc712-55423b72a8-31857401&mc_cid=55423b72a8&mc_eid=d36c75a21a,http://blog.kaloricketabulky.cz/2014/08/zdrava-jidla-a-recepty-z-kuchyne-odborniku-na-vyzivu-takhle-vari-fitness-milacci-spoluautori-clanku-jak-vyuzit-cyklovani-sacharidu/?utm_source=Kalorick%C3%A9+tabulky&utm_campaign=55423b72a8-KT_9_2014_1_D35&utm_medium=email&utm_term=0_f0570fc712-55423b72a8-31857401&goal=0_f0570fc712-55423b72a8-31857401&mc_cid=55423b72a8&mc_eid=d36c75a21a,1410517064,dezerty|saláty,unread
http://cookieandkate.com/2014/healthy-freezer-breakfast-burritos-with-sweet-potato-hash/,http://cookieandkate.com/2014/healthy-freezer-breakfast-burritos-with-sweet-potato-hash/,1467278503,snídaně,unread
http://damndelicious.net/2014/09/20/freezer-breakfast-sandwiches/,http://damndelicious.net/2014/09/20/freezer-breakfast-sandwiches/,1467111196,snídaně,unread
http://www.gimmesomeoven.com/chicken-parmesan-baked-ziti-recipe/,http://www.gimmesomeoven.com/chicken-parmesan-baked-ziti-recipe/,1467017672,hlavní jídla,unread
http://www.bhg.com/recipe/chopped-salad-taco/,http://www.bhg.com/recipe/chopped-salad-taco/,1467034517,hlavní jídla|saláty,unread
http://behame.cz/2688/recept-ovesne-mleko-trochu-teorie/,http://behame.cz/2688/recept-ovesne-mleko-trochu-teorie/,1412084863,nápoje,unread
https://www.tasteofhome.com/recipes/fiesta-turkey-tortilla-soup,https://www.tasteofhome.com/recipes/fiesta-turkey-tortilla-soup,1517231386,polévky,unread
http://www.runs-with-spatulas.com/2010/08/chipotle-bean-burritos-blog-change-well.html,http://www.runs-with-spatulas.com/2010/08/chipotle-bean-burritos-blog-change-well.html,1467202310,hlavní jídla,unread
http://www.foodfaithfitness.com/egg-muffin-recipe-peanut-butter-strawberry/,http://www.foodfaithfitness.com/egg-muffin-recipe-peanut-butter-strawberry/,1467111298,dezerty,unread
http://www.simplyrecipes.com/recipes/kalesadilla/#_a5y_p=2552192,http://www.simplyrecipes.com/recipes/kalesadilla/#_a5y_p=2552192,1467202538,,unread
http://www.ellaclaireinspired.com/delicious-omelet-and-potato-breakfast/,http://www.ellaclaireinspired.com/delicious-omelet-and-potato-breakfast/,1467111138,snídaně,unread
"Domácí gumoví medvídci – málo kalorií, žádný přidaný cukr a zcela přírodní ",http://carujeme.cz/domaci-gumovi-medvidci-malo-kalorii-zadny-pridany-cukr-a-zcela-prirodni/,1413744789,děti|dezerty,unread
http://www.chelseasmessyapron.com/greek-yogurt-banana-oat-bread/#_a5y_p=2278432,http://www.chelseasmessyapron.com/greek-yogurt-banana-oat-bread/#_a5y_p=2278432,1435182125,,unread
http://sugarmamacooks.com/mexican-bean-salsa-the-best-party-dip-ever/,http://sugarmamacooks.com/mexican-bean-salsa-the-best-party-dip-ever/,1435156017,přílohy|svačiny a chuťovky,unread
https://wellnessmama.com/24267/make-ghee,https://wellnessmama.com/24267/make-ghee,1540391167,"marmelády, zavařování|přílohy",unread
http://preventionrd.com/2011/04/portabella-mushroom-pizzas-money-matters/,http://preventionrd.com/2011/04/portabella-mushroom-pizzas-money-matters/,1435156039,hlavní jídla,unread
http://www.itsalwaysautumn.com/2013/11/25/guiltless-honey-bunches-apple-crisp-recipe.html,http://www.itsalwaysautumn.com/2013/11/25/guiltless-honey-bunches-apple-crisp-recipe.html,1435210480,dezerty,unread
http://www.theroastedroot.net/seared-duck-breast-pomegranate-reduction,http://www.theroastedroot.net/seared-duck-breast-pomegranate-reduction,1435146335,hlavní jídla,unread
http://www.williams-sonoma.com/recipe/panfried-falafel-with-cumin-and-garlic.html,http://www.williams-sonoma.com/recipe/panfried-falafel-with-cumin-and-garlic.html,1467210722,hlavní jídla,unread
https://www.thehealthymaven.com/2014/11/leftover-turkey-cranberry-sauce-salad.html,https://www.thehealthymaven.com/2014/11/leftover-turkey-cranberry-sauce-salad.html,1517231549,saláty,unread
http://iowagirleats.com/2014/11/17/honey-pomegranate-pecan-chicken-salad-lettuce-wraps-mayo-free/,http://iowagirleats.com/2014/11/17/honey-pomegranate-pecan-chicken-salad-lettuce-wraps-mayo-free/,1467121365,saláty,unread
https://shewearsmanyhats.com/rosemary-hummus-turkey-wraps/,https://shewearsmanyhats.com/rosemary-hummus-turkey-wraps/,1517231654,hlavní jídla,unread
http://jessicamurnane.com/sweet-potato-burger-with-roasted-poblano-a-lesson/,http://jessicamurnane.com/sweet-potato-burger-with-roasted-poblano-a-lesson/,1467202514,hlavní jídla,unread
http://www.theironyou.com/2014/12/creamy-broccoli-soup-with-cheddar-crisps.html,http://www.theironyou.com/2014/12/creamy-broccoli-soup-with-cheddar-crisps.html,1435210449,polévky,unread
http://thekitchenpaper.com/paprika-chicken-spinach-white-wine-butter-thyme-sauce/,http://thekitchenpaper.com/paprika-chicken-spinach-white-wine-butter-thyme-sauce/,1467210817,hlavní jídla,unread
https://blog.myfitnesspal.com/simple-green-protein-smoothie/,https://blog.myfitnesspal.com/simple-green-protein-smoothie/,1537998166,snídaně,unread
https://recipes.sparkpeople.com/recipe-detail.asp?recipe=1708207,https://recipes.sparkpeople.com/recipe-detail.asp?recipe=1708207,1467111069,snídaně,unread
http://lecremedelacrumb.com/2014/12/greek-yogurt-pancakes.html,http://lecremedelacrumb.com/2014/12/greek-yogurt-pancakes.html,1467121221,snídaně,unread
http://bakerbynature.com/healthy-banana-cream-pie-smoothie/,http://bakerbynature.com/healthy-banana-cream-pie-smoothie/,1435182204,snídaně,unread
http://www.inspiralized.com/2015/01/06/pesto-turnip-and-broccoli-rice-with-poached-egg/,http://www.inspiralized.com/2015/01/06/pesto-turnip-and-broccoli-rice-with-poached-egg/,1420550569,hlavní jídla,unread
http://minimalistbaker.com/rainbow-spring-rolls-with-ginger-peanut-sauce/,http://minimalistbaker.com/rainbow-spring-rolls-with-ginger-peanut-sauce/,1420550620,hlavní jídla|přílohy|svačiny a chuťovky,unread
http://varimeslaskou.blogspot.com/2015/01/zemiakove-pagace.html,http://varimeslaskou.blogspot.com/2015/01/zemiakove-pagace.html,1420556463,pečivo|svačiny a chuťovky,unread
http://images.noom.com/mushroomfajitarecipe.pdf,http://images.noom.com/mushroomfajitarecipe.pdf,1420708578,hlavní jídla,unread
http://www.hummusapien.com/vegan-chocolate-banana-muffins/,http://www.hummusapien.com/vegan-chocolate-banana-muffins/,1420712977,dezerty,unread
http://www.wellplated.com/baked-fried-chicken/,http://www.wellplated.com/baked-fried-chicken/,1435210396,hlavní jídla,unread
https://blog.myfitnesspal.com/blueberry-almond-oatmeal-parfait/,https://blog.myfitnesspal.com/blueberry-almond-oatmeal-parfait/,1537998125,snídaně,unread
http://rachelschultz.com/2013/05/15/fried-honey-bananas/?crlt.pid=camp.zXfQPoiwgShH,http://rachelschultz.com/2013/05/15/fried-honey-bananas/?crlt.pid=camp.zXfQPoiwgShH,1466688986,dezerty,unread
http://blog.kaloricketabulky.cz/2015/01/jak-valerie-miric-chtela-zhubnout-a-stala-se-autorkou-oblibenych-stranek-s-recepty/?utm_source=Kalorick%C3%A9+tabulky&utm_campaign=554010633b-KT_1_2015_2_Z&utm_medium=email&utm_term=0_f0570fc712-554010633b-31857401&goal=0_f0570fc712-554010633b-31857401&mc_cid=554010633b&mc_eid=d36c75a21a,http://blog.kaloricketabulky.cz/2015/01/jak-valerie-miric-chtela-zhubnout-a-stala-se-autorkou-oblibenych-stranek-s-recepty/?utm_source=Kalorick%C3%A9+tabulky&utm_campaign=554010633b-KT_1_2015_2_Z&utm_medium=email&utm_term=0_f0570fc712-554010633b-31857401&goal=0_f0570fc712-554010633b-31857401&mc_cid=554010633b&mc_eid=d36c75a21a,1421921441,dezerty|nápoje,unread
http://foodfitnessfreshair.com/2015/01/22/winter-soba-noodle-soup-with-chili-sesame-oil/,http://foodfitnessfreshair.com/2015/01/22/winter-soba-noodle-soup-with-chili-sesame-oil/,1490286051,polévky,unread
http://lexiscleankitchen.com/2015/01/23/healthy-spinach-artichoke-dip/,http://lexiscleankitchen.com/2015/01/23/healthy-spinach-artichoke-dip/,1422029861,přílohy|svačiny a chuťovky,unread
http://www.myrecipes.com/recipe/omelet-with-summer-vegetables,http://www.myrecipes.com/recipe/omelet-with-summer-vegetables,1467202282,snídaně,unread
https://www.wellplated.com/sweet-potato-bites,https://www.wellplated.com/sweet-potato-bites,1518888152,svačiny a chuťovky,unread
http://www.theendlessmeal.com/sweet-and-spicy-paleo-chicken-fingers/,http://www.theendlessmeal.com/sweet-and-spicy-paleo-chicken-fingers/,1467121331,hlavní jídla,unread
http://chocolatecoveredkatie.com/2015/02/02/flourless-chocolate-chip-brownie-pie/,http://chocolatecoveredkatie.com/2015/02/02/flourless-chocolate-chip-brownie-pie/,1435210468,dezerty,unread
http://peasofcake.net/pizza-squares-cauliflower-crust/,http://peasofcake.net/pizza-squares-cauliflower-crust/,1467204260,hlavní jídla,unread
http://amyshealthybaking.com/blog/2015/02/04/clean-fudgy-dark-chocolate-frosted-brownies/,http://amyshealthybaking.com/blog/2015/02/04/clean-fudgy-dark-chocolate-frosted-brownies/,1467278462,dezerty,unread
http://www.redbookmag.com/body/healthy-eating/advice/g738/snacks-for-weight-loss/?slide=6,http://www.redbookmag.com/body/healthy-eating/advice/g738/snacks-for-weight-loss/?slide=6,1467210839,svačiny a chuťovky,unread
http://joanne-eatswellwithothers.com/2015/02/aloo-gobi.html#_a5y_p=3323729,http://joanne-eatswellwithothers.com/2015/02/aloo-gobi.html#_a5y_p=3323729,1467210744,,unread
http://www.dontfeedaftermidnight.co.uk/vegetarian-recipes/main-courses/easy-30-minute-vegetable-korma/,http://www.dontfeedaftermidnight.co.uk/vegetarian-recipes/main-courses/easy-30-minute-vegetable-korma/,1467202463,hlavní jídla,unread
http://minimalistbaker.com/kale-lentil-roasted-beet-salad/,http://minimalistbaker.com/kale-lentil-roasted-beet-salad/,1467202489,saláty,unread
http://pinchofyum.com/roasted-veggie-pitas-with-avocado-dip,http://pinchofyum.com/roasted-veggie-pitas-with-avocado-dip,1467202442,hlavní jídla,unread
http://lovegrowswild.com/2015/02/skinny-fettuccine-alfredo/,http://lovegrowswild.com/2015/02/skinny-fettuccine-alfredo/,1435210433,hlavní jídla,unread
https://ancientharvest.com/recipe-items/thanksgiving-leftovers-gluten-free-turkey-tettrazini-casserole/,https://ancientharvest.com/recipe-items/thanksgiving-leftovers-gluten-free-turkey-tettrazini-casserole/,1517233824,hlavní jídla,unread
http://whatsgabycooking.com/chicken-posole/,http://whatsgabycooking.com/chicken-posole/,1490286256,polévky,unread
http://www.littlebroken.com/2015/02/21/tomato-mozzarella-salad-with-balsamic-reduction/,http://www.littlebroken.com/2015/02/21/tomato-mozzarella-salad-with-balsamic-reduction/,1467208583,saláty,unread
http://gimmedelicious.com/2014/03/30/magimix-food-processor-review-the-best-low-carb-cauliflower-pizza-crust-recipe/,http://gimmedelicious.com/2014/03/30/magimix-food-processor-review-the-best-low-carb-cauliflower-pizza-crust-recipe/,1467211141,hlavní jídla,unread
"VIDEO: Představujeme jídlo, které vás dostane na vrchol - iDNES.cz",http://rungo.idnes.cz/video-vyziva-pred-sportem-a-recept-na-chia-kulicky-fsk-/behani.aspx?c=A150331_133041_behani_onr,1430665544,svačiny a chuťovky,unread
http://kitchenette.cz/clanek/chocolate-champagne-truffles,http://kitchenette.cz/clanek/chocolate-champagne-truffles,1434511008,dezerty,unread
https://www.skinnymom.com/skinny-pizza-wrap/,https://www.skinnymom.com/skinny-pizza-wrap/,1467115057,hlavní jídla,unread
http://kitchensanctuary.com/2015/01/homemade-chicken-vegetable-pot-noodle/,http://kitchensanctuary.com/2015/01/homemade-chicken-vegetable-pot-noodle/,1467113084,hlavní jídla,unread
https://blog.myfitnesspal.com/mango-pineapple-yogurt-bowl/,https://blog.myfitnesspal.com/mango-pineapple-yogurt-bowl/,1537998070,snídaně,unread
Cauliflower Tabbouleh Salad,https://www.eatingbirdfood.com/cauliflower-tabbouleh/,1622203546,saláty,unread
Bok Choy Salad with Sesame Soy Dressing,https://www.runningtothekitchen.com/bok-choy-salad-with-sesame-soy-sauce/,1609763801,saláty,unread
http://www.wineandglue.com/2015/02/healthy-sloppy-joes.html,http://www.wineandglue.com/2015/02/healthy-sloppy-joes.html,1435210378,hlavní jídla,unread
http://www.justataste.com/healthy-homemade-mango-fruit-roll-ups-recipe/,http://www.justataste.com/healthy-homemade-mango-fruit-roll-ups-recipe/,1466689021,svačiny a chuťovky,unread
https://gimmedelicious.com/2015/05/17/healthy-baked-broccoli-tots/,https://gimmedelicious.com/2015/05/17/healthy-baked-broccoli-tots/,1518887568,svačiny a chuťovky,unread
http://theviewfromgreatisland.com/spicy-asian-slaw-summer-rolls/,http://theviewfromgreatisland.com/spicy-asian-slaw-summer-rolls/,1467034414,hlavní jídla|svačiny a chuťovky,unread
http://joandsue.blogspot.ca/2014/02/valentines-show-love-salad.html,http://joandsue.blogspot.ca/2014/02/valentines-show-love-salad.html,1435146297,saláty,unread
http://chocolatecoveredkatie.com/2015/06/25/healthy-chocolate-pudding-recipe/,http://chocolatecoveredkatie.com/2015/06/25/healthy-chocolate-pudding-recipe/,1435249557,dezerty,unread
https://draxe.com/recipe/artichoke-dip-recipe/,https://draxe.com/recipe/artichoke-dip-recipe/,1518887517,svačiny a chuťovky,unread
https://draxe.com/recipe/spinach-artichoke-dip/,https://draxe.com/recipe/spinach-artichoke-dip/,1518887985,svačiny a chuťovky,unread
http://www.yourtrainerpaige.com/raspberry-lemon-post-workout-smoothie/,http://www.yourtrainerpaige.com/raspberry-lemon-post-workout-smoothie/,1435766122,snídaně|svačiny a chuťovky,unread
http://www.thehealthymaven.com/2015/07/how-to-grill-avocados.html,http://www.thehealthymaven.com/2015/07/how-to-grill-avocados.html,1436274474,hlavní jídla,unread
Banana Baked Oatmeal Cups,https://www.eatingbirdfood.com/baked-banana-oatmeal-cups/,1639921070,snídaně,unread
https://wellnessmama.com/3607/herb-fruit-infused-water,https://wellnessmama.com/3607/herb-fruit-infused-water,1540298293,nápoje,unread
http://www.yourtrainerpaige.com/blackberry-crumble-smoothie-bowl,http://www.yourtrainerpaige.com/blackberry-crumble-smoothie-bowl,1437131852,snídaně,unread
http://www.mixit.cz/blog/smoothie?utm_source=1507IIAnanas&utm_medium=News&utm_campaign=Newsletter,http://www.mixit.cz/blog/smoothie?utm_source=1507IIAnanas&utm_medium=News&utm_campaign=Newsletter,1437726045,snídaně,unread
http://www.epicurious.com/recipes/food/views/salmon-fillets-with-lemon-thyme-sauce-981,http://www.epicurious.com/recipes/food/views/salmon-fillets-with-lemon-thyme-sauce-981,1467208809,hlavní jídla,unread
http://neighborfoodblog.com/2013/07/mediterranean-club-sandwich.html,http://neighborfoodblog.com/2013/07/mediterranean-club-sandwich.html,1467034446,hlavní jídla,unread
https://www.skinnymom.com/green-monster-smoothie/,https://www.skinnymom.com/green-monster-smoothie/,1467111104,snídaně,unread
http://www.thebrewerandthebaker.com/archives/14350,http://www.thebrewerandthebaker.com/archives/14350,1467276611,hlavní jídla,unread
https://www.cleaneatingmag.com/recipes/just-like-nonnas-frittatas,https://www.cleaneatingmag.com/recipes/just-like-nonnas-frittatas,1537998108,snídaně,unread
https://wellnessmama.com/1827/bean-free-chili,https://wellnessmama.com/1827/bean-free-chili,1541060579,hlavní jídla,unread
http://www.tasteofhome.com/recipes/spring-thyme-chicken-stew,http://www.tasteofhome.com/recipes/spring-thyme-chicken-stew,1467208784,hlavní jídla,unread
http://fitaspire.com/hard-cider-mussels-recipes/#more-25304,http://fitaspire.com/hard-cider-mussels-recipes/#more-25304,1443700722,,unread
http://www.mixit.cz/blog/ovesne-susenky?utm_source=1509IIPytliky&utm_medium=News&utm_campaign=Newsletter,http://www.mixit.cz/blog/ovesne-susenky?utm_source=1509IIPytliky&utm_medium=News&utm_campaign=Newsletter,1444374382,dezerty,unread
http://www.chute-sveta.cz/jednoduche-dynove-livance/,http://www.chute-sveta.cz/jednoduche-dynove-livance/,1444414512,snídaně,unread
http://www.chute-sveta.cz/dynove-muffiny-s-nutellou/,http://www.chute-sveta.cz/dynove-muffiny-s-nutellou/,1444414535,dezerty,unread
https://draxe.com/recipe/cauliflower-pizza-crust/,https://draxe.com/recipe/cauliflower-pizza-crust/,1518616540,hlavní jídla,unread
http://littlespicejar.com/firecracker-chicken-meatballs/,http://littlespicejar.com/firecracker-chicken-meatballs/,1518888175,hlavní jídla,unread
https://www.simplystacie.net/2015/08/slow-cooker-buffalo-chicken-sliders/,https://www.simplystacie.net/2015/08/slow-cooker-buffalo-chicken-sliders/,1518887865,hlavní jídla,unread
http://www.smoothcooking.cz/2015/01/lososovy-krem-s-ricottovym-knedlickem.html,http://www.smoothcooking.cz/2015/01/lososovy-krem-s-ricottovym-knedlickem.html,1512641160,polévky,unread
http://www.zdravapotravina.cz/moucniky/pernik-sypany-mandlovymi-vlockami?utm_source=newsletter&utm_medium=email&utm_campaign=newsletter_ZP_listopad_2015&utm_content=clanek_4_recept_pernik,http://www.zdravapotravina.cz/moucniky/pernik-sypany-mandlovymi-vlockami?utm_source=newsletter&utm_medium=email&utm_campaign=newsletter_ZP_listopad_2015&utm_content=clanek_4_recept_pernik,1449231743,dezerty,unread
http://fitaspire.com/spicy-pineapple-salmon-recipe/,http://fitaspire.com/spicy-pineapple-salmon-recipe/,1446937264,hlavní jídla,unread
http://www.zdravapotravina.cz/omelety-a-palacinky/dynove-livance-2?utm_source=email&utm_medium=newsletter&utm_campaign=newsletter_zp_rijen_2015_zp03&utm_content=clanek_4_recept_dynove_livance,http://www.zdravapotravina.cz/omelety-a-palacinky/dynove-livance-2?utm_source=email&utm_medium=newsletter&utm_campaign=newsletter_zp_rijen_2015_zp03&utm_content=clanek_4_recept_dynove_livance,1446969320,snídaně,unread
http://www.epicurious.com/recipes/food/views/healthy-homemade-cheeseburgers-230146,http://www.epicurious.com/recipes/food/views/healthy-homemade-cheeseburgers-230146,1467278387,hlavní jídla,unread
http://www.delish.com/cooking/recipe-ideas/recipes/a29292/garden-fresh-vegetable-pizza/,http://www.delish.com/cooking/recipe-ideas/recipes/a29292/garden-fresh-vegetable-pizza/,1467276650,hlavní jídla,unread
Spinach Artichoke Grilled Cheese,https://www.slenderkitchen.com/recipe/spinach-artichoke-grilled-cheese,1662851491,hlavní jídla,unread
http://jeanetteshealthyliving.com/cold-asian-noodles-with-peanut-sauce-chicken-and-vegetables-recipe/,http://jeanetteshealthyliving.com/cold-asian-noodles-with-peanut-sauce-chicken-and-vegetables-recipe/,1517233880,hlavní jídla,unread
http://www.zdravapotravina.cz/vanocni-cukrovi/celozitne-celozrnne-pernicky-s-medem?utm_source=email&utm_medium=newsletter&utm_campaign=newsletter_zp_prosinec_2015_zp05&utm_content=clanek_4_recept_celozrnne_pernicky,http://www.zdravapotravina.cz/vanocni-cukrovi/celozitne-celozrnne-pernicky-s-medem?utm_source=email&utm_medium=newsletter&utm_campaign=newsletter_zp_prosinec_2015_zp05&utm_content=clanek_4_recept_celozrnne_pernicky,1449239284,cukroví|dezerty|vánoce,unread
http://www.epicurious.com/recipes/food/views/butternut-squash-parsnip-soup-with-thyme-4699,http://www.epicurious.com/recipes/food/views/butternut-squash-parsnip-soup-with-thyme-4699,1467208760,polévky,unread
http://www.deliciousmagazine.co.uk/recipes/turkey-and-white-bean-chilli/,http://www.deliciousmagazine.co.uk/recipes/turkey-and-white-bean-chilli/,1517231439,hlavní jídla,unread
https://draxe.com/recipe/spicy-kale-chips/,https://draxe.com/recipe/spicy-kale-chips/,1518887942,svačiny a chuťovky,unread
https://blog.myfitnesspal.com/peanut-butter-breakfast-cookies/,https://blog.myfitnesspal.com/peanut-butter-breakfast-cookies/,1537998056,snídaně,unread
http://blog.kaloricketabulky.cz/2015/11/zit-a-varit-zdraveji-je-jednodussi-nez-si-vetsina-lidi-mysli-servirujeme-dalsi-inspirativni-pribeh-a-bajecne-recepty/?utm_source=40086-KalorickeTabulky.cz&utm_medium=email&utm_term=483474608&utm_content=kamila_2.jpg&utm_campaign=Cecilieanorekticka-27112015,http://blog.kaloricketabulky.cz/2015/11/zit-a-varit-zdraveji-je-jednodussi-nez-si-vetsina-lidi-mysli-servirujeme-dalsi-inspirativni-pribeh-a-bajecne-recepty/?utm_source=40086-KalorickeTabulky.cz&utm_medium=email&utm_term=483474608&utm_content=kamila_2.jpg&utm_campaign=Cecilieanorekticka-27112015,1450387720,dezerty,unread
http://blog.kaloricketabulky.cz/2015/12/hana-malkova-nejlepsi-recepty-z-lustenin/?utm_source=40086-KalorickeTabulky.cz&utm_medium=email&utm_term=508616997&utm_content=lusteniny.jpg&utm_campaign=sportdiary-12122015,http://blog.kaloricketabulky.cz/2015/12/hana-malkova-nejlepsi-recepty-z-lustenin/?utm_source=40086-KalorickeTabulky.cz&utm_medium=email&utm_term=508616997&utm_content=lusteniny.jpg&utm_campaign=sportdiary-12122015,1450388141,dezerty|hlavní jídla|polévky,unread
http://helloglow.co/power-lunch-protein-packed-kale-hummus-wrap/#_a5y_p=1677831,http://helloglow.co/power-lunch-protein-packed-kale-hummus-wrap/#_a5y_p=1677831,1467034373,,unread
https://blog.myfitnesspal.com/protein-packed-overnight-oats/,https://blog.myfitnesspal.com/protein-packed-overnight-oats/,1537998040,snídaně,unread
https://draxe.com/recipe/buffalo-chicken-dip/,https://draxe.com/recipe/buffalo-chicken-dip/,1518887293,svačiny a chuťovky,unread
https://blog.myfitnesspal.com/oven-baked-egg-spinach-bacon/,https://blog.myfitnesspal.com/oven-baked-egg-spinach-bacon/,1537998141,snídaně,unread
http://www.myrecipes.com/recipe/oregano-lime-roasted-chicken-breasts,http://www.myrecipes.com/recipe/oregano-lime-roasted-chicken-breasts,1467208647,hlavní jídla,unread
https://jessicainthekitchen.com/sticky-sesame-cauliflower-wings/,https://jessicainthekitchen.com/sticky-sesame-cauliflower-wings/,1518888027,svačiny a chuťovky,unread
http://www.epicurious.com/recipes/food/views/fish-fillets-with-olives-and-oregano-234651,http://www.epicurious.com/recipes/food/views/fish-fillets-with-olives-and-oregano-234651,1467208674,hlavní jídla,unread
Lima Bean Hummus,https://www.eatingbirdfood.com/basil-lima-bean-hummus/,1611582062,přílohy,unread
https://blog.myfitnesspal.com/apple-pie-breakfast-bowl/,https://blog.myfitnesspal.com/apple-pie-breakfast-bowl/,1537998048,snídaně,unread
http://www.mixit.cz/blog/mascarpone?utm_source=1602Tubusy&utm_medium=News&utm_campaign=Newsletter,http://www.mixit.cz/blog/mascarpone?utm_source=1602Tubusy&utm_medium=News&utm_campaign=Newsletter,1456659697,dezerty,unread
http://blog.kaloricketabulky.cz/2016/02/neco-za-neco-mrkvove-brownies-vs-12-minut-treninku/?utm_source=40086-KalorickeTabulky.cz&utm_medium=email&utm_term=584623200&utm_content=n_250_cvik.jpg&utm_campaign=jidlopredapotreninkudopoledne-04022016,http://blog.kaloricketabulky.cz/2016/02/neco-za-neco-mrkvove-brownies-vs-12-minut-treninku/?utm_source=40086-KalorickeTabulky.cz&utm_medium=email&utm_term=584623200&utm_content=n_250_cvik.jpg&utm_campaign=jidlopredapotreninkudopoledne-04022016,1456928774,dezerty,unread
https://wellnessmama.com/91716/coconut-no-bake-cookies/,https://wellnessmama.com/91716/coconut-no-bake-cookies/,1539082489,dezerty,unread
http://fitaspire.com/faux-pho-udon-noodle-soup/?goal=0_1d41ea4f7a-1da45c3357-123651473,http://fitaspire.com/faux-pho-udon-noodle-soup/?goal=0_1d41ea4f7a-1da45c3357-123651473,1457527957,polévky,unread
http://fitaspire.com/miso-glazed-sea-bass/?goal=0_1d41ea4f7a-1da45c3357-123651473,http://fitaspire.com/miso-glazed-sea-bass/?goal=0_1d41ea4f7a-1da45c3357-123651473,1457527967,hlavní jídla,unread
https://draxe.com/recipe/chili-cheese-dip/,https://draxe.com/recipe/chili-cheese-dip/,1518887333,svačiny a chuťovky,unread
https://www.homemadeinterest.com/irish-potato-bites/,https://www.homemadeinterest.com/irish-potato-bites/,1518887709,svačiny a chuťovky,unread
http://backtoorganic.com/homemade-chicken-stock-with-fresh-oregano-thyme-and-rosemary/,http://backtoorganic.com/homemade-chicken-stock-with-fresh-oregano-thyme-and-rosemary/,1467208795,polévky,unread
https://www.saveur.com/article/Recipes/Elena-Ruz,https://www.saveur.com/article/Recipes/Elena-Ruz,1517231703,hlavní jídla,unread
http://www.skinnytaste.com/naked-salmon-burgers-with-sriracha-mayo/,http://www.skinnytaste.com/naked-salmon-burgers-with-sriracha-mayo/,1467103930,hlavní jídla,unread
"Recept Sýrová kapsa se špenátem a smetanou - online kuchařka, Vše o vaření",http://www.vseovareni.cz/recepty/syrova-kapsa-se-spenatem-a-smetanou/?utm_source=shop-emailing&utm_medium=email&utm_content=recept-syrova-kapsa&utm_campaign=SHOP042016,1463342129,hlavní jídla,unread
http://www.mixit.cz/blog/lyocaj?utm_source=1603Velikonoce&utm_medium=News&utm_campaign=Newsletter,http://www.mixit.cz/blog/lyocaj?utm_source=1603Velikonoce&utm_medium=News&utm_campaign=Newsletter,1460625447,nápoje,unread
https://blog.kaloricketabulky.cz/2016/04/proc-na-jare-tolik-lidi-trapi-jarni-unava-a-co-se-s-tim-da-delat/,https://blog.kaloricketabulky.cz/2016/04/proc-na-jare-tolik-lidi-trapi-jarni-unava-a-co-se-s-tim-da-delat/,1496586771,nápoje,unread
http://blog.kaloricketabulky.cz/2016/03/neco-za-neco-repove-babovicky-aneb-nadupana-cervena-repa/?utm_source=40086-KalorickeTabulky.cz&utm_medium=email&utm_term=628905267&utm_content=kt_vyzva.jpg&utm_campaign=stavkahubnuti-17032016,http://blog.kaloricketabulky.cz/2016/03/neco-za-neco-repove-babovicky-aneb-nadupana-cervena-repa/?utm_source=40086-KalorickeTabulky.cz&utm_medium=email&utm_term=628905267&utm_content=kt_vyzva.jpg&utm_campaign=stavkahubnuti-17032016,1460705535,dezerty,unread
Sweet Potato Tuna Salad (No Mayo),https://www.eatingbirdfood.com/sweet-potato-tuna-salad-no-mayo/,1623761015,saláty,unread
http://www.skinnytaste.com/apples-and-cinnamon-breakfast-quinoa/,http://www.skinnytaste.com/apples-and-cinnamon-breakfast-quinoa/,1467111033,snídaně,unread
http://alidaskitchen.com/2016/01/11/mexican-quinoa-bites-recipe/,http://alidaskitchen.com/2016/01/11/mexican-quinoa-bites-recipe/,1518887750,svačiny a chuťovky,unread
https://blog.myfitnesspal.com/protein-packed-breakfast-burritos/,https://blog.myfitnesspal.com/protein-packed-breakfast-burritos/,1537998101,snídaně,unread
http://www.skinnytaste.com/lighter-buffalo-wings-6-pts/,http://www.skinnytaste.com/lighter-buffalo-wings-6-pts/,1467276746,hlavní jídla,unread
https://draxe.com/recipe/garlic-breadsticks-recipe/,https://draxe.com/recipe/garlic-breadsticks-recipe/,1518887469,svačiny a chuťovky,unread
http://cookthestory.com/easy-fruit-dip-dark-chocolate-greek-yogurt-cinnamon-spice/,http://cookthestory.com/easy-fruit-dip-dark-chocolate-greek-yogurt-cinnamon-spice/,1466688998,dezerty|přílohy,unread
https://www.itsyummi.com/dill-cucumber-yogurt-dip/,https://www.itsyummi.com/dill-cucumber-yogurt-dip/,1518887385,svačiny a chuťovky,unread
http://blog.kaloricketabulky.cz/2016/04/proc-na-jare-tolik-lidi-trapi-jarni-unava-a-co-se-s-tim-da-delat/?utm_source=40086-KalorickeTabulky.cz&utm_medium=email&utm_term=670176024&utm_content=detox.jpg&utm_campaign=Anetapribeh-23042016,http://blog.kaloricketabulky.cz/2016/04/proc-na-jare-tolik-lidi-trapi-jarni-unava-a-co-se-s-tim-da-delat/?utm_source=40086-KalorickeTabulky.cz&utm_medium=email&utm_term=670176024&utm_content=detox.jpg&utm_campaign=Anetapribeh-23042016,1463743743,snídaně,unread
http://www.skinnytaste.com/red-white-and-blueberry-cheesecake/,http://www.skinnytaste.com/red-white-and-blueberry-cheesecake/,1467125494,dezerty,unread
https://eshop.tescoma.cz/vychytane-grilovani-s-tescomou?utm_source=shop-emailing&utm_medium=email&utm_content=recept-clanek-na-blogu&utm_campaign=SHOP052016_GRIL&spMailingID=51421210&spUserID=MTE4ODc5MjU5NTIzS0&spJobID=922486957&spReportId=OTIyNDg2OTU3S0,https://eshop.tescoma.cz/vychytane-grilovani-s-tescomou?utm_source=shop-emailing&utm_medium=email&utm_content=recept-clanek-na-blogu&utm_campaign=SHOP052016_GRIL&spMailingID=51421210&spUserID=MTE4ODc5MjU5NTIzS0&spJobID=922486957&spReportId=OTIyNDg2OTU3S0,1464944012,dezerty|hlavní jídla|svačiny a chuťovky,unread
https://eshop.tescoma.cz/zmrzlinove-orgie-s-tescomou?utm_source=shop-emailing&utm_medium=email&utm_content=recept-trdelnik&utm_campaign=SHOP062016&spMailingID=51502254&spUserID=MTE4ODc5MjU5NTIzS0&spJobID=940079373&spReportId=OTQwMDc5MzczS0,https://eshop.tescoma.cz/zmrzlinove-orgie-s-tescomou?utm_source=shop-emailing&utm_medium=email&utm_content=recept-trdelnik&utm_campaign=SHOP062016&spMailingID=51502254&spUserID=MTE4ODc5MjU5NTIzS0&spJobID=940079373&spReportId=OTQwMDc5MzczS0,1464944070,dezerty,unread
Healthy Oatmeal Raisin Ice Cream,https://www.eatingbirdfood.com/healthy-oatmeal-raisin-cookie-dough-ice-cream/,1626356507,dezerty,unread
Protein Overnight Oats,https://www.eatingbirdfood.com/protein-overnight-oats/,1621091646,snídaně,unread
http://www.foodandwine.com/recipes/split-pea-soup-portobellos,http://www.foodandwine.com/recipes/split-pea-soup-portobellos,1467204189,polévky,unread
https://eshop.tescoma.cz/pecte-s-tresnickou-na-dortu?utm_source=shop-emailing&utm_medium=email&utm_content=recept-tresnovy-kolac&utm_campaign=SHOP062016_KKZ_REM&spMailingID=51600290&spUserID=MTE4ODc5MjU5NTIzS0&spJobID=941978520&spReportId=OTQxOTc4NTIwS0,https://eshop.tescoma.cz/pecte-s-tresnickou-na-dortu?utm_source=shop-emailing&utm_medium=email&utm_content=recept-tresnovy-kolac&utm_campaign=SHOP062016_KKZ_REM&spMailingID=51600290&spUserID=MTE4ODc5MjU5NTIzS0&spJobID=941978520&spReportId=OTQxOTc4NTIwS0,1468315095,dezerty,unread
https://eshop.tescoma.cz/domaci-kornoutky-a-domaci-zmrzlina-mrazive-letni-pokuseni?utm_source=shop-emailing&utm_medium=email&utm_content=recept-domaci-kornoutky&utm_campaign=SHOP072016&spMailingID=51757647&spUserID=MTE4ODc5MjU5NTIzS0&spJobID=960581318&spReportId=OTYwNTgxMzE4S0,https://eshop.tescoma.cz/domaci-kornoutky-a-domaci-zmrzlina-mrazive-letni-pokuseni?utm_source=shop-emailing&utm_medium=email&utm_content=recept-domaci-kornoutky&utm_campaign=SHOP072016&spMailingID=51757647&spUserID=MTE4ODc5MjU5NTIzS0&spJobID=960581318&spReportId=OTYwNTgxMzE4S0,1468315200,dezerty,unread
http://blog.kaloricketabulky.cz/2016/06/cizokrajne-plody-ve-zdravem-jidelnicku-rady-a-recepty-pro-prakticke-vyuziti/?utm_source=40086-KalorickeTabulky.cz&utm_medium=email&utm_term=727884072&utm_content=granatove.jpg&utm_campaign=promena_michaela-26062016,http://blog.kaloricketabulky.cz/2016/06/cizokrajne-plody-ve-zdravem-jidelnicku-rady-a-recepty-pro-prakticke-vyuziti/?utm_source=40086-KalorickeTabulky.cz&utm_medium=email&utm_term=727884072&utm_content=granatove.jpg&utm_campaign=promena_michaela-26062016,1468351034,snídaně|svačiny a chuťovky,unread
http://www.zdravapotravina.cz/ryby/ryzovy-salat-s-tunakem?utm_source=newsletter&utm_medium=email&utm_campaign=campaign_10003298&utm_content=content,http://www.zdravapotravina.cz/ryby/ryzovy-salat-s-tunakem?utm_source=newsletter&utm_medium=email&utm_campaign=campaign_10003298&utm_content=content,1469108852,saláty,unread
http://blog.kaloricketabulky.cz/2016/08/uvod-do-veganstvi-a-skvely-recept-na-fazolovy-burger/,http://blog.kaloricketabulky.cz/2016/08/uvod-do-veganstvi-a-skvely-recept-na-fazolovy-burger/,1472673053,hlavní jídla,unread
https://eshop.tescoma.cz/ledni-pijada?utm_source=shop-emailing&utm_medium=email&utm_content=lp-ledni-pijada&utm_campaign=SHOP072016_TC20_REG&spMailingID=51900488&spUserID=MTE4ODc5MjU5NTIzS0&spJobID=963459568&spReportId=OTYzNDU5NTY4S0,https://eshop.tescoma.cz/ledni-pijada?utm_source=shop-emailing&utm_medium=email&utm_content=lp-ledni-pijada&utm_campaign=SHOP072016_TC20_REG&spMailingID=51900488&spUserID=MTE4ODc5MjU5NTIzS0&spJobID=963459568&spReportId=OTYzNDU5NTY4S0,1471259958,nápoje,unread
https://eshop.tescoma.cz/svacina-je-nejlepsi-predmet-aneb-zpatky-do-skoly-zdraveji?utm_source=shop-emailing&utm_medium=email&utm_content=skola-clanek&utm_campaign=SHOP082016_SKOLA&spMailingID=52039697&spUserID=MTE4ODc5MjU5NTIzS0&spJobID=981943148&spReportId=OTgxOTQzMTQ4S0,https://eshop.tescoma.cz/svacina-je-nejlepsi-predmet-aneb-zpatky-do-skoly-zdraveji?utm_source=shop-emailing&utm_medium=email&utm_content=skola-clanek&utm_campaign=SHOP082016_SKOLA&spMailingID=52039697&spUserID=MTE4ODc5MjU5NTIzS0&spJobID=981943148&spReportId=OTgxOTQzMTQ4S0,1471260034,děti|dezerty|svačiny a chuťovky,unread
http://blog.kaloricketabulky.cz/2016/06/nejlepsi-svaciny-na-cestu-na-dovolenou-a-jeden-bajecny-recept-k-tomu/?utm_source=40086-KalorickeTabulky.cz&utm_medium=email&utm_term=748907800&utm_content=Nejlepsi+svaciny+na+cestu+na+dovolenou+a+jeden+bajecny+recept+k+tomu&utm_campaign=svaciny-na-cestu-24072016,http://blog.kaloricketabulky.cz/2016/06/nejlepsi-svaciny-na-cestu-na-dovolenou-a-jeden-bajecny-recept-k-tomu/?utm_source=40086-KalorickeTabulky.cz&utm_medium=email&utm_term=748907800&utm_content=Nejlepsi+svaciny+na+cestu+na+dovolenou+a+jeden+bajecny+recept+k+tomu&utm_campaign=svaciny-na-cestu-24072016,1472649169,svačiny a chuťovky,unread
http://blog.kaloricketabulky.cz/2016/08/ria-hrusovska-osobni-trener-jidlo-neponechavam-nikdy-nahode/,http://blog.kaloricketabulky.cz/2016/08/ria-hrusovska-osobni-trener-jidlo-neponechavam-nikdy-nahode/,1472716283,svačiny a chuťovky,unread
https://eshop.tescoma.cz/o-caji-i-necaji-napoji-malych-i-velkych?utm_source=shop-emailing&utm_medium=email&utm_content=recept-caje&utm_campaign=SHOP092016_1&spMailingID=52230654&spUserID=MTE4ODc5MjU5NTIzS0&spJobID=1001031645&spReportId=MTAwMTAzMTY0NQS2,https://eshop.tescoma.cz/o-caji-i-necaji-napoji-malych-i-velkych?utm_source=shop-emailing&utm_medium=email&utm_content=recept-caje&utm_campaign=SHOP092016_1&spMailingID=52230654&spUserID=MTE4ODc5MjU5NTIzS0&spJobID=1001031645&spReportId=MTAwMTAzMTY0NQS2,1473931105,nápoje,unread
http://www.zdravapotravina.cz/moucniky/muffiny-s-goji-a-broskvi,http://www.zdravapotravina.cz/moucniky/muffiny-s-goji-a-broskvi,1476443085,dezerty,unread
http://www.zdravapotravina.cz/raw-pokrmy/raw-susenky-goji-s-kokosem,http://www.zdravapotravina.cz/raw-pokrmy/raw-susenky-goji-s-kokosem,1476443102,dezerty,unread
http://www.zdravapotravina.cz/sladke-pokrmy/kavova-ovesna-s-goji-a-grepem,http://www.zdravapotravina.cz/sladke-pokrmy/kavova-ovesna-s-goji-a-grepem,1476443130,snídaně,unread
http://blog.kaloricketabulky.cz/2016/10/jak-hubnout-zdrave-a-bez-jo-jo-efektu-rozhovor-s-luckou-blechovou-spoluautorkou-clanku-bazalni-metabolismus/?utm_source=40086-KalorickeTabulky.cz&utm_medium=email&utm_term=844762826&utm_content=Jak+hubnout+zdrave+a+bez+jo_jo+efektu+II.&utm_campaign=bazalni+metabolismus+rozhovor-20161009,http://blog.kaloricketabulky.cz/2016/10/jak-hubnout-zdrave-a-bez-jo-jo-efektu-rozhovor-s-luckou-blechovou-spoluautorkou-clanku-bazalni-metabolismus/?utm_source=40086-KalorickeTabulky.cz&utm_medium=email&utm_term=844762826&utm_content=Jak+hubnout+zdrave+a+bez+jo_jo+efektu+II.&utm_campaign=bazalni+metabolismus+rozhovor-20161009,1476957669,dezerty|snídaně,unread
https://eshop.tescoma.cz/at-kava-provoni-vas-domov?utm_source=shop-emailing&utm_medium=email&utm_content=recept-kavove-susenky&utm_campaign=SHOP102016&spMailingID=52451678&spUserID=MTE4ODc5MjU5NTIzS0&spJobID=1020655121&spReportId=MTAyMDY1NTEyMQS2,https://eshop.tescoma.cz/at-kava-provoni-vas-domov?utm_source=shop-emailing&utm_medium=email&utm_content=recept-kavove-susenky&utm_campaign=SHOP102016&spMailingID=52451678&spUserID=MTE4ODc5MjU5NTIzS0&spJobID=1020655121&spReportId=MTAyMDY1NTEyMQS2,1476968767,dezerty,unread
http://www.mixit.cz/blog/smoothie-bowl?utm_source=1610PodzimTrojka&utm_medium=News&utm_campaign=Newsletter,http://www.mixit.cz/blog/smoothie-bowl?utm_source=1610PodzimTrojka&utm_medium=News&utm_campaign=Newsletter,1476975231,snídaně,unread
https://skinnyms.com/5-ingredient-healthy-stuffed-potato-skins/,https://skinnyms.com/5-ingredient-healthy-stuffed-potato-skins/,1518887442,svačiny a chuťovky,unread
http://blog.kaloricketabulky.cz/2016/10/kucharka-ze-svatojanu-vas-nauci-mit-v-lasce-podzim-zkuste-jeji-bajecne-recepty/?utm_source=40086-KalorickeTabulky.cz&utm_medium=email&utm_term=882859622&utm_content=Kucharka+ze+Svatojanu+vas+nauci+mit+v+lasce+podzim.+Zkuste+jeji+bajecne+recepty%21&utm_campaign=svatojan+podzim+2016-20161106,http://blog.kaloricketabulky.cz/2016/10/kucharka-ze-svatojanu-vas-nauci-mit-v-lasce-podzim-zkuste-jeji-bajecne-recepty/?utm_source=40086-KalorickeTabulky.cz&utm_medium=email&utm_term=882859622&utm_content=Kucharka+ze+Svatojanu+vas+nauci+mit+v+lasce+podzim.+Zkuste+jeji+bajecne+recepty%21&utm_campaign=svatojan+podzim+2016-20161106,1478856527,dezerty|hlavní jídla,unread
http://blog.kaloricketabulky.cz/2016/10/zuzana-svedova-je-cas-dyni-tak-si-vychutnejte-jednoduchy-recept-na-zdrave-jidlo/?utm_source=40086-KalorickeTabulky.cz&utm_medium=email&utm_term=882859622&utm_content=a_dyne.jpg&utm_campaign=svatojan+podzim+2016-20161106,http://blog.kaloricketabulky.cz/2016/10/zuzana-svedova-je-cas-dyni-tak-si-vychutnejte-jednoduchy-recept-na-zdrave-jidlo/?utm_source=40086-KalorickeTabulky.cz&utm_medium=email&utm_term=882859622&utm_content=a_dyne.jpg&utm_campaign=svatojan+podzim+2016-20161106,1478857790,hlavní jídla,unread
https://eshop.tescoma.cz/jak-spravne-upect-husu-?utm_source=shop-emailing&utm_medium=email&utm_content=recept-svatomartinska-husa&utm_campaign=SHOP112016&spMailingID=52705197&spUserID=MTE4ODc5MjU5NTIzS0&spJobID=1043246672&spReportId=MTA0MzI0NjY3MgS2,https://eshop.tescoma.cz/jak-spravne-upect-husu-?utm_source=shop-emailing&utm_medium=email&utm_content=recept-svatomartinska-husa&utm_campaign=SHOP112016&spMailingID=52705197&spUserID=MTE4ODc5MjU5NTIzS0&spJobID=1043246672&spReportId=MTA0MzI0NjY3MgS2,1479287099,přílohy,unread
http://www.mixit.cz/blog/mrkvovy-dort?utm_source=1610Megamix&utm_medium=News&utm_campaign=Newsletter,http://www.mixit.cz/blog/mrkvovy-dort?utm_source=1610Megamix&utm_medium=News&utm_campaign=Newsletter,1479731821,dezerty,unread
http://jeanetteshealthyliving.com/turkey-brown-rice-congee/,http://jeanetteshealthyliving.com/turkey-brown-rice-congee/,1517231351,snídaně,unread
https://www.svet-zdravi.cz/recepty/dynovo-mrkvova-babovka-s-orechy?utm_source=newsletter&utm_medium=email&utm_campaign=campaign_10003465&utm_content=NL_ZP_listopad_2016,https://www.svet-zdravi.cz/recepty/dynovo-mrkvova-babovka-s-orechy?utm_source=newsletter&utm_medium=email&utm_campaign=campaign_10003465&utm_content=NL_ZP_listopad_2016,1480684766,dezerty,unread
http://www.zdravapotravina.cz/recepty-z-dyne/omacka-z-dyne-hokaido?utm_source=newsletter&utm_medium=email&utm_campaign=campaign_10003465&utm_content=NL_ZP_listopad_2016,http://www.zdravapotravina.cz/recepty-z-dyne/omacka-z-dyne-hokaido?utm_source=newsletter&utm_medium=email&utm_campaign=campaign_10003465&utm_content=NL_ZP_listopad_2016,1480684775,hlavní jídla,unread
http://blog.kaloricketabulky.cz/2016/11/proc-jist-okurky-zeli-a-merunky-zazracny-vliv-ovoce-a-zeleniny-na-zdravi-cloveka-iii/?utm_source=40086-KalorickeTabulky.cz&utm_medium=email&utm_term=907738666&utm_content=fotolia_126.jpg&utm_campaign=18_11_2016_cecilie-A-20161119,http://blog.kaloricketabulky.cz/2016/11/proc-jist-okurky-zeli-a-merunky-zazracny-vliv-ovoce-a-zeleniny-na-zdravi-cloveka-iii/?utm_source=40086-KalorickeTabulky.cz&utm_medium=email&utm_term=907738666&utm_content=fotolia_126.jpg&utm_campaign=18_11_2016_cecilie-A-20161119,1480694511,saláty,unread
https://draxe.com/recipe/7-layer-bean-dip/,https://draxe.com/recipe/7-layer-bean-dip/,1518887828,svačiny a chuťovky,unread
https://eshop.tescoma.cz/vanocni-cokoladove-tvoreni?utm_source=shop-emailing&utm_campaign=SHOP112016_CYBER_MONDAY&utm_medium=email&utm_content=vanocni-cokoladove-tvoreni&spMailingID=52851050&spUserID=MTE4ODc5MjU5NTIzS0&spJobID=1047393203&spReportId=MTA0NzM5MzIwMwS2,https://eshop.tescoma.cz/vanocni-cokoladove-tvoreni?utm_source=shop-emailing&utm_campaign=SHOP112016_CYBER_MONDAY&utm_medium=email&utm_content=vanocni-cokoladove-tvoreni&spMailingID=52851050&spUserID=MTE4ODc5MjU5NTIzS0&spJobID=1047393203&spReportId=MTA0NzM5MzIwMwS2,1481129639,cukroví|dezerty|vánoce,unread
http://blog.myfitnesspal.com/chunky-monkey-oat-bars/,http://blog.myfitnesspal.com/chunky-monkey-oat-bars/,1490865221,svačiny a chuťovky,unread
https://draxe.com/recipe/sweet-potato-latkes/,https://draxe.com/recipe/sweet-potato-latkes/,1517398528,svačiny a chuťovky,unread
http://thefoodiesway.co.uk/thyme-fig-gorgonzola-parma-ham-shards-crostini/,http://thefoodiesway.co.uk/thyme-fig-gorgonzola-parma-ham-shards-crostini/,1490284301,hlavní jídla|svačiny a chuťovky,unread
http://tiphero.com/cowboy-caviar/,http://tiphero.com/cowboy-caviar/,1518887358,svačiny a chuťovky,unread
http://blog.myfitnesspal.com/egg-bacon-mini-casseroles/?utm_source=silverpop&utm_medium=email&utm_content=casserole_button&utm_campaign=ENDO_EN_w0117_New_Years_Resolutions,http://blog.myfitnesspal.com/egg-bacon-mini-casseroles/?utm_source=silverpop&utm_medium=email&utm_content=casserole_button&utm_campaign=ENDO_EN_w0117_New_Years_Resolutions,1490603271,snídaně,unread
http://thescrumptiouspumpkin.com/2016/10/21/easy-slow-cooker-coq-au-vin/,http://thescrumptiouspumpkin.com/2016/10/21/easy-slow-cooker-coq-au-vin/,1490286020,hlavní jídla,unread
https://umamigirl.com/salt-and-vinegar-broiled-fingerling-potatoes/,https://umamigirl.com/salt-and-vinegar-broiled-fingerling-potatoes/,1518887774,přílohy,unread
https://www.thespruce.com/baba-ghannouj-eggplant-dip-2355462,https://www.thespruce.com/baba-ghannouj-eggplant-dip-2355462,1490286076,přílohy|svačiny a chuťovky,unread
https://blog.kaloricketabulky.cz/2017/02/lusteniny-jak-je-mozna-neznate-recepty-a-tipy-k-vyuziti-lustenin-v-jidelnicku-kdykoliv-behem-dne/,https://blog.kaloricketabulky.cz/2017/02/lusteniny-jak-je-mozna-neznate-recepty-a-tipy-k-vyuziti-lustenin-v-jidelnicku-kdykoliv-behem-dne/,1496393155,dezerty|hlavní jídla|snídaně|svačiny a chuťovky,unread
https://wellnessmama.com/156155/sous-vide-egg-bites,https://wellnessmama.com/156155/sous-vide-egg-bites,1540982420,snídaně,unread
https://blog.kaloricketabulky.cz/2017/03/lucie-tvrdonova-a-mary-ausova-zazitky-a-recepty-z-bali/,https://blog.kaloricketabulky.cz/2017/03/lucie-tvrdonova-a-mary-ausova-zazitky-a-recepty-z-bali/,1496403537,dezerty|saláty|snídaně,unread
http://www.zdravapotravina.cz/moucniky/ovesne-susenky-bez-cukru?utm_source=newsletter&utm_medium=email&utm_campaign=campaign_10003565&utm_content=NL_ZP_leden,http://www.zdravapotravina.cz/moucniky/ovesne-susenky-bez-cukru?utm_source=newsletter&utm_medium=email&utm_campaign=campaign_10003565&utm_content=NL_ZP_leden,1489580541,dezerty,unread
http://www.zdravapotravina.cz/domaci-chleb-a-pecivo/ovesne-bochanky?utm_source=newsletter&utm_medium=email&utm_campaign=campaign_10003565&utm_content=NL_ZP_leden,http://www.zdravapotravina.cz/domaci-chleb-a-pecivo/ovesne-bochanky?utm_source=newsletter&utm_medium=email&utm_campaign=campaign_10003565&utm_content=NL_ZP_leden,1489581085,pečivo,unread
http://www.zdravapotravina.cz/jahly/jahly-s-oprazenymi-slunecnicovymi-seminky?utm_source=newsletter&utm_medium=email&utm_campaign=campaign_10003565&utm_content=NL_ZP_leden,http://www.zdravapotravina.cz/jahly/jahly-s-oprazenymi-slunecnicovymi-seminky?utm_source=newsletter&utm_medium=email&utm_campaign=campaign_10003565&utm_content=NL_ZP_leden,1489581096,hlavní jídla,unread
http://www.bbc.co.uk/food/recipes/low-sugar_christmas_13043,http://www.bbc.co.uk/food/recipes/low-sugar_christmas_13043,1490286110,cukroví|dezerty|vánoce,unread
http://brazilianfoodie.com/2012/04/manjar-branco/,http://brazilianfoodie.com/2012/04/manjar-branco/,1490286281,dezerty,unread
https://blog.myfitnesspal.com/recipe-high-protein-chai-smoothie-bowl/,https://blog.myfitnesspal.com/recipe-high-protein-chai-smoothie-bowl/,1537998115,snídaně,unread
https://blog.kaloricketabulky.cz/2017/03/renata-daubnerova-inspirace-na-zdrave-denni-menu-od-nutricniho-terapeuta/,https://blog.kaloricketabulky.cz/2017/03/renata-daubnerova-inspirace-na-zdrave-denni-menu-od-nutricniho-terapeuta/,1496587377,hlavní jídla|polévky|snídaně|svačiny a chuťovky,unread
http://thechiclife.com/2012/11/turkey-egg-breakfast-casserole-thanksgiving-leftover-recipe.html,http://thechiclife.com/2012/11/turkey-egg-breakfast-casserole-thanksgiving-leftover-recipe.html,1517233917,snídaně,unread
https://www.mixit.cz/blog/truffles,https://www.mixit.cz/blog/truffles,1491917023,dezerty,unread
https://draxe.com/recipe/turmeric-latte-recipe/,https://draxe.com/recipe/turmeric-latte-recipe/,1517413736,nápoje,unread
https://www.yogajournal.com/blog/spring-clean,https://www.yogajournal.com/blog/spring-clean,1529679163,nápoje|přílohy|saláty,unread
https://www.yogajournal.com/lifestyle/healing-with-food,https://www.yogajournal.com/lifestyle/healing-with-food,1531901682,hlavní jídla|nápoje,unread
https://eshop.tescoma.cz/domaci-tlacenka-ovar-i-prejt-masopust-je-tady-?utm_source=shop-emailing&utm_medium=email&utm_content=clanek-masopust&utm_campaign=SHOP022017_KKZ_REM&spMailingID=53467281&spUserID=MTE4ODc5MjU5NTIzS0&spJobID=1103469840&spReportId=MTEwMzQ2OTg0MAS2,https://eshop.tescoma.cz/domaci-tlacenka-ovar-i-prejt-masopust-je-tady-?utm_source=shop-emailing&utm_medium=email&utm_content=clanek-masopust&utm_campaign=SHOP022017_KKZ_REM&spMailingID=53467281&spUserID=MTE4ODc5MjU5NTIzS0&spJobID=1103469840&spReportId=MTEwMzQ2OTg0MAS2,1496324800,hlavní jídla|svačiny a chuťovky,unread
https://eshop.tescoma.cz/valentynske-carovani?utm_source=shop-emailing&utm_medium=email&utm_content=recepty-valentyn&utm_campaign=SHOP022017_ZPRAVODAJ&spMailingID=53356173&spUserID=MTE4ODc5MjU5NTIzS0&spJobID=1100937658&spReportId=MTEwMDkzNzY1OAS2,https://eshop.tescoma.cz/valentynske-carovani?utm_source=shop-emailing&utm_medium=email&utm_content=recepty-valentyn&utm_campaign=SHOP022017_ZPRAVODAJ&spMailingID=53356173&spUserID=MTE4ODc5MjU5NTIzS0&spJobID=1100937658&spReportId=MTEwMDkzNzY1OAS2,1496324862,dezerty|nápoje|svačiny a chuťovky,unread
https://eshop.tescoma.cz/mlsani-bez-slehacky-nemyslitelne-?utm_source=shop-emailing&utm_medium=email&utm_content=clanek-slehacka&utm_campaign=SHOP032017_ZPRAVODAJ_DDZ&spMailingID=53570308&spUserID=MTE4ODc5MjU5NTIzS0&spJobID=1121197118&spReportId=MTEyMTE5NzExOAS2,https://eshop.tescoma.cz/mlsani-bez-slehacky-nemyslitelne-?utm_source=shop-emailing&utm_medium=email&utm_content=clanek-slehacka&utm_campaign=SHOP032017_ZPRAVODAJ_DDZ&spMailingID=53570308&spUserID=MTE4ODc5MjU5NTIzS0&spJobID=1121197118&spReportId=MTEyMTE5NzExOAS2,1496324903,snídaně,unread
https://blog.kaloricketabulky.cz/2017/02/eliska-kralova-neni-treba-se-vzdavat-sladkeho-ani-kdyz-chcete-byt-stihli/?utm_source=40086-KalorickeTabulky.cz&utm_medium=email&utm_term=1078275232&utm_content=Cim+sladi+Eliska+a+jak+vypadaji+jeji+nejoblibenejsi+recepty&utm_campaign=10_02_2017_eli_sladkosti-20170212,https://blog.kaloricketabulky.cz/2017/02/eliska-kralova-neni-treba-se-vzdavat-sladkeho-ani-kdyz-chcete-byt-stihli/?utm_source=40086-KalorickeTabulky.cz&utm_medium=email&utm_term=1078275232&utm_content=Cim+sladi+Eliska+a+jak+vypadaji+jeji+nejoblibenejsi+recepty&utm_campaign=10_02_2017_eli_sladkosti-20170212,1496388542,dezerty,unread
https://blog.kaloricketabulky.cz/2017/05/lenka-mandryszova-pomoci-spravne-vyzivy-muze-kazdy-clovek-celkem-jednoduchym-zpusobem-ovlivnovat-sve-zdravi/?utm_source=40086-KalorickeTabulky.cz&utm_medium=email&utm_term=1237934470&utm_content=kopriva.jpg&utm_campaign=05_05_2017_eliska_promena-20170508,https://blog.kaloricketabulky.cz/2017/05/lenka-mandryszova-pomoci-spravne-vyzivy-muze-kazdy-clovek-celkem-jednoduchym-zpusobem-ovlivnovat-sve-zdravi/?utm_source=40086-KalorickeTabulky.cz&utm_medium=email&utm_term=1237934470&utm_content=kopriva.jpg&utm_campaign=05_05_2017_eliska_promena-20170508,1496589880,dezerty|nápoje|polévky,unread
https://wellnessmama.com/55741/anti-itch-spray,https://wellnessmama.com/55741/anti-itch-spray,1539950838,kosmetika,unread
https://www.lifefood.cz/cz_cs/salvejovo-piniove-cokoladove-bonbony,https://www.lifefood.cz/cz_cs/salvejovo-piniove-cokoladove-bonbony,1497534199,dezerty,unread
https://www.lifefood.cz/cz_cs/merunkovo-fenyklovy-salat,https://www.lifefood.cz/cz_cs/merunkovo-fenyklovy-salat,1505136209,saláty,unread
http://www.ferpotravina.cz/prilohy/nadivka-s-nasekanymi-koprivami?utm_source=newsletter&utm_medium=email&utm_campaign=campaign_10003638&utm_content=NL_ZP_brezen_2017,http://www.ferpotravina.cz/prilohy/nadivka-s-nasekanymi-koprivami?utm_source=newsletter&utm_medium=email&utm_campaign=campaign_10003638&utm_content=NL_ZP_brezen_2017,1497865044,přílohy|svačiny a chuťovky,unread
https://www.svet-zdravi.cz/recepty/jarni-bylinkova-polevka?utm_source=newsletter&utm_medium=email&utm_campaign=campaign_10003638&utm_content=NL_ZP_brezen_2017,https://www.svet-zdravi.cz/recepty/jarni-bylinkova-polevka?utm_source=newsletter&utm_medium=email&utm_campaign=campaign_10003638&utm_content=NL_ZP_brezen_2017,1497865058,polévky,unread
https://www.vegetariantimes.com/recipes/spicy-tofu-bento-bowl,https://www.vegetariantimes.com/recipes/spicy-tofu-bento-bowl,1527152388,hlavní jídla,unread
https://www.vegetariantimes.com/recipes/pan-roasted-radishes-with-italian-style-greens,https://www.vegetariantimes.com/recipes/pan-roasted-radishes-with-italian-style-greens,1527771957,saláty,unread
https://store.draxe.com/blogs/recipes/paleo-bone-broth-protein-pancakes-recipe,https://store.draxe.com/blogs/recipes/paleo-bone-broth-protein-pancakes-recipe,1518896772,snídaně,unread
https://eshop.tescoma.cz/maso-patri-na-gril?utm_source=shop-emailing&utm_medium=email&utm_content=blog&utm_campaign=SHOP062017_ZPRAVODAJ&spMailingID=54204044&spUserID=MTE4ODc5MjU5NTIzS0&spJobID=1180636090&spReportId=MTE4MDYzNjA5MAS2,https://eshop.tescoma.cz/maso-patri-na-gril?utm_source=shop-emailing&utm_medium=email&utm_content=blog&utm_campaign=SHOP062017_ZPRAVODAJ&spMailingID=54204044&spUserID=MTE4ODc5MjU5NTIzS0&spJobID=1180636090&spReportId=MTE4MDYzNjA5MAS2,1500392911,hlavní jídla,unread
https://eshop.tescoma.cz/revoluce-v-kuchyni-nadobi-do-mikrovlnne-trouby-purity-microwave?utm_source=shop-emailing&utm_medium=email&utm_content=blog&utm_campaign=SHOP062017_ZPRAVODAJ&spMailingID=54204044&spUserID=MTE4ODc5MjU5NTIzS0&spJobID=1180636090&spReportId=MTE4MDYzNjA5MAS2,https://eshop.tescoma.cz/revoluce-v-kuchyni-nadobi-do-mikrovlnne-trouby-purity-microwave?utm_source=shop-emailing&utm_medium=email&utm_content=blog&utm_campaign=SHOP062017_ZPRAVODAJ&spMailingID=54204044&spUserID=MTE4ODc5MjU5NTIzS0&spJobID=1180636090&spReportId=MTE4MDYzNjA5MAS2,1500392942,dezerty|hlavní jídla|svačiny a chuťovky,unread
https://eshop.tescoma.cz/5-receptu-na-osvezujici-domaci-koktejly?utm_source=shop-emailing&utm_medium=email&utm_content=vyrobnik-sycenych-napoju-mydrink-recepty&utm_campaign=SHOP062017_KKZ&spMailingID=54241907&spUserID=MTE4ODc5MjU5NTIzS0&spJobID=1181504409&spReportId=MTE4MTUwNDQwOQS2,https://eshop.tescoma.cz/5-receptu-na-osvezujici-domaci-koktejly?utm_source=shop-emailing&utm_medium=email&utm_content=vyrobnik-sycenych-napoju-mydrink-recepty&utm_campaign=SHOP062017_KKZ&spMailingID=54241907&spUserID=MTE4ODc5MjU5NTIzS0&spJobID=1181504409&spReportId=MTE4MTUwNDQwOQS2,1500392978,nápoje,unread
https://eshop.tescoma.cz/barvy-leta-ve-sklenicce?utm_source=shop-emailing&utm_medium=email&utm_content=recept-jahodovy-dzem&utm_campaign=SHOP062017_ZAVAROVANI&spMailingID=54344137&spUserID=MTE4ODc5MjU5NTIzS0&spJobID=1183952522&spReportId=MTE4Mzk1MjUyMgS2,https://eshop.tescoma.cz/barvy-leta-ve-sklenicce?utm_source=shop-emailing&utm_medium=email&utm_content=recept-jahodovy-dzem&utm_campaign=SHOP062017_ZAVAROVANI&spMailingID=54344137&spUserID=MTE4ODc5MjU5NTIzS0&spJobID=1183952522&spReportId=MTE4Mzk1MjUyMgS2,1500393013,"marmelády, zavařování|přílohy",unread
https://eshop.tescoma.cz/domaci-sirupy-bez-chemie?utm_source=shop-emailing&utm_medium=email&utm_content=clanek-sirupy&utm_campaign=SHOP072017_ZPRAVODAJ&spMailingID=54407128&spUserID=MTE4ODc5MjU5NTIzS0&spJobID=1200265448&spReportId=MTIwMDI2NTQ0OAS2,https://eshop.tescoma.cz/domaci-sirupy-bez-chemie?utm_source=shop-emailing&utm_medium=email&utm_content=clanek-sirupy&utm_campaign=SHOP072017_ZPRAVODAJ&spMailingID=54407128&spUserID=MTE4ODc5MjU5NTIzS0&spJobID=1200265448&spReportId=MTIwMDI2NTQ0OAS2,1500393052,nápoje,unread
https://www.vegetariantimes.com/recipes/red-beans-and-rice,https://www.vegetariantimes.com/recipes/red-beans-and-rice,1513597475,hlavní jídla,unread
https://blog.kaloricketabulky.cz/2017/07/tri-tipy-na-zdravou-a-rychlou-snidani-jez-obsahuje-vsechny-potrebne-makronutrienty/,https://blog.kaloricketabulky.cz/2017/07/tri-tipy-na-zdravou-a-rychlou-snidani-jez-obsahuje-vsechny-potrebne-makronutrienty/,1504875518,snídaně,unread
https://blog.kaloricketabulky.cz/2017/06/dobiti-energie-stravou-a-pohybem-v-prirode-ukazka-vyvazeneho-jidelnicku-na-jeden-den-vcetne-receptu/?utm_source=40086-KalorickeTabulky.cz&utm_medium=email&utm_term=1339945207&utm_content=kanov_vecere.jpg&utm_campaign=30_06_2017_voda-20170702,https://blog.kaloricketabulky.cz/2017/06/dobiti-energie-stravou-a-pohybem-v-prirode-ukazka-vyvazeneho-jidelnicku-na-jeden-den-vcetne-receptu/?utm_source=40086-KalorickeTabulky.cz&utm_medium=email&utm_term=1339945207&utm_content=kanov_vecere.jpg&utm_campaign=30_06_2017_voda-20170702,1500536349,hlavní jídla|saláty|snídaně,unread
http://www.sonnentor.cz/sonnentor_cz/e_shop/recepty/napoje_teple_i_studene/ledove_kurkuma_latte,http://www.sonnentor.cz/sonnentor_cz/e_shop/recepty/napoje_teple_i_studene/ledove_kurkuma_latte,1500900284,nápoje,unread
http://www.sonnentor.cz/sonnentor_cz/e_shop/recepty/vegetarianske_pokrmy_a_salaty/tofu_salat_s_klicky,http://www.sonnentor.cz/sonnentor_cz/e_shop/recepty/vegetarianske_pokrmy_a_salaty/tofu_salat_s_klicky,1500900297,saláty,unread
https://www.yogiapproved.com/yum/lemon-lavender-shortbread/,https://www.yogiapproved.com/yum/lemon-lavender-shortbread/,1503672331,dezerty,unread
https://www.mixit.cz/blog/livance_mixit?utm_source=20170724mango&utm_medium=News&utm_campaign=Newsletter,https://www.mixit.cz/blog/livance_mixit?utm_source=20170724mango&utm_medium=News&utm_campaign=Newsletter,1501672827,snídaně,unread
https://www.vegetariantimes.com/recipes/white-bean-bulgur-and-nectarine-salad,https://www.vegetariantimes.com/recipes/white-bean-bulgur-and-nectarine-salad,1515335735,saláty,unread
https://www.celostnimedicina.cz/jahly-jako-zaklad-mnoha-vytecnych-pokrmu.htm,https://www.celostnimedicina.cz/jahly-jako-zaklad-mnoha-vytecnych-pokrmu.htm,1505310553,dezerty|hlavní jídla|snídaně,unread
https://www.yogajournal.com/recipes/trail-mix-granola-bites,https://www.yogajournal.com/recipes/trail-mix-granola-bites,1535911200,svačiny a chuťovky,unread
https://www.vegetariantimes.com/recipes/korean-buckwheat-noodle-bowl,https://www.vegetariantimes.com/recipes/korean-buckwheat-noodle-bowl,1527152375,hlavní jídla,unread
https://www.yogajournal.com/lifestyle/3-buddha-bowl-recipes,https://www.yogajournal.com/lifestyle/3-buddha-bowl-recipes,1527152353,hlavní jídla,unread
https://www.mixit.cz/blog/smoothie-bowl?utm_source=20170731akce_malina&utm_medium=News&utm_campaign=Newsletter,https://www.mixit.cz/blog/smoothie-bowl?utm_source=20170731akce_malina&utm_medium=News&utm_campaign=Newsletter,1501672868,snídaně,unread
https://www.celostnimedicina.cz/vejce-jak-je-zname-i-nezname.htm,https://www.celostnimedicina.cz/vejce-jak-je-zname-i-nezname.htm,1505375173,pomazánky,unread
https://www.vegetariantimes.com/recipes/cocoa-dusted-glazed-almonds,https://www.vegetariantimes.com/recipes/cocoa-dusted-glazed-almonds,1513858683,dezerty|svačiny a chuťovky,unread
https://www.svet-zdravi.cz/recepty/dynova-pomazanka-s-chia-seminky-a-piniemi,https://www.svet-zdravi.cz/recepty/dynova-pomazanka-s-chia-seminky-a-piniemi,1510764468,pomazánky,unread
https://www.yogajournal.com/lifestyle/4-recipes-for-a-restful-nights-sleep,https://www.yogajournal.com/lifestyle/4-recipes-for-a-restful-nights-sleep,1526999612,hlavní jídla|saláty|snídaně,unread
https://www.yogiapproved.com/yum/dairy-free-nice-cream-recipe/,https://www.yogiapproved.com/yum/dairy-free-nice-cream-recipe/,1504387446,dezerty,unread
https://www.mamanatural.com/school-lunch-ideas/,https://www.mamanatural.com/school-lunch-ideas/,1628968210,děti,unread
https://eshop.tescoma.cz/smoothie-osvezujici-koktejl-i-zdrava-svacina,https://eshop.tescoma.cz/smoothie-osvezujici-koktejl-i-zdrava-svacina,1504861152,snídaně|svačiny a chuťovky,unread
https://eshop.tescoma.cz/5-cizokrajnych-receptu-ktere-hrave-zvladnete-i-doma,https://eshop.tescoma.cz/5-cizokrajnych-receptu-ktere-hrave-zvladnete-i-doma,1504861273,dezerty|hlavní jídla,unread
https://eshop.tescoma.cz/nekupujte-predrazene-maslo-a-vyrobte-si-ho-radeji-sami,https://eshop.tescoma.cz/nekupujte-predrazene-maslo-a-vyrobte-si-ho-radeji-sami,1504861408,pomazánky,unread
https://www.lifefood.cz/cz_cs/jemny-kremovy-ovocny-paj,https://www.lifefood.cz/cz_cs/jemny-kremovy-ovocny-paj,1505136197,dezerty,unread
https://www.yogajournal.com/lifestyle/3-delicious-dips-for-vegetarian-pescatarian-and-vegan,https://www.yogajournal.com/lifestyle/3-delicious-dips-for-vegetarian-pescatarian-and-vegan,1513433487,přílohy,unread
https://www.celostnimedicina.cz/pak-choi-alias-chutny-cinsky-mangold.htm,https://www.celostnimedicina.cz/pak-choi-alias-chutny-cinsky-mangold.htm,1505227281,přílohy,unread
https://www.celostnimedicina.cz/o-lecive-sile-cesneku.htm,https://www.celostnimedicina.cz/o-lecive-sile-cesneku.htm,1505289621,hlavní jídla,unread
https://www.prozdravi.cz/boruvkovo-bananova-zmrzlina/,https://www.prozdravi.cz/boruvkovo-bananova-zmrzlina/,1505300031,dezerty,unread
https://www.prozdravi.cz/lehce-pikantni-avokadova-pomazanka/,https://www.prozdravi.cz/lehce-pikantni-avokadova-pomazanka/,1505378816,pomazánky,unread
https://www.celostnimedicina.cz/jak-navysit-zelezo-stravou-u-anemickych-deti.htm,https://www.celostnimedicina.cz/jak-navysit-zelezo-stravou-u-anemickych-deti.htm,1505387541,dezerty,unread
https://www.celostnimedicina.cz/brambory-potravina-pro-kazdy-den.htm,https://www.celostnimedicina.cz/brambory-potravina-pro-kazdy-den.htm,1505391825,přílohy|saláty,unread
https://www.celostnimedicina.cz/naklicena-semena-ohromujici-sila-klicku.htm,https://www.celostnimedicina.cz/naklicena-semena-ohromujici-sila-klicku.htm,1505473008,snídaně,unread
https://www.prozdravi.cz/jahelnik-s-makem/,https://www.prozdravi.cz/jahelnik-s-makem/,1505492310,dezerty,unread
https://www.prozdravi.cz/barevne-jahloto-s-dusenou-cuketou/,https://www.prozdravi.cz/barevne-jahloto-s-dusenou-cuketou/,1505645884,hlavní jídla,unread
https://www.celostnimedicina.cz/lilkove-zavitky-s-pestem.htm,https://www.celostnimedicina.cz/lilkove-zavitky-s-pestem.htm,1505646990,svačiny a chuťovky,unread
https://www.vegetariantimes.com/recipes/edamame-fried-rice,https://www.vegetariantimes.com/recipes/edamame-fried-rice,1526999667,hlavní jídla,unread
https://www.mixit.cz/blog/kiwi_nanuk,https://www.mixit.cz/blog/kiwi_nanuk,1505901648,dezerty,unread
https://www.celostnimedicina.cz/pryc-se-sacharidy-ale-co-dal.htm,https://www.celostnimedicina.cz/pryc-se-sacharidy-ale-co-dal.htm,1509819509,svačiny a chuťovky,unread
https://www.yogajournal.com/lifestyle/the-yogis-guide-to-getting-closer-to-a-zero-waste-kitchen,https://www.yogajournal.com/lifestyle/the-yogis-guide-to-getting-closer-to-a-zero-waste-kitchen,1513262449,dezerty|hlavní jídla,unread
https://www.vegetariantimes.com/recipes/holiday-seitan-roast,https://www.vegetariantimes.com/recipes/holiday-seitan-roast,1515059593,hlavní jídla,unread
https://www.celostnimedicina.cz/prebornici-bez-lepku-jahly.htm,https://www.celostnimedicina.cz/prebornici-bez-lepku-jahly.htm,1509830959,hlavní jídla,unread
Thai Meatballs,https://lexiscleankitchen.com/thai-meatballs/,1609078137,hlavní jídla,unread
Gluten-Free Chicken Nuggets,https://lexiscleankitchen.com/zesty-chicken-bites/,1631108421,hlavní jídla,unread
https://www.celostnimedicina.cz/prebornici-bez-lepku-pohanka.htm,https://www.celostnimedicina.cz/prebornici-bez-lepku-pohanka.htm,1509832405,snídaně,unread
Meatball and Veggie Soup,https://lexiscleankitchen.com/meatball-and-veggie-soup/,1617625599,polévky,unread
https://www.celostnimedicina.cz/prebornici-bez-lepku-quinoa.htm,https://www.celostnimedicina.cz/prebornici-bez-lepku-quinoa.htm,1509880294,hlavní jídla,unread
https://www.vegetariantimes.com/recipes/blue-cheese-stuffed-dates,https://www.vegetariantimes.com/recipes/blue-cheese-stuffed-dates,1513079702,svačiny a chuťovky,unread
Gluten-Free Cranberry Apple Crisp,https://lexiscleankitchen.com/grain-free-cranberry-apple-crisp/,1666191800,dezerty,unread
https://eshop.tescoma.cz/halloweenske-priserky-s-dynovym-maslem,https://eshop.tescoma.cz/halloweenske-priserky-s-dynovym-maslem,1509623951,dezerty|pomazánky,unread
https://www.vegetariantimes.com/recipes/roasted-brussels-sprouts-skewers-with-lemon-thyme-dipping-sauce,https://www.vegetariantimes.com/recipes/roasted-brussels-sprouts-skewers-with-lemon-thyme-dipping-sauce,1513698966,přílohy|svačiny a chuťovky,unread
https://blog.kaloricketabulky.cz/2017/10/mary-ausova-diky-upravam-ve-strave-jsem-mela-na-soutezi-photogirl-lepsi-postavu-nez-o-generaci-mladsi-ucastnice/,https://blog.kaloricketabulky.cz/2017/10/mary-ausova-diky-upravam-ve-strave-jsem-mela-na-soutezi-photogirl-lepsi-postavu-nez-o-generaci-mladsi-ucastnice/,1509464726,dezerty|snídaně,unread
https://eshop.tescoma.cz/stavnate-makove-naplne,https://eshop.tescoma.cz/stavnate-makove-naplne,1509623848,přílohy,unread
https://www.yogajournal.com/lifestyle/elena-browers-go-to-meal-for-comforting-nourishment,https://www.yogajournal.com/lifestyle/elena-browers-go-to-meal-for-comforting-nourishment,1513597527,hlavní jídla,unread
https://www.celostnimedicina.cz/zazvor-recept-na-zazvorove-susenky.htm,https://www.celostnimedicina.cz/zazvor-recept-na-zazvorove-susenky.htm,1509817325,dezerty,unread
https://www.celostnimedicina.cz/mochyne-peruanska-physalis-peruviana.htm,https://www.celostnimedicina.cz/mochyne-peruanska-physalis-peruviana.htm,1509817675,saláty,unread
https://www.prozdravi.cz/cuketovy-chleb/,https://www.prozdravi.cz/cuketovy-chleb/,1509820504,pečivo,unread
https://www.prozdravi.cz/sladky-zakusek-z-cervene-repy/,https://www.prozdravi.cz/sladky-zakusek-z-cervene-repy/,1509831222,dezerty,unread
https://www.celostnimedicina.cz/detske-prikrmy-snadno-a-rychle.htm,https://www.celostnimedicina.cz/detske-prikrmy-snadno-a-rychle.htm,1509831436,děti,unread
https://www.prozdravi.cz/grilovany-losos-s-porkem-brokolici-a-proteinovymi-testovinami/,https://www.prozdravi.cz/grilovany-losos-s-porkem-brokolici-a-proteinovymi-testovinami/,1509833083,hlavní jídla,unread
https://www.prozdravi.cz/fazolove-brownies-s-cokoladou/,https://www.prozdravi.cz/fazolove-brownies-s-cokoladou/,1509881226,dezerty,unread
https://www.celostnimedicina.cz/houbova-polevka-s-pohankou.htm,https://www.celostnimedicina.cz/houbova-polevka-s-pohankou.htm,1509882416,polévky,unread
https://www.celostnimedicina.cz/granatove-jablko-ovoce-vytecnych-vlastnosti.htm,https://www.celostnimedicina.cz/granatove-jablko-ovoce-vytecnych-vlastnosti.htm,1519210441,snídaně,unread
https://www.lifefood.cz/cz_cs/salat-z-marinovane-dyne,https://www.lifefood.cz/cz_cs/salat-z-marinovane-dyne,1510068792,saláty,unread
https://www.lifefood.cz/cz_cs/cukiny-tonnareli-s-houbami-a-makem,https://www.lifefood.cz/cz_cs/cukiny-tonnareli-s-houbami-a-makem,1510068803,hlavní jídla,unread
https://www.mixit.cz/blog/svestkova_kase,https://www.mixit.cz/blog/svestkova_kase,1510230009,snídaně,unread
https://www.svet-zdravi.cz/recepty/dynove-hranolky,https://www.svet-zdravi.cz/recepty/dynove-hranolky,1510764455,přílohy,unread
https://www.svet-zdravi.cz/recepty/pecena-dyne-s-kroupami-a-baby-spenatem,https://www.svet-zdravi.cz/recepty/pecena-dyne-s-kroupami-a-baby-spenatem,1510764477,hlavní jídla,unread
https://www.vegetariantimes.com/recipes/mango-avocado-rolls,https://www.vegetariantimes.com/recipes/mango-avocado-rolls,1513433561,hlavní jídla|svačiny a chuťovky,unread
https://draxe.com/recipe/giblet-gravy/,https://draxe.com/recipe/giblet-gravy/,1516893598,přílohy,unread
https://www.celostnimedicina.cz/jde-to-i-bez-lepku.htm,https://www.celostnimedicina.cz/jde-to-i-bez-lepku.htm,1519294963,pečivo|přílohy,unread
https://www.yogajournal.com/lifestyle/3-cruciferous-vegetables-add-winter-diet,https://www.yogajournal.com/lifestyle/3-cruciferous-vegetables-add-winter-diet,1513597455,přílohy|saláty,unread
https://www.yogajournal.com/lifestyle/noah-maze-cream-scones-with-lemon-curd-recipe,https://www.yogajournal.com/lifestyle/noah-maze-cream-scones-with-lemon-curd-recipe,1513595649,snídaně,unread
https://blog.kaloricketabulky.cz/2017/11/jak-usetrit-kalorie-o-vanocich-recepty-na-dobre-a-zaroven-zdrave-chutovky-pro-svatecni-chvile/,https://blog.kaloricketabulky.cz/2017/11/jak-usetrit-kalorie-o-vanocich-recepty-na-dobre-a-zaroven-zdrave-chutovky-pro-svatecni-chvile/,1519055951,pomazánky|svačiny a chuťovky,unread
https://www.vegetariantimes.com/recipes/thanksgiving-pot-pie,https://www.vegetariantimes.com/recipes/thanksgiving-pot-pie,1513698944,hlavní jídla,unread
https://draxe.com/recipe/paleo-flour-blend/,https://draxe.com/recipe/paleo-flour-blend/,1518776070,pečivo,unread
Gluten Free Potato Latkes,https://lexiscleankitchen.com/gluten-free-classic-potato-latkes/,1638453323,přílohy,unread
https://www.yogajournal.com/lifestyle/sesame-cabbage-salad-with-salmon-to-build-strong-bones,https://www.yogajournal.com/lifestyle/sesame-cabbage-salad-with-salmon-to-build-strong-bones,1530199059,saláty,unread
https://www.vegetariantimes.com/recipes/harvest-corn-custards,https://www.vegetariantimes.com/recipes/harvest-corn-custards,1512564214,dezerty,unread
https://www.vegetariantimes.com/recipes/candied-ginger-pumpkin-pie,https://www.vegetariantimes.com/recipes/candied-ginger-pumpkin-pie,1512564242,dezerty,unread
https://www.vegetariantimes.com/recipes/quick-braised-broccoli-with-sun-dried-tomatoes-and-goat-cheese,https://www.vegetariantimes.com/recipes/quick-braised-broccoli-with-sun-dried-tomatoes-and-goat-cheese,1515335634,hlavní jídla,unread
https://www.yogajournal.com/lifestyle/healthy-hot-cocoa-tips,https://www.yogajournal.com/lifestyle/healthy-hot-cocoa-tips,1513858627,nápoje,unread
https://blog.kaloricketabulky.cz/2017/12/recepty-na-chutne-vanocni-cukrovi-aneb-i-bez-masla-a-ztuzenych-rostlinnych-tuku-to-jde/,https://blog.kaloricketabulky.cz/2017/12/recepty-na-chutne-vanocni-cukrovi-aneb-i-bez-masla-a-ztuzenych-rostlinnych-tuku-to-jde/,1519056002,cukroví|vánoce,unread
Black Bean Pumpkin Burgers,https://www.eatingbirdfood.com/curried-pumpkin-black-bean-burgers/,1633698098,hlavní jídla,unread
https://www.yogajournal.com/lifestyle/3-sweet-alternatives-lower-sugar-intake,https://www.yogajournal.com/lifestyle/3-sweet-alternatives-lower-sugar-intake,1528888846,nápoje|snídaně,unread
https://www.vegetariantimes.com/recipes/caramelized-onion-tart,https://www.vegetariantimes.com/recipes/caramelized-onion-tart,1513079683,hlavní jídla,unread
https://www.vegetariantimes.com/recipes/split-pea-fennel-and-spinach-soup,https://www.vegetariantimes.com/recipes/split-pea-fennel-and-spinach-soup,1513262502,polévky,unread
https://www.vegetariantimes.com/recipes/ultimate-veggie-fried-rice,https://www.vegetariantimes.com/recipes/ultimate-veggie-fried-rice,1513262483,hlavní jídla,unread
https://www.vegetariantimes.com/recipes/stealth-health-mac-and-cheese,https://www.vegetariantimes.com/recipes/stealth-health-mac-and-cheese,1513953302,hlavní jídla,unread
https://www.vegetariantimes.com/recipes/creamy-barley-butternut-risotto,https://www.vegetariantimes.com/recipes/creamy-barley-butternut-risotto,1513953290,hlavní jídla,unread
https://www.vegetariantimes.com/recipes/mushroom-basket-appetizers,https://www.vegetariantimes.com/recipes/mushroom-basket-appetizers,1513433618,svačiny a chuťovky,unread
https://www.vegetariantimes.com/recipes/shaved-fennel-and-apple-salad,https://www.vegetariantimes.com/recipes/shaved-fennel-and-apple-salad,1513597495,saláty,unread
https://www.vegetariantimes.com/recipes/holiday-bread-cornucopia,https://www.vegetariantimes.com/recipes/holiday-bread-cornucopia,1514987973,pečivo,unread
https://www.vegetariantimes.com/recipes/mini-moon-pies,https://www.vegetariantimes.com/recipes/mini-moon-pies,1513858660,dezerty,unread
https://www.vegetariantimes.com/recipes/holiday-gravy,https://www.vegetariantimes.com/recipes/holiday-gravy,1514987946,přílohy,unread
https://www.vegetariantimes.com/recipes/holiday-vegetable-latkes,https://www.vegetariantimes.com/recipes/holiday-vegetable-latkes,1515059617,hlavní jídla,unread
https://www.vegetariantimes.com/recipes/banana-maple-cashew-pudding,https://www.vegetariantimes.com/recipes/banana-maple-cashew-pudding,1528112648,dezerty,unread
Sriracha Lime Grilled Chicken Salad,https://lexiscleankitchen.com/sriracha-lime-chicken-chopped-salad/,1658150461,saláty,unread
https://www.vegetariantimes.com/recipes/brown-sugar-cinnamon-popcorn,https://www.vegetariantimes.com/recipes/brown-sugar-cinnamon-popcorn,1527509733,svačiny a chuťovky,unread
https://www.yogajournal.com/lifestyle/healing-slow-cooker-recipes-to-detox-and-rebalance,https://www.yogajournal.com/lifestyle/healing-slow-cooker-recipes-to-detox-and-rebalance,1528468937,dezerty|hlavní jídla|polévky,unread
https://draxe.com/recipe/buddha-bowl/,https://draxe.com/recipe/buddha-bowl/,1518623306,hlavní jídla,unread
https://www.celostnimedicina.cz/acai-jak-chutna-a-voni-amazonsky-prales.htm,https://www.celostnimedicina.cz/acai-jak-chutna-a-voni-amazonsky-prales.htm,1519496074,kosmetika|přílohy|saláty,unread
https://www.vegetariantimes.com/recipes/asian-style-snack-mix,https://www.vegetariantimes.com/recipes/asian-style-snack-mix,1527509706,svačiny a chuťovky,unread
https://www.celostnimedicina.cz/dobroty-pro-nase-ledviny.htm,https://www.celostnimedicina.cz/dobroty-pro-nase-ledviny.htm,1519496912,dezerty|přílohy|saláty,unread
https://www.thebewitchinkitchen.com/turkey-vegetable-healing-soup/,https://www.thebewitchinkitchen.com/turkey-vegetable-healing-soup/,1517231360,polévky,unread
http://jeanetteshealthyliving.com/turkey-soba-noodle-soup/,http://jeanetteshealthyliving.com/turkey-soba-noodle-soup/,1517231370,polévky,unread
https://kalynskitchen.com/recipe-for-coconut-lime-turkey-or/,https://kalynskitchen.com/recipe-for-coconut-lime-turkey-or/,1517231379,polévky,unread
http://www.winemag.com/gallery/11-recipes-for-thanksgiving-leftovers/#gallery-carousel-8,http://www.winemag.com/gallery/11-recipes-for-thanksgiving-leftovers/#gallery-carousel-8,1517231424,hlavní jídla,unread
https://fitfoodiefinds.com/gluten-free-tuscan-turkey-white-bean-soup-cornbread-croutons//,https://fitfoodiefinds.com/gluten-free-tuscan-turkey-white-bean-soup-cornbread-croutons//,1517231491,polévky,unread
https://cupcakesandkalechips.com/autumn-turkey-apple-salads-wraps-weekdaysupper-familydinnertable/,https://cupcakesandkalechips.com/autumn-turkey-apple-salads-wraps-weekdaysupper-familydinnertable/,1517231558,saláty,unread
https://thelemonbowl.com/southwest-chicken-lettuce-cups/,https://thelemonbowl.com/southwest-chicken-lettuce-cups/,1517231575,hlavní jídla,unread
https://www.runningtothekitchen.com/open-faced-turkey-cranberry-enchilada-melt/,https://www.runningtothekitchen.com/open-faced-turkey-cranberry-enchilada-melt/,1517231639,hlavní jídla,unread
http://userealbutter.com/2011/11/24/turkey-cranberry-green-chile-sandwich-recipe/,http://userealbutter.com/2011/11/24/turkey-cranberry-green-chile-sandwich-recipe/,1517231665,hlavní jídla,unread
https://thehealthyfoodie.com/turkey-stuffed-carnival-squash/,https://thehealthyfoodie.com/turkey-stuffed-carnival-squash/,1517233831,hlavní jídla,unread
https://dinnersdishesanddesserts.com/turkey-avocado-enchiladas/#2v5Qi8fU6yrTt2Al.32,https://dinnersdishesanddesserts.com/turkey-avocado-enchiladas/#2v5Qi8fU6yrTt2Al.32,1517233854,hlavní jídla,unread
https://www.keyingredient.com/recipes/64078824/thanksgiving-leftovers-eggs-benedict/,https://www.keyingredient.com/recipes/64078824/thanksgiving-leftovers-eggs-benedict/,1517233896,snídaně,unread
https://blog.myfitnesspal.com/5-egg-dishes-ready-in-less-than-10-minutes/,https://blog.myfitnesspal.com/5-egg-dishes-ready-in-less-than-10-minutes/,1537998172,snídaně,unread
https://www.yogajournal.com/recipes/kale-and-quinoa-salad-with-crisp-celery-plumped-cranberries-and-lemon-dressing,https://www.yogajournal.com/recipes/kale-and-quinoa-salad-with-crisp-celery-plumped-cranberries-and-lemon-dressing,1535109787,saláty,unread
https://www.celostnimedicina.cz/stravovani-podle-principu-vychodu-tradicni-cinska-medicina.htm,https://www.celostnimedicina.cz/stravovani-podle-principu-vychodu-tradicni-cinska-medicina.htm,1519500538,polévky|snídaně,unread
https://www.celostnimedicina.cz/koprova-nat-vonavy-zaklad-kuchyne.htm,https://www.celostnimedicina.cz/koprova-nat-vonavy-zaklad-kuchyne.htm,1519498522,nápoje|přílohy|saláty,unread
https://www.vegetariantimes.com/recipes/persimmon-avocado-caprese,https://www.vegetariantimes.com/recipes/persimmon-avocado-caprese,1528112640,saláty,unread
https://fitfoodiefinds.com/superfood-enchilada-dip//,https://fitfoodiefinds.com/superfood-enchilada-dip//,1518888090,svačiny a chuťovky,unread
https://eshop.tescoma.cz/domaci-sunka-ale-i-srnci-terina-pustte-se-do-vareni-v-sunkovaru-,https://eshop.tescoma.cz/domaci-sunka-ale-i-srnci-terina-pustte-se-do-vareni-v-sunkovaru-,1519204758,svačiny a chuťovky,unread
https://www.celostnimedicina.cz/napadity-adventni-kalendar-pro-deti.htm,https://www.celostnimedicina.cz/napadity-adventni-kalendar-pro-deti.htm,1519290033,děti|dezerty,unread
https://www.celostnimedicina.cz/zelnacka-se-susenymi-svestkami.htm,https://www.celostnimedicina.cz/zelnacka-se-susenymi-svestkami.htm,1519309945,polévky,unread
https://www.celostnimedicina.cz/fenykl-obecny-blahodarna-bylinka-se-sirokym-spektrem-vyuziti.htm,https://www.celostnimedicina.cz/fenykl-obecny-blahodarna-bylinka-se-sirokym-spektrem-vyuziti.htm,1519477704,hlavní jídla|nápoje,unread
https://www.celostnimedicina.cz/rozinky-prirodni-cukratka.htm,https://www.celostnimedicina.cz/rozinky-prirodni-cukratka.htm,1519481401,"dezerty|marmelády, zavařování|svačiny a chuťovky",unread
https://www.celostnimedicina.cz/aby-nas-lusteniny-nenadymaly.htm,https://www.celostnimedicina.cz/aby-nas-lusteniny-nenadymaly.htm,1549975859,hlavní jídla,unread
https://www.yogajournal.com/lifestyle/kathryn-budigs-vegan-blt-recipe,https://www.yogajournal.com/lifestyle/kathryn-budigs-vegan-blt-recipe,1528357960,hlavní jídla,unread
https://www.celostnimedicina.cz/oriskove-semifreddo.htm,https://www.celostnimedicina.cz/oriskove-semifreddo.htm,1549980744,dezerty,unread
Thai-Inspired Chopped Chicken Salad in Mason Jars,https://lexiscleankitchen.com/thai-chopped-chicken-mason-jar-salad-with-chili-vinaigrette/,1623073110,saláty,unread
The Easiest Chopped Greek Chickpea Salad,https://www.ambitiouskitchen.com/the-easiest-chopped-chickpea-greek-salad/,1652876860,saláty,unread
Chicken Buddha Bowl with Spicy Mango Sauce,https://lexiscleankitchen.com/roasted-chicken-buddha-bowl-with-spicy-mango-sauce/,1611582577,hlavní jídla,unread
No Bake Chocolate Peanut Butter Protein Bars,https://www.ambitiouskitchen.com/peanut-butter-cup-protein-bars/,1661954585,svačiny a chuťovky,unread
https://www.celostnimedicina.cz/vazivova-tkan-a-kyselina-kremicita-aneb-jak-se-citit-opet-fit-i.htm,https://www.celostnimedicina.cz/vazivova-tkan-a-kyselina-kremicita-aneb-jak-se-citit-opet-fit-i.htm,1550056752,nápoje|přílohy,unread
Caprese Pesto Pasta Salad,https://lexiscleankitchen.com/caprese-pesto-pasta-salad/,1627042003,hlavní jídla|saláty,unread
https://www.celostnimedicina.cz/stravovani-podle-principu-vychodu-ajurveda.htm,https://www.celostnimedicina.cz/stravovani-podle-principu-vychodu-ajurveda.htm,1550075807,svačiny a chuťovky,unread
https://www.lifefood.cz/cz_cs/rozplyvajici-se-cokoladove-truffles,https://www.lifefood.cz/cz_cs/rozplyvajici-se-cokoladove-truffles,1520943251,dezerty,unread
https://www.lifefood.cz/cz_cs/sametova-omacka-z-topinambur-a-spenatu,https://www.lifefood.cz/cz_cs/sametova-omacka-z-topinambur-a-spenatu,1520943261,hlavní jídla,unread
https://www.lifefood.cz/cz_cs/aperitiv-rejuvelak-koktejl-s-chipsy,https://www.lifefood.cz/cz_cs/aperitiv-rejuvelak-koktejl-s-chipsy,1520943272,nápoje,unread
https://www.lifefood.cz/cz_cs/salat-z-cervene-repy,https://www.lifefood.cz/cz_cs/salat-z-cervene-repy,1520943280,saláty,unread
https://www.lifefood.cz/cz_cs/osvezujici-smoothie-se-spirulinou-a-kapii,https://www.lifefood.cz/cz_cs/osvezujici-smoothie-se-spirulinou-a-kapii,1520943332,nápoje,unread
https://www.yogajournal.com/lifestyle/sadie-nardinis-glazed-matcha-donuts-recipe,https://www.yogajournal.com/lifestyle/sadie-nardinis-glazed-matcha-donuts-recipe,1531993773,dezerty,unread
Gluten-Free Spring Veggie Quiche,https://lexiscleankitchen.com/spring-vegetable-quiche/,1621858762,#chřestová sezóna|hlavní jídla|snídaně,unread
https://wellnessmama.com/19458/cajun-seasoning,https://wellnessmama.com/19458/cajun-seasoning,1539782476,koření,unread
https://www.celostnimedicina.cz/vejce-jako-kompletni-potravina.htm,https://www.celostnimedicina.cz/vejce-jako-kompletni-potravina.htm,1550240087,dezerty|hlavní jídla|polévky|saláty,unread
https://blog.myfitnesspal.com/scrambled-egg-breakfast-jar-recipe/,https://blog.myfitnesspal.com/scrambled-egg-breakfast-jar-recipe/,1537998063,snídaně,unread
https://www.yogajournal.com/yoga-101/kundalini-yoga-golden-milk-recipe,https://www.yogajournal.com/yoga-101/kundalini-yoga-golden-milk-recipe,1530176695,nápoje,unread
https://www.celostnimedicina.cz/cervena-repa-opomijena-studnice-zdravi.htm,https://www.celostnimedicina.cz/cervena-repa-opomijena-studnice-zdravi.htm,1550566831,pomazánky,unread
https://www.eccevita.cz/221-kurkumove_bezlepkove_palacinky_s_bylinkovym_dzemem,https://www.eccevita.cz/221-kurkumove_bezlepkove_palacinky_s_bylinkovym_dzemem,1536586884,snídaně,unread
https://www.yogajournal.com/recipes/outrageous-herbaceous-chickpea-salad,https://www.yogajournal.com/recipes/outrageous-herbaceous-chickpea-salad,1531993811,saláty,unread
Salad Roll-Ups (No Cooking Appetizer!),https://lexiscleankitchen.com/salad-roll-ups/,1626097471,svačiny a chuťovky,unread
https://blog.myfitnesspal.com/watch/veggie-pizza-omelette/,https://blog.myfitnesspal.com/watch/veggie-pizza-omelette/,1537998159,snídaně,unread
https://www.yogiapproved.com/yum/vegan-mac-and-cheese/,https://www.yogiapproved.com/yum/vegan-mac-and-cheese/,1526022784,hlavní jídla,unread
https://www.celostnimedicina.cz/zahrady-a-louky-jsou-plne-bylin-sbirejme.htm,https://www.celostnimedicina.cz/zahrady-a-louky-jsou-plne-bylin-sbirejme.htm,1550663157,nápoje,unread
https://wellnessmama.com/347050/keto-meal-plan/,https://wellnessmama.com/347050/keto-meal-plan/,1539268049,hlavní jídla|snídaně,unread
https://www.celostnimedicina.cz/seminka-orechy-a-maslicka-z-nich.htm,https://www.celostnimedicina.cz/seminka-orechy-a-maslicka-z-nich.htm,1550667685,koření|nápoje|přílohy|svačiny a chuťovky,unread
https://www.vegetariantimes.com/recipes/hungarian-cold-cherry-soup,https://www.vegetariantimes.com/recipes/hungarian-cold-cherry-soup,1526999653,polévky,unread
https://wellnessmama.com/367622/calendula-tea,https://wellnessmama.com/367622/calendula-tea,1539348317,nápoje,unread
https://blog.myfitnesspal.com/how-overnight-oats-changed-my-life-or-at-least-my-mornings/,https://blog.myfitnesspal.com/how-overnight-oats-changed-my-life-or-at-least-my-mornings/,1537780683,snídaně,unread
https://blog.myfitnesspal.com/10-meal-sized-salads-under-500-calories/,https://blog.myfitnesspal.com/10-meal-sized-salads-under-500-calories/,1536935460,saláty,unread
https://wellnessmama.com/3628/sugar-scrub,https://wellnessmama.com/3628/sugar-scrub,1539782459,kosmetika,unread
https://www.yogajournal.com/lifestyle/5-yogis-share-cooking-secrets,https://www.yogajournal.com/lifestyle/5-yogis-share-cooking-secrets,1535911169,hlavní jídla,unread
https://www.celostnimedicina.cz/svata-hildegarda-a-jeji-lecebne-metody.htm,https://www.celostnimedicina.cz/svata-hildegarda-a-jeji-lecebne-metody.htm,1550741411,nápoje,unread
https://www.vegetariantimes.com/recipes/herb-salad-with-almond-vinaigrette,https://www.vegetariantimes.com/recipes/herb-salad-with-almond-vinaigrette,1527684806,saláty,unread
https://www.vegetariantimes.com/recipes/steaming-miso-soup-with-vegetables,https://www.vegetariantimes.com/recipes/steaming-miso-soup-with-vegetables,1527684816,polévky,unread
https://www.vegetariantimes.com/recipes/tomato-risotto-with-pine-nuts,https://www.vegetariantimes.com/recipes/tomato-risotto-with-pine-nuts,1527771966,hlavní jídla,unread
https://blog.myfitnesspal.com/cauliflower-crusted-spinach-feta-pie/,https://blog.myfitnesspal.com/cauliflower-crusted-spinach-feta-pie/,1537998134,hlavní jídla,unread
https://www.celostnimedicina.cz/vyziva-podle-krevnich-skupin.htm,https://www.celostnimedicina.cz/vyziva-podle-krevnich-skupin.htm,1550589262,hlavní jídla|saláty,unread
https://wellnessmama.com/368189/mens-deodorant,https://wellnessmama.com/368189/mens-deodorant,1539762057,kosmetika,unread
https://www.yogajournal.com/lifestyle/how-a-sattvic-pure-diet-brings-you-into-balance,https://www.yogajournal.com/lifestyle/how-a-sattvic-pure-diet-brings-you-into-balance,1533128025,saláty|snídaně,unread
https://wellnessmama.com/326362/french-onion-dip,https://wellnessmama.com/326362/french-onion-dip,1539782518,přílohy|svačiny a chuťovky,unread
https://www.celostnimedicina.cz/angrest-uzasny-poklad-mnohych-zahrad.htm,https://www.celostnimedicina.cz/angrest-uzasny-poklad-mnohych-zahrad.htm,1550839331,dezerty|nápoje,unread
17 Gluten-Free Appetizers for Summer Cookouts,https://greatist.com/eat/gluten-free-appetizers,1630595319,svačiny a chuťovky,unread
https://www.yogajournal.com/lifestyle/how-to-use-ayurveda-to-get-healthier-every-time-you-eat,https://www.yogajournal.com/lifestyle/how-to-use-ayurveda-to-get-healthier-every-time-you-eat,1534146260,nápoje,unread
https://www.yogajournal.com/recipes/spring-lasagna-rolls,https://www.yogajournal.com/recipes/spring-lasagna-rolls,1529679132,hlavní jídla,unread
https://omstars.com/blog/plant-based-recipes/almond-crusted-avocado-crispies,https://omstars.com/blog/plant-based-recipes/almond-crusted-avocado-crispies,1542699363,svačiny a chuťovky,unread
https://www.yogajournal.com/lifestyle/3-picnic-lunch-pasta-salad-recipes,https://www.yogajournal.com/lifestyle/3-picnic-lunch-pasta-salad-recipes,1534848638,saláty,unread
https://wellnessmama.com/377407/blt-salad,https://wellnessmama.com/377407/blt-salad,1540457540,saláty,unread
https://www.yogajournal.com/lifestyle/kathryn-budigs-easy-recipe-for-coconut-almond-butter-pancakes,https://www.yogajournal.com/lifestyle/kathryn-budigs-easy-recipe-for-coconut-almond-butter-pancakes,1535704424,snídaně,unread
https://www.celostnimedicina.cz/slzovka-a-jeji-lecebne-ucinky.htm,https://www.celostnimedicina.cz/slzovka-a-jeji-lecebne-ucinky.htm,1551630033,hlavní jídla|pomazánky,unread
https://www.yogajournal.com/recipes/tropical-raspberry-popsicles,https://www.yogajournal.com/recipes/tropical-raspberry-popsicles,1533030600,dezerty,unread
https://blog.myfitnesspal.com/healthy-whole-grain-and-seed-pancakes/,https://blog.myfitnesspal.com/healthy-whole-grain-and-seed-pancakes/,1537998149,snídaně,unread
https://www.sonnentor.com/cs-cz/recepty-a-tipy/rady-a-tipy/kecupy-a-dalsi-dobroty-jedine-domaci?utm_source=mailworx&utm_medium=email&utm_content=domaci-kecup-link&utm_campaign=srpen02+-+140818+-+created%3a+20180810+-+sent%3a+20180814&utm_term=n%2fa,https://www.sonnentor.com/cs-cz/recepty-a-tipy/rady-a-tipy/kecupy-a-dalsi-dobroty-jedine-domaci?utm_source=mailworx&utm_medium=email&utm_content=domaci-kecup-link&utm_campaign=srpen02+-+140818+-+created%3a+20180810+-+sent%3a+20180814&utm_term=n%2fa,1538164744,"marmelády, zavařování|přílohy|saláty",unread
https://www.yogajournal.com/recipes/raspberry-and-red-currant-salad-with-whipped-ricotta-lemon-curd-and-ginger-crumbs,https://www.yogajournal.com/recipes/raspberry-and-red-currant-salad-with-whipped-ricotta-lemon-curd-and-ginger-crumbs,1534848690,saláty,unread
https://www.yogiapproved.com/yum/vegan-protein-shake-recipe/,https://www.yogiapproved.com/yum/vegan-protein-shake-recipe/,1628537498,snídaně,unread
https://www.prozdravi.cz/kedlubnovy-salat-s-koprem/,https://www.prozdravi.cz/kedlubnovy-salat-s-koprem/,1536500735,saláty,unread
https://www.prozdravi.cz/jarni-brokolicova-polevka/,https://www.prozdravi.cz/jarni-brokolicova-polevka/,1536500822,polévky,unread
https://www.prozdravi.cz/detox-smoothie/,https://www.prozdravi.cz/detox-smoothie/,1536500927,snídaně,unread
https://www.prozdravi.cz/boruvkovy-crumble/,https://www.prozdravi.cz/boruvkovy-crumble/,1536500992,snídaně,unread
https://www.prozdravi.cz/vegan-kari-s-pecenou-zeleninou/,https://www.prozdravi.cz/vegan-kari-s-pecenou-zeleninou/,1536501117,hlavní jídla,unread
https://www.prozdravi.cz/domaci-granola/,https://www.prozdravi.cz/domaci-granola/,1536501204,snídaně,unread
https://www.prozdravi.cz/kure-teriyaki,https://www.prozdravi.cz/kure-teriyaki,1536501293,hlavní jídla,unread
https://www.prozdravi.cz/chrestovy-krem/,https://www.prozdravi.cz/chrestovy-krem/,1536501340,polévky,unread
https://www.prozdravi.cz/bananovy-chleb/,https://www.prozdravi.cz/bananovy-chleb/,1536501405,dezerty,unread
https://www.prozdravi.cz/ledovy-caj-s-broskvi/,https://www.prozdravi.cz/ledovy-caj-s-broskvi/,1536501429,nápoje,unread
https://www.prozdravi.cz/matove-osvezeni-s-brusinkami/,https://www.prozdravi.cz/matove-osvezeni-s-brusinkami/,1536501447,nápoje,unread
https://www.prozdravi.cz/matcha-chia-pudink/,https://www.prozdravi.cz/matcha-chia-pudink/,1536501523,dezerty,unread
https://www.prozdravi.cz/raw-smoothie-bowl/,https://www.prozdravi.cz/raw-smoothie-bowl/,1536501757,snídaně,unread
https://www.prozdravi.cz/polevka-ze-susenych-hub/,https://www.prozdravi.cz/polevka-ze-susenych-hub/,1536502043,polévky,unread
https://www.prozdravi.cz/chia-rybizovy-dzem/,https://www.prozdravi.cz/chia-rybizovy-dzem/,1536502151,"marmelády, zavařování",unread
https://www.prozdravi.cz/pohankove-musli/,https://www.prozdravi.cz/pohankove-musli/,1536502347,snídaně,unread
https://www.eccevita.cz/219-recept%3a_losos_obaleny_v_zelenem_caji_a_sezamu,https://www.eccevita.cz/219-recept%3a_losos_obaleny_v_zelenem_caji_a_sezamu,1536593008,hlavní jídla,unread
https://www.eccevita.cz/225-10_duvodu_proc_se_vam_nedari_zhubnout,https://www.eccevita.cz/225-10_duvodu_proc_se_vam_nedari_zhubnout,1536655423,nápoje,unread
https://www.eccevita.cz/226-avokadovy_salat_s_quinoou_a_hrachem_mung_dal,https://www.eccevita.cz/226-avokadovy_salat_s_quinoou_a_hrachem_mung_dal,1536655479,saláty,unread
https://www.eccevita.cz/227-kakaove_kulicky_s_macou,https://www.eccevita.cz/227-kakaove_kulicky_s_macou,1536655523,dezerty,unread
https://www.eccevita.cz/229-zdrave_a_osvezujici_ledove_caje_s_posvatnou_bazalkou,https://www.eccevita.cz/229-zdrave_a_osvezujici_ledove_caje_s_posvatnou_bazalkou,1536655560,nápoje,unread
https://eccevita.cz/235-jednoduche_seminkove_krekry_bez_lepku,https://eccevita.cz/235-jednoduche_seminkove_krekry_bez_lepku,1536661371,svačiny a chuťovky,unread
https://www.sonnentor.com/cs-cz/recepty-a-tipy/recepty/recepty/cokoladova-pena-s-kardamomem?utm_source=mailworx&utm_medium=email&utm_content=link_cokoladova_pena_kardamom&utm_campaign=leden+2018+-+latte+-+created%3a+20180131+-+sent%3a+20180206&utm_term=n%2fa,https://www.sonnentor.com/cs-cz/recepty-a-tipy/recepty/recepty/cokoladova-pena-s-kardamomem?utm_source=mailworx&utm_medium=email&utm_content=link_cokoladova_pena_kardamom&utm_campaign=leden+2018+-+latte+-+created%3a+20180131+-+sent%3a+20180206&utm_term=n%2fa,1538164157,dezerty,unread
https://www.sonnentor.com/cs-cz/recepty-a-tipy/recepty/recepty/leandrova-omeleta-s-klicky?utm_source=mailworx&utm_medium=email&utm_content=bezeichnung&utm_campaign=duben+2018+-+created%3a+20180406+-+sent%3a+20180412&utm_term=n%2fa,https://www.sonnentor.com/cs-cz/recepty-a-tipy/recepty/recepty/leandrova-omeleta-s-klicky?utm_source=mailworx&utm_medium=email&utm_content=bezeichnung&utm_campaign=duben+2018+-+created%3a+20180406+-+sent%3a+20180412&utm_term=n%2fa,1538164308,snídaně,unread
https://www.sonnentor.com/cs-cz/recepty-a-tipy/rady-a-tipy/zelena-jarni-kuchyne?utm_source=mailworx&utm_medium=email&utm_content=jarni_zelena_kuchyne_dolni_link&utm_campaign=duben02+-+23.%2f24.+04.+2018+-+created%3a+20180419+-+sent%3a+20180424&utm_term=n%2fa,https://www.sonnentor.com/cs-cz/recepty-a-tipy/rady-a-tipy/zelena-jarni-kuchyne?utm_source=mailworx&utm_medium=email&utm_content=jarni_zelena_kuchyne_dolni_link&utm_campaign=duben02+-+23.%2f24.+04.+2018+-+created%3a+20180419+-+sent%3a+20180424&utm_term=n%2fa,1538164351,polévky,unread
https://www.sonnentor.com/cs-cz/recepty-a-tipy/recepty/recepty/mrkvova-pomazanka-s-andelem-straznym?utm_source=mailworx&utm_medium=email&utm_content=recept_dolni_link&utm_campaign=duben02+-+23.%2f24.+04.+2018+-+created%3a+20180419+-+sent%3a+20180424&utm_term=n%2fa,https://www.sonnentor.com/cs-cz/recepty-a-tipy/recepty/recepty/mrkvova-pomazanka-s-andelem-straznym?utm_source=mailworx&utm_medium=email&utm_content=recept_dolni_link&utm_campaign=duben02+-+23.%2f24.+04.+2018+-+created%3a+20180419+-+sent%3a+20180424&utm_term=n%2fa,1538164358,pomazánky,unread
https://www.sonnentor.com/cs-cz/recepty-a-tipy/recepty/recepty/cheesecake-pro-maminku?utm_source=mailworx&utm_medium=email&utm_content=recept_link&utm_campaign=kv%c4%9bten01+-+7.5.2018+-+created%3a+20180504+-+sent%3a+20180507&utm_term=n%2fa,https://www.sonnentor.com/cs-cz/recepty-a-tipy/recepty/recepty/cheesecake-pro-maminku?utm_source=mailworx&utm_medium=email&utm_content=recept_link&utm_campaign=kv%c4%9bten01+-+7.5.2018+-+created%3a+20180504+-+sent%3a+20180507&utm_term=n%2fa,1538164422,dezerty,unread
https://www.sonnentor.com/cs-cz/recepty-a-tipy/recepty/recepty/rychly-chrestovy-quiche?utm_source=mailworx&utm_medium=email&utm_content=recept_link&utm_campaign=kv%c4%9bten02+-+21.+05.+2018+-+created%3a+20180510+-+sent%3a+20180522&utm_term=n%2fa,https://www.sonnentor.com/cs-cz/recepty-a-tipy/recepty/recepty/rychly-chrestovy-quiche?utm_source=mailworx&utm_medium=email&utm_content=recept_link&utm_campaign=kv%c4%9bten02+-+21.+05.+2018+-+created%3a+20180510+-+sent%3a+20180522&utm_term=n%2fa,1538164482,hlavní jídla,unread
https://www.sonnentor.com/cs-cz/recepty-a-tipy/recepty/recepty/ovocny-salat-s-ostrym-grilovanym-ananasem?utm_source=mailworx&utm_medium=email&utm_content=recept-link&utm_campaign=kopie+von+%c4%8derven01+-+4.6.+-+created%3a+20180606+-+sent%3a+20180606&utm_term=n%2fa,https://www.sonnentor.com/cs-cz/recepty-a-tipy/recepty/recepty/ovocny-salat-s-ostrym-grilovanym-ananasem?utm_source=mailworx&utm_medium=email&utm_content=recept-link&utm_campaign=kopie+von+%c4%8derven01+-+4.6.+-+created%3a+20180606+-+sent%3a+20180606&utm_term=n%2fa,1538164539,saláty,unread
https://www.sonnentor.com/cs-cz/recepty-a-tipy/recepty/recepty/burger-v-italskem-stylu?utm_source=mailworx&utm_medium=email&utm_content=link-recept&utm_campaign=cerven02+18.6.+-+created%3a+20180606+-+sent%3a+20180618&utm_term=n%2fa,https://www.sonnentor.com/cs-cz/recepty-a-tipy/recepty/recepty/burger-v-italskem-stylu?utm_source=mailworx&utm_medium=email&utm_content=link-recept&utm_campaign=cerven02+18.6.+-+created%3a+20180606+-+sent%3a+20180618&utm_term=n%2fa,1538164608,hlavní jídla,unread
https://www.sonnentor.com/cs-cz/recepty-a-tipy/recepty/recepty/korenena-zebirka?utm_source=mailworx&utm_medium=email&utm_content=recept_link&utm_campaign=cervenec01+-+2.7.+-+created%3a+20180625+-+sent%3a+20180703&utm_term=n%2fa,https://www.sonnentor.com/cs-cz/recepty-a-tipy/recepty/recepty/korenena-zebirka?utm_source=mailworx&utm_medium=email&utm_content=recept_link&utm_campaign=cervenec01+-+2.7.+-+created%3a+20180625+-+sent%3a+20180703&utm_term=n%2fa,1538164639,hlavní jídla,unread
https://www.sonnentor.com/cs-cz/recepty-a-tipy/rady-a-tipy/jak-si-uchovat-cerstve-bylinky-4x-jinak?utm_source=mailworx&utm_medium=email&utm_content=uchovani-bylinek-link&utm_campaign=srpen02+-+140818+-+created%3a+20180810+-+sent%3a+20180814&utm_term=n%2fa,https://www.sonnentor.com/cs-cz/recepty-a-tipy/rady-a-tipy/jak-si-uchovat-cerstve-bylinky-4x-jinak?utm_source=mailworx&utm_medium=email&utm_content=uchovani-bylinek-link&utm_campaign=srpen02+-+140818+-+created%3a+20180810+-+sent%3a+20180814&utm_term=n%2fa,1538164764,"marmelády, zavařování|přílohy",unread
https://www.sonnentor.com/cs-cz/recepty-a-tipy/recepty/recepty/broskvovy-sirup?utm_source=mailworx&utm_medium=email&utm_content=recept-link&utm_campaign=srpen02+-+140818+-+created%3a+20180810+-+sent%3a+20180814&utm_term=n%2fa,https://www.sonnentor.com/cs-cz/recepty-a-tipy/recepty/recepty/broskvovy-sirup?utm_source=mailworx&utm_medium=email&utm_content=recept-link&utm_campaign=srpen02+-+140818+-+created%3a+20180810+-+sent%3a+20180814&utm_term=n%2fa,1538164771,nápoje,unread
https://www.sonnentor.com/cs-cz/recepty-a-tipy/recepty/recepty/grilovany-kvetak-tofu-s-cockovou-majonezou?utm_source=mailworx&utm_medium=email&utm_content=recept-link&utm_campaign=srpen03+-+28.+8.+2018+-+created%3a+20180815+-+sent%3a+20180828&utm_term=n%2fa,https://www.sonnentor.com/cs-cz/recepty-a-tipy/recepty/recepty/grilovany-kvetak-tofu-s-cockovou-majonezou?utm_source=mailworx&utm_medium=email&utm_content=recept-link&utm_campaign=srpen03+-+28.+8.+2018+-+created%3a+20180815+-+sent%3a+20180828&utm_term=n%2fa,1538165041,hlavní jídla,unread
https://www.sonnentor.com/cs-cz/recepty-a-tipy/recepty/recepty/plnene-papriky-s-rajcatovou-omackou-a-bulgurem?utm_source=mailworx&utm_medium=email&utm_content=link-recept&utm_campaign=z%c3%a1%c5%99%c3%ad02+-+25.+9.+2018+-+created%3a+20180914+-+sent%3a+20180925&utm_term=n%2fa,https://www.sonnentor.com/cs-cz/recepty-a-tipy/recepty/recepty/plnene-papriky-s-rajcatovou-omackou-a-bulgurem?utm_source=mailworx&utm_medium=email&utm_content=link-recept&utm_campaign=z%c3%a1%c5%99%c3%ad02+-+25.+9.+2018+-+created%3a+20180914+-+sent%3a+20180925&utm_term=n%2fa,1538165250,hlavní jídla,unread
Instant Pot Beef Short Ribs,https://lexiscleankitchen.com/instant-pot-beef-short-ribs/,1647212197,hlavní jídla,unread
https://camillestyles.com/food/the-curry-butternut-squash-soup-were-all-making-this-week/,https://camillestyles.com/food/the-curry-butternut-squash-soup-were-all-making-this-week/,1546597843,polévky,unread
https://ordr.cz/blog/clanek/jak-na-spickove-pad-thai-ordr,https://ordr.cz/blog/clanek/jak-na-spickove-pad-thai-ordr,1543326836,hlavní jídla,unread
Laskominy od Maryny: Kávové lanýže s pistáciemi,https://www.laskominyodmaryny.cz/2014/01/kavove-lanyze-s-pistaciemi.html?m=1,1608535116,cukroví|dezerty,unread
https://purelyelizabeth.com/pumpkin-cashew-cheesecake-bars,https://purelyelizabeth.com/pumpkin-cashew-cheesecake-bars,1542886425,dezerty,unread
https://www.celostnimedicina.cz/jak-nasi-predkove-zpracovavali-ovoce-a-zeleninu-na-zimu.htm,https://www.celostnimedicina.cz/jak-nasi-predkove-zpracovavali-ovoce-a-zeleninu-na-zimu.htm,1552663539,"marmelády, zavařování|nápoje|zavářka do polévky",unread
5 Decadent Yet Healthy Pumpkin Spice Recipes for Fall | YogiApproved.com,https://www.yogiapproved.com/yum/pumpkin-spice-recipes/,1630332880,dezerty|nápoje|polévky,unread
https://camillestyles.com/wellness/4-easy-natural-ways-to-boost-your-immune-system-this-winter/,https://camillestyles.com/wellness/4-easy-natural-ways-to-boost-your-immune-system-this-winter/,1547214560,nápoje,unread
https://camillestyles.com/food/holiday-cookie-and-candy-board/,https://camillestyles.com/food/holiday-cookie-and-candy-board/,1547459959,cukroví|dezerty|vánoce,unread
https://camillestyles.com/food/holiday-cheese-board/,https://camillestyles.com/food/holiday-cheese-board/,1547214625,svačiny a chuťovky|vánoce,unread
https://www.celostnimedicina.cz/cesnekem-proti-cele-rade-nemoci.htm,https://www.celostnimedicina.cz/cesnekem-proti-cele-rade-nemoci.htm,1552992808,pomazánky,unread
https://camillestyles.com/food/smoking-mezcal-halloween-cocktail/,https://camillestyles.com/food/smoking-mezcal-halloween-cocktail/,1546505719,nápoje,unread
https://www.celostnimedicina.cz/fermentovane-potraviny-jako-zdravy-zaklad-jidelnicku.htm,https://www.celostnimedicina.cz/fermentovane-potraviny-jako-zdravy-zaklad-jidelnicku.htm,1553438523,přílohy|saláty,unread
https://www.celostnimedicina.cz/provonte-dum-cerstve-upecenym-chlebem.htm,https://www.celostnimedicina.cz/provonte-dum-cerstve-upecenym-chlebem.htm,1553523566,pečivo,unread
https://www.celostnimedicina.cz/smoothie-a-freshe-s-moringou.htm,https://www.celostnimedicina.cz/smoothie-a-freshe-s-moringou.htm,1550488133,nápoje|snídaně,unread
https://www.celostnimedicina.cz/plane-bylinky.htm,https://www.celostnimedicina.cz/plane-bylinky.htm,1550490191,pomazánky|snídaně,unread
https://www.celostnimedicina.cz/vezmi-si-vzdyt-to-neni-sladke.htm,https://www.celostnimedicina.cz/vezmi-si-vzdyt-to-neni-sladke.htm,1550581015,dezerty,unread
Citrus Mahi Mahi with Avocado Salsa,https://lexiscleankitchen.com/citrus-mahi-mahi-with-avocado-salsa/,1624882416,hlavní jídla,unread
https://www.celostnimedicina.cz/tipy-na-detske-svacinky.htm,https://www.celostnimedicina.cz/tipy-na-detske-svacinky.htm,1550739095,děti|svačiny a chuťovky,unread
https://www.celostnimedicina.cz/salaty-s-moringou.htm,https://www.celostnimedicina.cz/salaty-s-moringou.htm,1550743977,saláty,unread
https://www.celostnimedicina.cz/mate-radi-palacinky-tak-se-s-chuti-zactete.htm,https://www.celostnimedicina.cz/mate-radi-palacinky-tak-se-s-chuti-zactete.htm,1550826389,snídaně,unread
https://www.celostnimedicina.cz/jime-zdrave-s-fitrecepty.htm,https://www.celostnimedicina.cz/jime-zdrave-s-fitrecepty.htm,1551171581,hlavní jídla,unread
https://www.celostnimedicina.cz/5-duvodu-proc-milovat-rozmaryn.htm,https://www.celostnimedicina.cz/5-duvodu-proc-milovat-rozmaryn.htm,1551179098,nápoje,unread
https://www.celostnimedicina.cz/jak-si-uchystat-vyborne-pohankove-musli.htm,https://www.celostnimedicina.cz/jak-si-uchystat-vyborne-pohankove-musli.htm,1551276193,snídaně,unread
https://www.celostnimedicina.cz/recepty-na-vase-prani.htm,https://www.celostnimedicina.cz/recepty-na-vase-prani.htm,1551343899,hlavní jídla,unread
https://www.celostnimedicina.cz/superfoods-vselek-nebo-jen-modni-trend.htm,https://www.celostnimedicina.cz/superfoods-vselek-nebo-jen-modni-trend.htm,1551627841,pomazánky,unread
https://www.celostnimedicina.cz/domaci-proteinove-tycinky.htm,https://www.celostnimedicina.cz/domaci-proteinove-tycinky.htm,1553766340,svačiny a chuťovky,unread
https://www.celostnimedicina.cz/jak-si-nasi-predkove-uzivali-jablek-hrusek-a-svestek.htm,https://www.celostnimedicina.cz/jak-si-nasi-predkove-uzivali-jablek-hrusek-a-svestek.htm,1551714802,dezerty,unread
https://www.celostnimedicina.cz/mrkvovy-krem-s-chia-seminky-a-zazvorem.htm,https://www.celostnimedicina.cz/mrkvovy-krem-s-chia-seminky-a-zazvorem.htm,1551968104,polévky,unread
https://www.yogiapproved.com/yum/sushi-bowl-recipe/,https://www.yogiapproved.com/yum/sushi-bowl-recipe/,1633118275,hlavní jídla,unread
https://www.yogiapproved.com/health-wellness/activated-charcoal-toothpaste/,https://www.yogiapproved.com/health-wellness/activated-charcoal-toothpaste/,1633118101,kosmetika,unread
https://www.celostnimedicina.cz/trapi-li-nekoho-chripka-kasel-nebo-bolest-kloubu-vime-jak-si-pomoci.htm,https://www.celostnimedicina.cz/trapi-li-nekoho-chripka-kasel-nebo-bolest-kloubu-vime-jak-si-pomoci.htm,1553523726,dezerty|nápoje,unread
https://www.celostnimedicina.cz/medvedi-cesnek-vic-nez-jen-detoxikacni-bylinka.htm,https://www.celostnimedicina.cz/medvedi-cesnek-vic-nez-jen-detoxikacni-bylinka.htm,1555160390,hlavní jídla|přílohy,unread
https://www.celostnimedicina.cz/podivejme-se-na-predkrm-jinak.htm,https://www.celostnimedicina.cz/podivejme-se-na-predkrm-jinak.htm,1553602339,svačiny a chuťovky,unread
https://www.celostnimedicina.cz/kojici-maminky-snidejte.htm,https://www.celostnimedicina.cz/kojici-maminky-snidejte.htm,1553611960,snídaně,unread
https://www.celostnimedicina.cz/tvarohovy-kolac-s-lucumou.htm,https://www.celostnimedicina.cz/tvarohovy-kolac-s-lucumou.htm,1553692521,dezerty,unread
https://www.celostnimedicina.cz/nektere-proteinove-tycinky-jsou-horsi-nez-chleba-namazany-sadlem.htm,https://www.celostnimedicina.cz/nektere-proteinove-tycinky-jsou-horsi-nez-chleba-namazany-sadlem.htm,1555432228,svačiny a chuťovky,unread
Paleo Mushroom Burgers,https://lexiscleankitchen.com/paleo-veggie-mushroom-burgers/,1624801452,hlavní jídla,unread
Peanut Dressing,https://www.eatingbirdfood.com/peanut-salad-dressing/,1619527419,přílohy|saláty,unread
https://www.celostnimedicina.cz/avokadova-nutela.htm,https://www.celostnimedicina.cz/avokadova-nutela.htm,1555433530,pomazánky,unread
Slow-Cooker Ribs,https://lexiscleankitchen.com/slow-cooker-ribs/,1618232929,hlavní jídla,unread
“Maybe You’ve Been Making French Toast Wrong”,https://link.medium.com/PUBSN43lAY,1563976338,snídaně,unread
Almond Flour Cookies with Chocolate Chips,https://www.eatingbirdfood.com/paleo-almond-flour-chocolate-chip-cookies/,1621426982,dezerty,unread
“Bring Salad to the BBQ”,https://link.medium.com/1qAp2diZQZ,1568069673,přílohy|saláty|svačiny a chuťovky,unread
Healthy Tuna Noodle Casserole,https://www.ambitiouskitchen.com/healthy-tuna-noodle-casserole/,1650375200,hlavní jídla,unread
https://medium.com/tenderlymag/spice-world-chips-and-a-carrot-bacon-butty-c4b393f59a56,https://medium.com/tenderlymag/spice-world-chips-and-a-carrot-bacon-butty-c4b393f59a56,1568114098,hlavní jídla,unread
“Salsa Verde: An Illustrated Recipe”,https://link.medium.com/KJANZ0itSZ,1568146922,přílohy,unread
Healthy Chicken Pot Pie Soup,https://www.ambitiouskitchen.com/healthy-chicken-pot-pie-soup/,1644843922,polévky,unread
https://eshop.tescoma.cz/naucte-se-letos-delikatne-grilovat-delikatesy?utm_source=shop-emailing&utm_medium=email&utm_content=clanek-grilovani&utm_campaign=SHOP072018_VIP20&spMailingID=56979922&spUserID=MTE4ODc5MjU5NTIzS0&spJobID=1441399196&spReportId=MTQ0MTM5OTE5NgS2,https://eshop.tescoma.cz/naucte-se-letos-delikatne-grilovat-delikatesy?utm_source=shop-emailing&utm_medium=email&utm_content=clanek-grilovani&utm_campaign=SHOP072018_VIP20&spMailingID=56979922&spUserID=MTE4ODc5MjU5NTIzS0&spJobID=1441399196&spReportId=MTQ0MTM5OTE5NgS2,1569863343,hlavní jídla,unread
https://www.tvorivamama.cz/kakaovo-bananove-rezy-s-tvarohem/,https://www.tvorivamama.cz/kakaovo-bananove-rezy-s-tvarohem/,1586888237,dezerty,unread
https://camillestyles.com/food/this-vegetarian-pasta-bolognese-is-the-healthy-comfort-food-were-craving-now/,https://camillestyles.com/food/this-vegetarian-pasta-bolognese-is-the-healthy-comfort-food-were-craving-now/,1687947926,hlavní jídla,unread
https://camillestyles.com/food/this-herby-kale-rice-bowl-is-the-perfect-way-to-use-your-leftover-rice/,https://camillestyles.com/food/this-herby-kale-rice-bowl-is-the-perfect-way-to-use-your-leftover-rice/,1687950481,hlavní jídla,unread
Greek Orzo Salad with Shrimp & Feta,https://www.fannetasticfood.com/shrimp-cucumber-and-feta-orzo-salad/,1623334618,hlavní jídla|saláty,unread
https://aspoonofhistamine.com/2020/06/26/liskooriskove-livance-nebo-vafle-bez-lepku-a-mleka/,https://aspoonofhistamine.com/2020/06/26/liskooriskove-livance-nebo-vafle-bez-lepku-a-mleka/,1608153949,snídaně,unread
Homemade Margarita Mix,https://abeautifulmess.com/homemade-margarita-mix/,1655562631,nápoje,unread
https://aspoonofhistamine.com/2020/09/11/cuketovy-kolac-s-kokosem/,https://aspoonofhistamine.com/2020/09/11/cuketovy-kolac-s-kokosem/,1608153966,dezerty,unread
https://www.foodfaithfitness.com/vegan-coconut-curry-lentil-soup/,https://www.foodfaithfitness.com/vegan-coconut-curry-lentil-soup/,1688134388,polévky,unread
https://aspoonofhistamine.com/2020/05/04/dynovo-batatova-polevka-s-pekanovym-orechem-a-koriandrem/,https://aspoonofhistamine.com/2020/05/04/dynovo-batatova-polevka-s-pekanovym-orechem-a-koriandrem/,1608153929,polévky,unread
https://aspoonofhistamine.com/2020/05/12/cerna-ryze-s-dynovym-seminkem-a-pecenym-chrestem/,https://aspoonofhistamine.com/2020/05/12/cerna-ryze-s-dynovym-seminkem-a-pecenym-chrestem/,1608153937,hlavní jídla,unread
https://aspoonofhistamine.com/2020/09/27/brokolicova-ryze-s-arasidovou-omackou/,https://aspoonofhistamine.com/2020/09/27/brokolicova-ryze-s-arasidovou-omackou/,1608153979,hlavní jídla,unread
https://aspoonofhistamine.com/2020/10/22/galetka-s-makem-a-svestkami-pro-maminku/,https://aspoonofhistamine.com/2020/10/22/galetka-s-makem-a-svestkami-pro-maminku/,1608153986,dezerty,unread
https://aspoonofhistamine.com/2020/11/29/arasidove-tycinky-nejen-na-vanoce/,https://aspoonofhistamine.com/2020/11/29/arasidove-tycinky-nejen-na-vanoce/,1608153995,cukroví|dezerty|vánoce,unread
Domácí veka nejen pro silvestrovskou oslavu,https://www.kucharkaprodceru.cz/domaci-veka/,1608212881,pečivo,unread
Mix and Match Mulled Wine,https://abeautifulmess.com/mix-and-match-mulled-wine/,1608218891,nápoje,unread
https://www.runningtothekitchen.com/nut-free-granola/,https://www.runningtothekitchen.com/nut-free-granola/,1608217209,snídaně,unread
My Favorite Puppy Chow Mix,https://abeautifulmess.com/my-favorite-puppy-chow-mix/,1608389173,dezerty,unread
The Perfect Paleo Banana Bread Recipe,https://www.blogilates.com/the-perfect-paleo-banana-bread-recipe/?utm_source=rss&utm_medium=rss&utm_campaign=the-perfect-paleo-banana-bread-recipe,1608384916,dezerty,unread
https://allsortsof.com/recipe-apple-cider-sangria/?utm_source=rss&utm_medium=rss&utm_campaign=recipe-apple-cider-sangria,https://allsortsof.com/recipe-apple-cider-sangria/?utm_source=rss&utm_medium=rss&utm_campaign=recipe-apple-cider-sangria,1608389776,nápoje,unread
Homemade Cream of Mushroom Soup (Lightened-Up!),https://lexiscleankitchen.com/cream-of-mushroom-soup/,1608558540,polévky,unread
Waldorf Salad,https://www.eatingbirdfood.com/waldorf-salad/,1608643295,saláty,unread
Overnight Cinnamon Rolls – Small Batch,https://abeautifulmess.com/overnight-cinnamon-rolls-small-batch/,1608903526,snídaně,unread
Vychutnejte si sváteční chvíle s tradičním českým menu,https://www.kudyznudy.cz/aktuality/vychutnejte-si-svatecni-tony-a-chvile-s-tradicnim,1608819261,dezerty|hlavní jídla|polévky|vánoce,unread
Peppermint Mocha Jello Shots!,https://abeautifulmess.com/peppermint-mocha-jello-shots/,1608993373,nápoje,unread
Instant Pot Coconut Curry Chicken,https://fitfoodiefinds.com/instant-pot-coconut-curry-chicken/,1609080260,hlavní jídla,unread
Pan Seared Duck Breast with Cranberry Maple Sauce,https://www.runningtothekitchen.com/pan-seared-duck-breast/,1609160188,hlavní jídla,unread
Blue Spirulina Keto-Paleo Pancake Recipe,https://www.blogilates.com/blue-spirulina-keto-paleo-pancake-recipe/?utm_source=rss&utm_medium=rss&utm_campaign=blue-spirulina-keto-paleo-pancake-recipe,1609591013,snídaně,unread
Baked Chipotle Chicken,https://lexiscleankitchen.com/baked-chipotle-chicken/,1609678210,hlavní jídla,unread
Cuketový chlebíček s batátovým krémem,http://www.pgfoodies.com/recept/160/cuketovy-chlebicek-s-batatovym-kremem,1609763690,dezerty,unread
Instant Pot Vegetable Soup,https://www.fannetasticfood.com/instant-pot-vegetable-soup/,1609937189,polévky,unread
"Těstoviny s rajčatovou omáčkou, bylinkami a olivami",http://www.delicious-blog-lucie.cz/2021/01/testoviny-s-rajcatovou-omackou.html,1610022788,hlavní jídla,unread
Spirulina Smoothie,https://www.runningtothekitchen.com/spirulina-smoothie/,1610022935,snídaně,unread
2-Ingredient Mango Ice Cream,https://www.blogilates.com/2-ingredient-mango-ice-cream/?utm_source=rss&utm_medium=rss&utm_campaign=2-ingredient-mango-ice-cream,1610197532,dezerty,unread
Instant Pot Lentil Soup,https://fitfoodiefinds.com/instant-pot-lentil-soup/,1610196847,polévky,unread
Teriyaki Salmon with Sesame Butternut Squash Rice and Broccoli,https://inspiralized.com/teriyaki-salmon-with-sesame-butternut-squash-rice-and-broccoli,1610282239,hlavní jídla,unread
Air Fryer Tofu,https://www.runningtothekitchen.com/air-fryer-tofu/,1610370163,hlavní jídla,unread
Easiest Shredded Chicken Recipe,https://fitfoodiefinds.com/easiest-shredded-chicken-recipe/,1610462128,hlavní jídla,unread
Švestková galettka,https://cukrfree.cz/svestkova-galettka/,1610454854,dezerty,unread
Creamy Garlic Broccoli Rice,http://feedproxy.google.com/~r/theironyou/VraN/~3/03vdz0vkUMg/creamy-garlic-broccoli-rice.html,1610626155,hlavní jídla|přílohy,unread
Jicama Fries,https://www.runningtothekitchen.com/jicama-fries/,1610626617,přílohy,unread
Super Hash Browns Recipe,https://www.blogilates.com/super-hash-browns-recipe/?utm_source=rss&utm_medium=rss&utm_campaign=super-hash-browns-recipe,1610800867,snídaně,unread
Greek Chicken Zoodle Soup with Dill,https://inspiralized.com/greek-chicken-zoodle-soup-with-dill,1610891515,polévky,unread
brokolicová frittata,http://www.svarechou.sk/2021/01/brokolicova-frittata.html,1610891616,snídaně,unread
Bolognese Stuffed Peppers.,https://www.howsweeteats.com/2021/01/bolognese-stuffed-peppers/,1610973925,hlavní jídla,unread
Roasted Chick Pea Snack Mix,https://www.theleangreenbean.com/roasted-chick-pea-snack-mix/,1610973428,svačiny a chuťovky,unread
Roasted Cauliflower Lentil Salad,https://www.eatingbirdfood.com/roasted-cauliflower-lentil-salad/,1610975674,saláty,unread
One Pot Kitchari Recipe,https://agutsygirl.com/2021/01/19/kitchari/,1611061423,hlavní jídla,unread
Asian Cauliflower Wings,https://lexiscleankitchen.com/asian-cauliflower-wings/,1611150054,hlavní jídla,unread
Bang Bang Cauliflower Kale Salad.,https://www.howsweeteats.com/2021/01/bang-bang-cauliflower-salad/,1611146851,saláty,unread
Broccoli and Cheese Soup,https://www.yogabycandace.com/blog/broccoli-cheese-soup,1611149808,polévky,unread
https://www.fannetasticfood.com/healthy-beef-broccoli-stir-fry/,https://www.fannetasticfood.com/healthy-beef-broccoli-stir-fry/,1611173816,hlavní jídla,unread
Two-Ingredient Banana Pancakes,https://www.blogilates.com/two-ingredient-banana-pancakes/?utm_source=rss&utm_medium=rss&utm_campaign=two-ingredient-banana-pancakes,1611324950,snídaně,unread
Saucy Sun Dried Tomato Gnocchi.,https://www.howsweeteats.com/2021/01/sun-dried-tomato-gnocchi/,1611320101,hlavní jídla,unread
The Best Bean Dip,https://fitfoodiefinds.com/bean-dip-recipe/,1611405037,svačiny a chuťovky,unread
(Vegan) Double Chocolate Pudding,http://feedproxy.google.com/~r/theironyou/VraN/~3/83_0WEfLB2g/vegan-double-chocolate-pudding.html,1611581232,dezerty,unread
Horseradish Dressing,https://www.eatingbirdfood.com/horseradish-dressing/,1611842127,přílohy|saláty,unread
Best Peanut Butter Banana Smoothie Recipe,https://wholefully.com/peanut-butter-banana-smoothie/,1611842099,snídaně,unread
Best Crispy Chicken Thighs (  More Chicken Thigh Recipes),https://fitfoodiefinds.com/best-crispy-chicken-thighs/,1611924854,hlavní jídla,unread
Chicken Piccata,https://fitfoodiefinds.com/chicken-piccata-recipe/,1612008553,hlavní jídla,unread
Gluten-Free Mini Pancake Cereal Recipe,https://www.blogilates.com/gluten-free-mini-pancake-cereal-recipe/?utm_source=rss&utm_medium=rss&utm_campaign=gluten-free-mini-pancake-cereal-recipe,1612009579,snídaně,unread
Višne v čokoláde s marcipánom,http://adkas-tastyfood.blogspot.com/2021/01/visne-v-cokolade-s-marcipanom.html,1612008713,cukroví|dezerty|vánoce,unread
French Onion Stuffed Shells.,https://www.howsweeteats.com/2021/02/french-onion-stuffed-shells/,1612357565,hlavní jídla,unread
Garlic Sheet Pan Chicken and Veggies,https://www.fannetasticfood.com/garlic-sheet-pan-chicken-and-veggies/,1612356861,hlavní jídla,unread
Cheddar Cheeseburger Sliders with House Sauce.,https://www.howsweeteats.com/2021/02/cheeseburger-sliders/,1612526512,hlavní jídla,unread
pečené bravčové koleno,http://www.svarechou.sk/2021/02/pecene-bravcove-koleno.html,1612529441,hlavní jídla,unread
Easy At-Home Chocolate Martini,https://abeautifulmess.com/easy-at-home-chocolate-martini/,1612616670,nápoje,unread
Gluten-Free Garlic Bread,https://lexiscleankitchen.com/gluten-free-garlic-bread/,1612701291,pečivo,unread
Buffalo Cauliflower and White Bean Quinoa Bake,https://inspiralized.com/buffalo-cauliflower-and-white-bean-quinoa-bake,1612701097,hlavní jídla,unread
Herb Brown Butter Scallops with Champagne Risotto.,https://www.howsweeteats.com/2021/02/scallop-risotto/,1612787456,hlavní jídla,unread
20-Minute Tomato Tortellini Soup,https://abeautifulmess.com/20-minute-tomato-tortellini-soup/,1613227014,polévky,unread
The BEST Thin Mints (V/GF),https://minimalistbaker.com/the-best-thin-mints-v-gf/,1613227499,dezerty,unread
Your New Fave Gluten-Free Chocolate Mug Cake Recipe,https://www.blogilates.com/your-new-fave-gluten-free-chocolate-mug-cake-recipe/?utm_source=rss&utm_medium=rss&utm_campaign=your-new-fave-gluten-free-chocolate-mug-cake-recipe,1613224611,dezerty,unread
Creamy Chicken and Orzo Soup.,https://www.howsweeteats.com/2021/02/chicken-and-orzo-soup/,1613742505,polévky,unread
Oven Baked Bean Burritos,https://www.ahealthysliceoflife.com/oven-baked-bean-burritos/,1613742430,hlavní jídla,unread
Easy Breakfast: Blueberry Chia Pudding Recipe,https://www.blogilates.com/easy-breakfast-blueberry-chia-pudding-recipe/?utm_source=rss&utm_medium=rss&utm_campaign=easy-breakfast-blueberry-chia-pudding-recipe,1613919820,snídaně,unread
Easy BBQ Chicken Salad,https://lexiscleankitchen.com/easy-bbq-chicken-salad/,1613910604,saláty,unread
Kale Caesar Crunch Salad.,https://www.howsweeteats.com/2021/02/kale-crunch-salad/,1613997846,saláty,unread
Healthy Chocolate Coffee Smoothie Recipe,https://wholefully.com/chocolate-coffee-smoothie-recipe/,1613997795,snídaně,unread
"Brussels, Caramelized Onion and Pistachio Pizza.",https://www.howsweeteats.com/2021/02/brussels-sprouts-pistachio-pizza/,1614343073,hlavní jídla,unread
Ginger Tea with Licorice Root,http://feedproxy.google.com/~r/elanaspantry/~3/fsSI_ywCZcg/,1614345694,nápoje,unread
Your New Fave Gluten-Free Chocolate Mug Cake Recipe,https://www.blogilates.com/blog/your-new-fave-gluten-free-chocolate-mug-cake-recipe/,1614346471,dezerty,unread
Easy Chicken Fried Rice,https://fitfoodiefinds.com/chicken-fried-rice-recipe/,1614516556,hlavní jídla,unread
Lemon Butter Shrimp and Broccoli Skillet.,https://www.howsweeteats.com/2021/03/lemon-butter-shrimp/,1614687600,hlavní jídla,unread
Chocolate Chip Banana Oatmeal Muffins.,https://www.howsweeteats.com/2021/03/banana-muffins/,1614776083,dezerty,unread
15 Minute Lemon Parmesan Cauliflower Gnocchi.,https://www.howsweeteats.com/2021/03/lemon-parmesan-cauliflower-gnocchi/,1614953380,hlavní jídla,unread
Instant Pot Spaghetti Squash,https://www.eatingbirdfood.com/instant-pot-spaghetti-squash/,1614952723,hlavní jídla,unread
Healthy Dessert Recipe: Sauteéd Cinnamon Apples,https://www.blogilates.com/blog/healthy-apple-dessert-recipe/,1615034975,dezerty,unread
Sweet Potato Breakfast Salad,https://lexiscleankitchen.com/sweet-potato-breakfast-salad/,1615118627,saláty|snídaně,unread
Roasted Broccoli Cheddar Risotto with Crispy Onions.,https://www.howsweeteats.com/2021/03/broccoli-cheddar-risotto/,1615206664,hlavní jídla,unread
Air Fryer Carrots,https://www.runningtothekitchen.com/air-fryer-carrots/,1615210182,přílohy,unread
Chicken Romano Meatballs. (an Everyday Dinners sneak peek!),https://www.howsweeteats.com/2021/03/chicken-romano-meatballs-an-everyday-dinners-sneak-peek/,1615380389,hlavní jídla,unread
Paska Easter Bread,http://feedproxy.google.com/~r/browneyedbaker/feed/~3/bskIEKk-7lg/,1615379639,dezerty|velikonoce,unread
Tomato Garlic Pasta with Ground Turkey,https://www.fannetasticfood.com/tomato-garlic-pasta/,1615380347,hlavní jídla,unread
Easy Spinach Salad,https://www.eatingbirdfood.com/spinach-salad/,1615555962,saláty,unread
Bacon Wrapped Asparagus,https://ifoodreal.com/bacon-wrapped-asparagus/,1615639637,přílohy,unread
How to Make Hard Boiled Eggs,https://www.eatingbirdfood.com/how-to-hard-boil-eggs/,1615813175,snídaně,unread
Minty Iced Matcha Latte,https://minimalistbaker.com/minty-iced-matcha-latte/,1615993234,nápoje,unread
Banana Pancakes for Babies,https://www.eatingbirdfood.com/baby-pancakes/,1615984492,děti|snídaně,unread
Mango Pineapple Smoothie with Kale,https://www.fannetasticfood.com/mango-pineapple-smoothie-with-kale/,1615984814,snídaně,unread
Gluten-free vegan biscotti recipe,https://purelytwins.com/2021/03/17/gluten-free-vegan-biscotti-recipe/,1615986018,dezerty,unread
Avocado Egg Salad,https://www.eatingbirdfood.com/avocado-egg-salad/,1616158704,saláty,unread
Kuřecí Shawarma s česnekovým dipem a salsou,http://www.kristinacechova.cz/2021/02/kureci-shawarma-s-cesnekovym-dipem.html,1616242465,hlavní jídla,unread
Instant Pot Burrito Bowls,https://fitfoodiefinds.com/instant-pot-burrito-bowls/,1616328961,hlavní jídla,unread
The Best Gluten Free Banana Bread,https://www.hummusapien.com/best-gluten-free-banana-bread/,1616418763,dezerty,unread
Grilled Asparagus Caesar.,https://www.howsweeteats.com/2021/03/grilled-asparagus-caesar-salad/,1617019057,saláty,unread
Prosciutto Wrapped Asparagus Stuffed Chicken with Scallion Smashed Potatoes,https://www.howsweeteats.com/2021/03/asparagus-stuffed-chicken/,1617193747,hlavní jídla,unread
Tamale Pie,http://feedproxy.google.com/~r/browneyedbaker/feed/~3/8hOq7Xg8OFs/,1617192222,hlavní jídla,unread
Sun Dried Tomato and Herb Scones.,https://www.howsweeteats.com/2021/04/sun-dried-tomato-scones/,1617367901,snídaně,unread
Grandma Miller’s Pound Cake,https://www.eatingbirdfood.com/pound-cake/,1617545001,dezerty,unread
Spicy Sesame Shrimp and Green Bean Stir Fry,https://inspiralized.com/spicy-sesame-shrimp-and-green-bean-stir-fry,1617544927,hlavní jídla,unread
Vaječný sendvič,http://www.kristinacechova.cz/2021/03/vajecny-sendvic.html,1617545492,hlavní jídla|snídaně|svačiny a chuťovky,unread
"Chocolate eggs, caviar, and the bird man returns",https://fitnessista.com/chocolate-eggs-caviar-and-the-bird-man-returns/,1617626925,hlavní jídla,unread
The Best Italian Dressing,https://www.hummusapien.com/the-best-italian-dressing/,1617626038,přílohy|saláty,unread
One Pot Garlic Butter Shrimp and Orzo.,https://www.howsweeteats.com/2021/04/one-pot-shrimp-and-orzo/,1617797882,hlavní jídla,unread
Creamy Walnut Pasta Sauce with Spaghetti Squash Noodles,https://www.eatingbirdfood.com/creamy-walnut-pasta/,1617798007,hlavní jídla,unread
Instant Pot Broccoli Cheddar Soup,http://feedproxy.google.com/~r/foodfaithfitness/ryFv/~3/dI4KMiAmUJg/,1617799648,polévky,unread
Carrot Cake Baked Oatmeal,https://minimalistbaker.com/carrot-cake-baked-oatmeal/,1617974574,snídaně,unread
Air Fryer Zucchini Chips,https://www.runningtothekitchen.com/air-fryer-zucchini-chips/,1617881906,přílohy,unread
Potato Chip Crusted Chicken Fingers with Ranch and Roasted Broccoli.,https://www.howsweeteats.com/2021/04/potato-chip-crusted-chicken/,1617969412,hlavní jídla,unread
Homemade Pasta,https://s23209.pcdn.co/2021/04/09/homemade-pasta/,1618140583,hlavní jídla,unread
Lemon Chicken Skewers with Creamy Feta Sauce.,https://www.halfbakedharvest.com/lemon-chicken-skewers/,1618228558,hlavní jídla,unread
"Avocado Chicken Salad with Chipotle and Lime. AKA, What To Make For Lunch T",https://www.howsweeteats.com/2021/04/avocado-chicken-salad/,1618230124,saláty,unread
Air Fryer Asparagus,http://feedproxy.google.com/~r/foodfaithfitness/ryFv/~3/_sJ3B1JHx50/,1618315177,přílohy,unread
Want Cake For Breakfast? Make This Cinnamon Roll Baked Oats Recipe,https://www.blogilates.com/blog/want-cake-for-breakfast-make-this-cinnamon-roll-baked-oats-recipe/,1618317803,snídaně,unread
The Caramelized Onion Dip You Need To Make This Weekend!,https://www.howsweeteats.com/2021/04/caramelized-onion-dip/,1618402760,přílohy,unread
Herb and Garlic Aioli Recipe,http://feedproxy.google.com/~r/cottercrunch/icJq/~3/HgU7MRCW7J4/,1618486221,přílohy,unread
Minivánočky,http://www.kristinacechova.cz/2021/03/minivanocky.html,1618489174,dezerty|vánoce,unread
Banana Bread Recipe,http://feedproxy.google.com/~r/elanaspantry/~3/eVNT57s2ztw/,1618490381,dezerty,unread
Pizza Supreme Mac and Cheese.,https://www.howsweeteats.com/2021/04/pizza-mac-and-cheese/,1618574247,hlavní jídla,unread
Sheet Pan Shrimp Tacos,https://s23209.pcdn.co/2021/04/16/sheet-pan-shrimp-tacos/,1618659513,hlavní jídla,unread
Healthy Lemon Bars,https://ifoodreal.com/healthy-lemon-bars/,1618659437,dezerty,unread
Mason Jar Salads,https://lexiscleankitchen.com/mason-jar-layered-salads/,1618752279,saláty,unread
Sheet Pan Cashew Chicken. An Everyday Dinners Sneak Peek!,https://www.howsweeteats.com/2021/04/sheet-pan-cashew-chicken/,1618833164,hlavní jídla,unread
How to Cook the Simplest Baked Sticky Chicken Legs,https://wholefully.com/baked-sticky-chicken-legs/,1618833275,hlavní jídla,unread
Crispy Air Fryer Eggplant,https://www.runningtothekitchen.com/air-fryer-eggplant/,1618833323,přílohy,unread
How to Make Vegetable Stock,https://lexiscleankitchen.com/vegetable-stock/,1619006553,polévky,unread
Our Favorite Pimento Cheese.,https://www.howsweeteats.com/2021/04/pimento-cheese/,1619006412,svačiny a chuťovky,unread
Simple Lemon Tres Leches Cake.,https://www.howsweeteats.com/2021/04/simple-lemon-tres-leches-cake/,1619179374,dezerty,unread
House Favorite Brussels Sprouts,http://feedproxy.google.com/~r/pinch-of-yum/~3/yu-b49uZxGo/house-favorite-brussels-sprouts,1619184233,přílohy,unread
A Super Yummy Vegan Breakfast Quinoa Recipe,https://www.blogilates.com/blog/super-yummy-vegan-breakfast-quinoa-recipe/,1619354924,snídaně,unread
Oven Baked Beef Taquitos,https://lexiscleankitchen.com/oven-baked-beef-taquitos/,1619351617,hlavní jídla,unread
Mediterranean Pearl Couscous Salad,https://inspiralized.com/mediterranean-pearl-couscous-salad,1619350948,saláty,unread
Roasted Broccoli Pimento Cheddar Melts.,https://www.howsweeteats.com/2021/04/pimento-cheddar-melts/,1619438005,hlavní jídla,unread
Burrata Baked Ziti from Everyday Dinners! (And a Giveaway!),https://www.howsweeteats.com/2021/04/burrata-baked-ziti/,1619528248,hlavní jídla,unread
Grilled Chili Lime Chicken Tacos with Pineapple Avocado Salsa.,https://www.howsweeteats.com/2021/04/chili-lime-chicken-tacos/,1619614871,hlavní jídla,unread
Pimento Cheese Poppers with Jalapeño Ranch.,https://www.howsweeteats.com/2021/04/pimento-cheese-poppers/,1619786768,svačiny a chuťovky,unread
Healthy Toddler Snack Ideas,https://www.fannetasticfood.com/healthy-toddler-snack-ideas/,1619784970,děti|svačiny a chuťovky,unread
Gluten Free Cinnamon Rolls,https://lexiscleankitchen.com/gluten-free-cinnamon-rolls/,1619954420,dezerty|snídaně,unread
"Bez cibule a česneku. Kuchaři radí, jak si po koronaviru znovu užít jídlo",https://denikn.cz/613304/bez-cibule-a-cesneku-kuchari-radi-jak-si-po-koronaviru-znovu-uzit-jidlo/,1620046386,hlavní jídla|přílohy,unread
Mango Avocado Shrimp Salsa.,https://www.howsweeteats.com/2021/05/shrimp-salsa/,1620042105,svačiny a chuťovky,unread
Rosemary Garlic Parsnip Fries,https://www.runningtothekitchen.com/rosemary-garlic-parsnip-fries/,1620044062,přílohy,unread
Easy Mango Salsa,https://minimalistbaker.com/easy-mango-salsa/,1620219227,přílohy|svačiny a chuťovky,unread
Rosemary Chicken and Avocado Bacon Pitas with Honey Feta Sauce.,https://www.halfbakedharvest.com/rosemary-chicken-and-avocado-bacon-pitas/,1620213231,hlavní jídla,unread
Rocky Road Baked Oats,https://lexiscleankitchen.com/rocky-road-baked-oats/,1620214419,snídaně,unread
Vegan Banana Bread,https://www.eatingbirdfood.com/vegan-banana-bread/,1620303216,dezerty,unread
Craving Something Sweet? Make This Peanut Butter Mug Muffin Recipe,https://www.blogilates.com/blog/craving-something-sweet-make-this-peanut-butter-mug-muffin-recipe/,1620476449,dezerty,unread
Fresh Limeade Recipe,https://fitfoodiefinds.com/limeade-recipe/,1620733537,nápoje,unread
Meal Prep Coconut Protein Pancakes,https://carrotsncake.com/meal-prep-coconut-protein-pancakes/,1620828284,snídaně,unread
Vegan Sushi Bowls with Ginger Marinated Tofu,https://minimalistbaker.com/vegan-sushi-bowls-with-ginger-marinated-tofu/,1620825871,hlavní jídla,unread
Spicy Zucchini Ricotta Lasagna with Oregano Breadcrumbs.,https://www.halfbakedharvest.com/zucchini-ricotta-lasagna/,1620829088,hlavní jídla,unread
Cheeseburger Tostadas with House Sauce.,https://www.howsweeteats.com/2021/05/cheeseburger-tostadas/,1620820805,hlavní jídla,unread
Chocolate Bliss Balls with Cashews,https://www.fannetasticfood.com/chocolate-bliss-balls-with-cashews/,1620826001,svačiny a chuťovky,unread
Vanilla Buttercream Frosting,http://feedproxy.google.com/~r/browneyedbaker/feed/~3/EoP4gIw8_MU/,1620829019,dezerty|polevy,unread
Bramborové tyčinky se lněným semínkem (od 2 – 3 let),https://mamavkuchyni.cz/bramborove-tycinky-se-lnenym-seminkem/,1620905965,svačiny a chuťovky,unread
The BEST Crispy Hash Browns (Restaurant-Style!),https://minimalistbaker.com/the-best-crispy-hash-browns-restaurant-style/,1621090275,přílohy|snídaně,unread
Best Grilled Chicken Marinade,https://fitfoodiefinds.com/best-grilled-chicken-marinade-recipe/,1621090441,hlavní jídla,unread
Oreo Peanut Butter Pie.,https://www.howsweeteats.com/2021/05/oreo-peanut-butter-pie/,1620994948,dezerty,unread
Friday Faves,https://fitnessista.com/friday-faves-303/,1620994870,hlavní jídla,unread
Grilled Bruschetta Chicken,https://fitfoodiefinds.com/grilled-bruschetta-chicken/,1621085602,hlavní jídla,unread
4-Ingredient Butterscotch Chex Mix,https://carrotsncake.com/4-ingredient-butterscotch-chex-mix/,1621085850,dezerty,unread
Recipe: Calabacito Cocktail,https://allsortsof.com/recipe-new-calabacito-cocktail/?utm_source=rss&utm_medium=rss&utm_campaign=recipe-new-calabacito-cocktail,1621088811,nápoje,unread
Crispy Gluten-Free Graham Crackers (Vegan),https://minimalistbaker.com/gluten-free-graham-crackers-vegan/,1621164656,dezerty|svačiny a chuťovky,unread
Mediterranean Turkey Salad,https://lexiscleankitchen.com/mediterranean-turkey-salad/,1621164828,saláty,unread
Creamy Mexican Street Corn Pasta Salad,https://inspiralized.com/creamy-mexican-street-corn-pasta-salad,1621164794,saláty,unread
Vegan goji berry brownie bites,https://fitnessista.com/vegan-goji-berry-brownie-bites/,1621343337,dezerty,unread
Roasted Sunchoke Salad,https://www.runningtothekitchen.com/roasted-sunchoke-salad/,1621343579,saláty,unread
Wine Slushies – 3 Ways,https://fitfoodiefinds.com/wine-slushies/,1621600705,nápoje,unread
"Flaming Hot Cheetos Hot Dogs. Um, Hello!",https://www.howsweeteats.com/2021/05/flaming-hot-cheetos-hot-dogs/,1621602009,hlavní jídla,unread
Almond Flour Pancakes,https://www.eatingbirdfood.com/almond-flour-pancakes/,1621600844,snídaně,unread
Easy Vegan Chorizo,https://minimalistbaker.com/easy-vegan-chorizo/,1621775591,přílohy,unread
Sweet Potato and Black Bean Enchilada Rice Bowl,https://inspiralized.com/sweet-potato-and-black-bean-enchilada-rice-bowl,1621772630,hlavní jídla,unread
Boss Files: Rebekah Peppler,https://allsortsof.com/boss-files-rebekah-peppler/?utm_source=rss&utm_medium=rss&utm_campaign=boss-files-rebekah-peppler,1621775163,hlavní jídla|přílohy|saláty,unread
Mediterranean Chickpea and Farro Salad,https://www.hummusapien.com/mediterranean-chickpea-farro-salad/,1621861674,saláty,unread
Strawberry Milk,http://feedproxy.google.com/~r/foodfaithfitness/ryFv/~3/m9REWCesoB4/,1621943855,nápoje,unread
Baked Chicken Thighs with Creamy Lemon Greens,https://lexiscleankitchen.com/baked-chicken-thighs-with-greens/,1622031611,hlavní jídla,unread
Grilled Chicken Parmesan.,https://www.howsweeteats.com/2021/05/grilled-chicken-parmesan/,1622031479,hlavní jídla,unread
Strawberry Mojito,https://fitfoodiefinds.com/strawberry-mojito-recipe/,1622377971,nápoje,unread
Vegan Gluten-Free Shortbread Cookies (1 Bowl),https://minimalistbaker.com/vegan-gluten-free-shortbread-cookies-1-bowl/,1622377896,dezerty,unread
Smoked Whole Chicken,https://fitfoodiefinds.com/smoked-whole-chicken/,1622377943,hlavní jídla,unread
Triple Melon Salad with Blue Cheese and Lemon Vinaigrette.,https://www.howsweeteats.com/2021/06/melon-ball-salad/,1622549584,saláty,unread
Grilled Green Beans,https://www.runningtothekitchen.com/grilled-green-beans/,1622550121,přílohy,unread
Peanut Butter Banana Bread,http://feedproxy.google.com/~r/browneyedbaker/feed/~3/Fzn_rzJmoBc/,1622637105,dezerty,unread
Shawarma Roasted Cabbage Wedges with Green Chutney,https://minimalistbaker.com/shawarma-roasted-cabbage-wedges-with-green-chutney/,1622730014,přílohy,unread
Roasted Corn and Black Bean Cheddar Melt Burgers.,https://www.howsweeteats.com/2021/06/black-bean-corn-burgers/,1622722146,hlavní jídla,unread
Mango Habanero Salsa,https://www.runningtothekitchen.com/mango-habanero-salsa/,1622810197,svačiny a chuťovky,unread
Grilled Oregano Shrimp with Lemony Dill Orzo,https://inspiralized.com/grilled-oregano-shrimp-with-lemony-dill-orzo,1622980304,hlavní jídla,unread
Easy Vegan “Crab” Cakes (GF),https://minimalistbaker.com/easy-vegan-crab-cakes-gf/,1623333959,svačiny a chuťovky,unread
Single Serving Baked Oatmeal – 4 Ways,https://www.eatingbirdfood.com/single-serving-baked-oatmeal/,1623243274,snídaně,unread
Crispy Roasted Turnips with Chive Butter Sauce,https://www.runningtothekitchen.com/roasted-turnips/,1623415202,přílohy,unread
Easy Mint Chutney (5 Minutes!),https://minimalistbaker.com/easy-mint-chutney-5-minutes/,1623760760,přílohy,unread
Summer Weeknight Burst Tomato Burrata Pasta.,https://www.howsweeteats.com/2021/06/burst-tomato-burrata-pasta/,1623846703,hlavní jídla,unread
Easy Vegan Sausage Links,https://minimalistbaker.com/easy-vegan-sausage-links/,1624195962,hlavní jídla|snídaně,unread
Smoked Baked Potatoes,https://fitfoodiefinds.com/smoked-baked-potatoes/,1624195991,přílohy,unread
Almond Joy Energy Bites (6 Ingredients!),https://minimalistbaker.com/almond-joy-energy-bites-6-ingredients/,1624458923,dezerty|svačiny a chuťovky,unread
Copycat Glow Bowl recipe from Flower Child,https://fitnessista.com/copycat-glow-bowl-recipe-from-flower-child/,1624472021,hlavní jídla,unread
Recipe: Provence 75 Cocktail with AMASS,https://allsortsof.com/recipe-provence-75-cocktail-with-amass/?utm_source=rss&utm_medium=rss&utm_campaign=recipe-provence-75-cocktail-with-amass,1624471981,nápoje,unread
Mediterranean Couscous Salad,https://fitfoodiefinds.com/couscous-salad-recipe/,1624628092,saláty,unread
Air Fried Breakfast Potatoes,https://abeautifulmess.com/air-fried-breakfast-potatoes/,1624628972,snídaně,unread
Vegan White Bean Niçoise Salad,https://inspiralized.com/vegan-white-bean-nicoise-salad,1624799401,saláty,unread
Confetti Chicken Casserole Recipe,https://fedandfit.com/chicken-casserole-confetti/,1624883296,hlavní jídla,unread
Flag Baked Oatmeal,https://www.eatingbirdfood.com/flag-baked-oatmeal/,1624972588,snídaně,unread
Asian Ground Beef Lettuce Wraps,https://www.slenderkitchen.com/recipe/asian-ground-beef-lettuce-wraps,1624972723,hlavní jídla,unread
3 Easy Pasta Salad Dressings,https://abeautifulmess.com/3-easy-pasta-salad-dressings/,1625232676,přílohy|saláty,unread
Easy Gluten-Free Berry Cobbler (Vegan),https://minimalistbaker.com/easy-gluten-free-berry-cobbler-vegan/,1625325339,dezerty,unread
Potato Chip Cookies,https://abeautifulmess.com/potato-chip-cookies/,1625325842,dezerty,unread
Pesto Pasta,https://fitfoodiefinds.com/pesto-pasta-recipe/,1625486372,hlavní jídla,unread
Easy Penne Arrabbiata,https://minimalistbaker.com/easy-penne-arrabbiata/,1625665909,hlavní jídla,unread
Chocolate Protein Shake,https://www.eatingbirdfood.com/chocolate-protein-shake/,1625666617,nápoje,unread
Make Your Own Strawberry Margarita Mix,https://abeautifulmess.com/make-your-own-strawberry-margarita-mix/,1625666227,nápoje,unread
Whiskey Ginger Recipe,https://abeautifulmess.com/emmas-whiskey-ginger-recipe/,1652017290,nápoje,unread
Fuel Up With These 5-Ingredient High Protein Pancakes,https://www.blogilates.com/blog/fuel-up-with-these-5-ingredient-protein-pancakes/,1625924739,snídaně,unread
Creamy Chipotle Sauce,https://www.slenderkitchen.com/recipe/creamy-chipotle-sauce,1625922692,přílohy,unread
How to Make a Protein Shake (6 Flavors),https://www.eatingbirdfood.com/protein-shakes/,1625923107,snídaně,unread
Fruity Fun Milkshake Recipe,https://runeatrepeat.com/fruity-fun-milkshake-recipe/,1626099014,nápoje,unread
Crunchy Jicama Slaw (1 Bowl!),https://minimalistbaker.com/crunchy-jicama-slaw-1-bowl/,1626182239,přílohy,unread
Everything Bagel Dip,https://www.eatingbirdfood.com/everything-bagel-dip/,1626268816,svačiny a chuťovky,unread
Chocolate Strawberry Overnight Oats,https://www.fannetasticfood.com/chocolate-strawberry-overnight-oats/,1626268967,snídaně,unread
Jalapeno Ranch Dressing,https://fedandfit.com/jalapeno-ranch-dressing/,1626269092,svačiny a chuťovky,unread
How Many Pounds of Potatoes Per Person Should You Use in Mash?,https://greatist.com/eat/how-many-pounds-of-potatoes-per-person,1626272783,přílohy,unread
Chocolate Peanut Butter Pretzel Energy Balls,https://www.slenderkitchen.com/recipe/chocolate-peanut-butter-pretzel-balls,1626272855,dezerty,unread
"Smoky BBQ Bean Tacos (Vegan, GF)",https://minimalistbaker.com/smoky-bbq-bean-tacos-vegan-gf/,1626351756,hlavní jídla,unread
The Best Grilled Zucchini,https://fedandfit.com/grilled-zucchini/,1626355375,přílohy,unread
Fresh Zucchini Salad,https://fitfoodiefinds.com/zucchini-salad-recipe/,1626527261,saláty,unread
Basil Vinaigrette,https://www.eatingbirdfood.com/basil-vinaigrette/,1626783905,přílohy|saláty,unread
The Best Keto Friendly BBQ Sauce,https://fedandfit.com/keto-bbq-sauce/,1626784758,přílohy,unread
"The Best, Easy Homemade BBQ Sauce",https://fedandfit.com/homemade-bbq-sauce/,1626785564,přílohy,unread
Heirloom Tomato Panzanella Salad,https://minimalistbaker.com/heirloom-tomato-panzanella-salad/,1626866318,saláty,unread
How to Make Shrimp Rolls,https://fedandfit.com/how-to-make-shrimp-rolls/,1626867876,hlavní jídla|svačiny a chuťovky,unread
Shrimp Boil,https://fedandfit.com/shrimp-boil/,1626867939,hlavní jídla,unread
Homemade Marshmallow Cream,http://feedproxy.google.com/~r/browneyedbaker/feed/~3/dQau-ql9TaQ/,1626874744,dezerty|přílohy,unread
Vegan Ranch Dressing,https://www.eatingbirdfood.com/vegan-ranch-dressing/,1626877813,přílohy|saláty,unread
Oatmeal Zucchini Cookies,https://fitfoodiefinds.com/oatmeal-zucchini-cookies/,1627135236,dezerty,unread
Vegan Jamocha Shake (Maple-Sweetened!),https://minimalistbaker.com/vegan-jamocha-shake-maple-sweetened/,1627218285,dezerty,unread
Air Fryer Zucchini,https://fitfoodiefinds.com/air-fryer-zucchini-recipe/,1627302679,přílohy|svačiny a chuťovky,unread
https://www.yogiapproved.com/yum/coconut-quinoa-breakfast-bowl/?vgo_ee=W02TYugF7JOnVI8ms3uxHK0EMugWvy7VaavokP7dQpI%3D,https://www.yogiapproved.com/yum/coconut-quinoa-breakfast-bowl/?vgo_ee=W02TYugF7JOnVI8ms3uxHK0EMugWvy7VaavokP7dQpI%3D,1627504068,snídaně,unread
https://www.yogiapproved.com/life/5-diy-bath-recipes-youve-gotta-try/?vgo_ee=W02TYugF7JOnVI8ms3uxHK0EMugWvy7VaavokP7dQpI%3D,https://www.yogiapproved.com/life/5-diy-bath-recipes-youve-gotta-try/?vgo_ee=W02TYugF7JOnVI8ms3uxHK0EMugWvy7VaavokP7dQpI%3D,1627741425,kosmetika,unread
https://www.yogiapproved.com/yum/veggie-bowl-recipe/?vgo_ee=W02TYugF7JOnVI8ms3uxHK0EMugWvy7VaavokP7dQpI%3D,https://www.yogiapproved.com/yum/veggie-bowl-recipe/?vgo_ee=W02TYugF7JOnVI8ms3uxHK0EMugWvy7VaavokP7dQpI%3D,1627741726,hlavní jídla|saláty,unread
Marinated Tomato BLATs.,https://www.howsweeteats.com/2021/08/marinated-tomato-blts/,1628165063,hlavní jídla,unread
Buffalo Tempeh and Ranch Pita Sandwiches with Avocado,https://inspiralized.com/buffalo-tempeh-and-ranch-pita-sandwiches-with-avocado,1628164968,hlavní jídla,unread
Peach Smoothie,https://www.eatingbirdfood.com/peach-smoothie/,1628252182,snídaně,unread
Air Fryer Juicy Lucy Burger,https://www.nutmegnanny.com/air-fryer-juicy-lucy-burger/,1628256436,hlavní jídla,unread
Churro Chex Mix Recipe,https://abeautifulmess.com/churro-chex-mix-recipe/,1629032894,svačiny a chuťovky,unread
Pepper Steak,https://fitfoodiefinds.com/pepper-steak/,1628949454,hlavní jídla,unread
Brighten Your Morning With This Easy Tropical Chia Pudding Recipe,https://www.blogilates.com/blog/brighten-your-morning-with-this-easy-tropical-chia-pudding-recipe/,1629030425,snídaně,unread
https://www.yogiapproved.com/yum/post-sex-tonic-recipe/?vgo_ee=W02TYugF7JOnVI8ms3uxHK0EMugWvy7VaavokP7dQpI%3D,https://www.yogiapproved.com/yum/post-sex-tonic-recipe/?vgo_ee=W02TYugF7JOnVI8ms3uxHK0EMugWvy7VaavokP7dQpI%3D,1629404265,nápoje,unread
Easy Corn Salsa (Chipotle Copycat),https://www.eatingbirdfood.com/corn-salsa/,1629808434,svačiny a chuťovky,unread
https://www.yogiapproved.com/yum/autumn-spice-sangria-recipe/?vgo_ee=W02TYugF7JOnVI8ms3uxHK0EMugWvy7VaavokP7dQpI%3D,https://www.yogiapproved.com/yum/autumn-spice-sangria-recipe/?vgo_ee=W02TYugF7JOnVI8ms3uxHK0EMugWvy7VaavokP7dQpI%3D,1629838259,nápoje,unread
Grilled Scallops (with Herby White Wine Sauce),https://fitfoodiefinds.com/grilled-scallops-recipe/,1630070243,hlavní jídla,unread
Tex Mex Stuffed Peppers,https://fedandfit.com/tex-mex-stuffed-peppers/,1630414686,hlavní jídla,unread
Savory Teff Crepes with Miso Squash Filling,https://minimalistbaker.com/savory-teff-crepes-with-miso-squash-filling/,1630674379,snídaně,unread
Cauliflower Taco Skillet,https://fitfoodiefinds.com/cauliflower-taco-skillet/,1630851338,hlavní jídla,unread
Stop What You’re Doing And Make These Sweet Potato Nachos NOW,https://www.blogilates.com/blog/stop-what-youre-doing-and-make-these-sweet-potato-nachos-now/,1630763785,hlavní jídla,unread
https://www.theleangreenbean.com/healthy-road-trip-snacks/,https://www.theleangreenbean.com/healthy-road-trip-snacks/,1631904995,děti|svačiny a chuťovky,unread
Easy Baked One Pot Pasta,https://fitfoodiefinds.com/one-pot-pasta-recipe/,1630851291,hlavní jídla,unread
Healthy Honey Mustard,https://www.slenderkitchen.com/recipe/healthy-honey-mustard,1630852959,přílohy,unread
Iced Brown Sugar Oatmilk Shaken Espresso,https://fitfoodiefinds.com/iced-brown-sugar-oatmilk-shaken-espresso/,1631017640,nápoje,unread
Fall Favorite Maple-Mustard Tempeh Bowls,http://feedproxy.google.com/~r/pinch-of-yum/~3/7a1-MoxAv3I/fall-favorite-maple-mustard-tempeh-bowls,1631015573,saláty,unread
Fig Burrata Caprese.,https://www.howsweeteats.com/2021/09/fig-caprese/,1631105059,saláty,unread
Shailey’s Chicken Verde Enchiladas,https://abeautifulmess.com/shaileys-chicken-verde-enchiladas/,1631109924,hlavní jídla,unread
Zucchini Enchilada Boats,https://fedandfit.com/enchilada-stuffed-zucchini-boats/,1631109391,hlavní jídla,unread
Meet Your New Breakfast Bestie: Easy Chia Jam,https://www.blogilates.com/blog/meet-your-new-breakfast-bestie-easy-chia-jam/,1631361937,"marmelády, zavařování",unread
The BEST Tofu Tacos,https://fitfoodiefinds.com/the-best-tofu-tacos/,1631361116,hlavní jídla,unread
High Protein Oat Bran,https://www.pbfingers.com/high-protein-oat-bran/,1631534106,snídaně,unread
Perfect Pecan Pie,http://feedproxy.google.com/~r/browneyedbaker/feed/~3/WuXbv6keDCw/,1631619276,dezerty,unread
Whole Roasted Chicken and Potatoes with Fresh Arugula Salad,https://fedandfit.com/roasted-whole-chicken/,1631619540,hlavní jídla,unread
Indian-Inspired Butter Chicken Bowl,https://fedandfit.com/butter-chicken-bowl-recipe/,1631619586,hlavní jídla,unread
Pesto Meatball Melts.,https://www.howsweeteats.com/2021/09/pesto-meatball-melts/,1631707998,hlavní jídla,unread
Stuffed Round Zucchini,https://www.runningtothekitchen.com/stuffed-round-zucchini/,1631709003,přílohy,unread
Easy Green Chile Queso Recipe,https://runeatrepeat.com/easy-green-chile-queso-recipe/,1631794459,svačiny a chuťovky,unread
Apple Cinnamon Baked Oatmeal.,https://www.howsweeteats.com/2021/09/apple-cinnamon-baked-oatmeal/,1631884440,snídaně,unread
Air Fryer Sweet Potato Fries,https://www.eatingbirdfood.com/air-fryer-sweet-potato-fries/,1631883391,přílohy,unread
Super Easy Flourless Blender Muffins,https://www.blogilates.com/blog/super-easy-flourless-blender-muffins/,1631976249,dezerty,unread
https://www.yogiapproved.com/yum/vegan-buddha-bowl-recipe/?vgo_ee=W02TYugF7JOnVI8ms3uxHK0EMugWvy7VaavokP7dQpI%3D,https://www.yogiapproved.com/yum/vegan-buddha-bowl-recipe/?vgo_ee=W02TYugF7JOnVI8ms3uxHK0EMugWvy7VaavokP7dQpI%3D,1632002856,hlavní jídla,unread
Incredible Pumpkin French Toast,https://fitfoodiefinds.com/incredible-pumpkin-french-toast/,1632138107,snídaně,unread
No-Bake Pumpkin Oatmeal Cookies,https://abeautifulmess.com/no-bake-pumpkin-oatmeal-cookies/,1632229921,dezerty,unread
How to Make Roasted Red Peppers,https://minimalistbaker.com/how-to-make-roasted-red-peppers/,1632313408,přílohy|saláty,unread
Mac and Cheese Instant Pot Recipe,https://fedandfit.com/instant-pot-mac-and-cheese/,1632396198,přílohy,unread
DORTÍK DO SKLENIČKY (vegan),http://www.maruskaveg.com/2021/09/dortik-do-sklenicky-vegan.html,1632399815,dezerty,unread
https://www.yogiapproved.com/health-wellness/self-care-diy-lavender-sugar-scrub/?vgo_ee=W02TYugF7JOnVI8ms3uxHK0EMugWvy7VaavokP7dQpI%3D,https://www.yogiapproved.com/health-wellness/self-care-diy-lavender-sugar-scrub/?vgo_ee=W02TYugF7JOnVI8ms3uxHK0EMugWvy7VaavokP7dQpI%3D,1632429116,kosmetika,unread
Easy Espresso Martini,https://abeautifulmess.com/easy-espresso-martini-1/,1660397877,nápoje,unread
Apple Cinnamon Rolls with Brown Butter Maple Icing.,https://www.halfbakedharvest.com/apple-cinnamon-rolls/,1632832880,snídaně,unread
Baked Chicken Breast with Roasted Vegetables and Wild Rice,https://fedandfit.com/baked-chicken-breast/,1632833251,hlavní jídla,unread
Sweet Potato Bites,https://www.eatingbirdfood.com/sweet-potato-bites/,1632834309,svačiny a chuťovky,unread
https://www.yogiapproved.com/yum/diy-latte-recipe/,https://www.yogiapproved.com/yum/diy-latte-recipe/,1633035932,nápoje,unread
How To Make Compound Butter,http://feedproxy.google.com/~r/browneyedbaker/feed/~3/glAUfONGGBk/,1633611112,pomazánky,unread
Brown Sugar Bourbon Smash.,https://www.howsweeteats.com/2021/10/brown-sugar-bourbon-smash/,1633611180,nápoje,unread
Caramel Pretzel Skillet Cookie.,https://www.howsweeteats.com/2021/10/caramel-pretzel-skillet-cookie/,1633701785,dezerty,unread
https://www.yogiapproved.com/yum/coffee-alternative-medicinal-mushrooms/,https://www.yogiapproved.com/yum/coffee-alternative-medicinal-mushrooms/,1633722599,nápoje,unread
Easy Lunch Box Ideas For Kids,https://www.theleangreenbean.com/easy-lunch-box-ideas-for-kids/,1633782292,děti,unread
Pour Over Coffee (Chemex Tutorial),https://fitfoodiefinds.com/pour-over-coffee-chemex-tutorial/,1633868390,nápoje,unread
Brown Sugar and Cinnamon Coffee Creamer,https://lovelylittlekitchen.com/brown-sugar-and-cinnamon-coffee-creamer/,1633870340,nápoje,unread
Olive Garden Chicken Gnocchi Soup,https://fitfoodiefinds.com/olive-garden-chicken-gnocchi-soup/,1634038891,polévky,unread
"Turkey Patties {for breakfast, baked}",https://agutsygirl.com/2021/10/12/turkey-patties/,1634041843,snídaně,unread
Delicious Maple Chai Chex Mix,https://fitfoodiefinds.com/delicious-chai-chex-mix/,1634385846,svačiny a chuťovky,unread
Butternut Squash Mac and Cheese,https://fitfoodiefinds.com/butternut-squash-mac-and-cheese/,1634468811,hlavní jídla,unread
https://www.yogiapproved.com/yum/rice-paper-rolls-recipe/,https://www.yogiapproved.com/yum/rice-paper-rolls-recipe/,1634491814,svačiny a chuťovky,unread
Pumpkin Soup with Walnut Crispies,http://feedproxy.google.com/~r/pinch-of-yum/~3/fTfSIZfw0CM/pumpkin-soup-with-walnut-crispies,1634560179,polévky,unread
Easy Roasted Beets,https://www.eatingbirdfood.com/roasted-beets/,1634561779,přílohy,unread
Gluten-Free Biscotti with Ginger & Chocolate,https://minimalistbaker.com/gluten-free-biscotti-with-ginger-chocolate/,1634731545,dezerty,unread
Crispy Baked Cheeseburger Tacos with How Sweet Eats House Sauce.,https://www.howsweeteats.com/2021/10/baked-cheeseburger-tacos/,1634733011,hlavní jídla,unread
Ham Salad,https://lilluna.com/ham-salad/,1634732638,saláty,unread
Crispy Garlic Air Fryer Cabbage,https://www.runningtothekitchen.com/air-fryer-cabbage/,1634817542,přílohy,unread
Slow Cooker Fire Roasted Brisket Chili.,https://www.howsweeteats.com/2021/10/brisket-chili/,1634902493,hlavní jídla|polévky,unread
How to Make Homemade Pomegranate Jelly,https://wholefully.com/pomegranate-jelly/,1634987386,"marmelády, zavařování",unread
Glazed Berry Drop Biscuits,https://lovelylittlekitchen.com/glazed-berry-drop-biscuits/,1635075037,snídaně,unread
Proteinové sušenky,http://zdravejist.blogspot.com/2021/10/proteinove-susenky.html,1635075200,dezerty,unread
Enchilada-Stuffed Butternut Squash,https://minimalistbaker.com/enchilada-stuffed-butternut-squash/,1635161557,hlavní jídla,unread
Pumpkin Risotto with Apple Cider Caramelized Onions.,https://www.howsweeteats.com/2021/10/pumpkin-risotto/,1635167396,hlavní jídla,unread
Sticky Pomegranate Salmon with Brussels & Broccoli.,https://www.howsweeteats.com/2021/10/sticky-pomegranate-salmon-with-brussels-broccoli/,1635337512,hlavní jídla,unread
Best Baked Sweet Potato Fries,https://fedandfit.com/sweet-potato-fries/,1635421117,přílohy,unread
Vegan Mac and Cheese,https://www.eatingbirdfood.com/vegan-mac-and-cheese/,1635424755,hlavní jídla,unread
Brownies with Almond Flour,http://feedproxy.google.com/~r/elanaspantry/~3/j23h83xeCvU/,1635425741,dezerty,unread
Vegan Cornbread,https://www.eatingbirdfood.com/vegan-cornbread/,1635514573,přílohy,unread
Smoked Turkey Brine,https://fitfoodiefinds.com/smoked-turkey-brine/,1635682016,marinády,unread
French Onion Mashed Potatoes.,https://www.howsweeteats.com/2021/11/french-onion-mashed-potatoes/,1635860824,přílohy,unread
Impossible Teriyaki Bowls – Pre Race Recipe,https://runeatrepeat.com/impossible-teriyaki-bowls-pre-race-recipe/,1635861383,hlavní jídla,unread
How to Broil Steak (Bacon Wrapped Filet),https://abeautifulmess.com/how-to-broil-steak-bacon-wrapped-filet/,1635948129,hlavní jídla,unread
Baked Onion Rings,https://www.slenderkitchen.com/recipe/baked-onion-rings,1636037838,přílohy,unread
How to Parbake (and Blind Bake) Pie Crust   Foolproof Flaky Pie Dough,https://alexandracooks.com/2021/11/07/how-to-parbake-and-blind-bake-pie-crust-foolproof-flaky-pie-dough/,1636290924,dezerty,unread
Edamame Guacamole (No Avocado) #ScienceSundays,https://www.thespiffycookie.com/2021/11/07/edamame-guacamole-no-avocado-sciencesundays/,1636296316,přílohy|saláty|svačiny a chuťovky,unread
The Creamiest Broccoli Shells and Cheese.,https://www.howsweeteats.com/2021/11/the-creamiest-broccoli-shells-and-cheese/,1636378411,hlavní jídla,unread
Mulled Cider Spiced Brown Sugar Cookies,https://www.thespiffycookie.com/2021/11/08/mulled-cider-spiced-brown-sugar-cookies/,1636377473,cukroví|vánoce,unread
Easy Baked Chocolate Cheesecake (Vegan   GF),https://minimalistbaker.com/easy-baked-vegan-chocolate-cheesecake-gluten-free/,1636548255,dezerty,unread
Glazed Orange Carrot Cookies,https://www.thespiffycookie.com/2021/11/10/glazed-orange-carrot-cookies/,1636551482,cukroví|vánoce,unread
Recipe for Gluten Free Cornbread Skillet,http://feedproxy.google.com/~r/elanaspantry/~3/y4psF73I9ww/,1636552103,přílohy|snídaně|svačiny a chuťovky,unread
Creamy White Chicken Chili.,https://www.halfbakedharvest.com/creamy-white-chicken-chili/,1636633449,hlavní jídla,unread
Spiced Orange Gin & Tonic.,https://www.howsweeteats.com/2021/11/orange-gin-and-tonic/,1636638657,nápoje,unread
Egg Muffin Cups,https://fedandfit.com/egg-muffins/,1636633508,snídaně,unread
Healthy Cranberry Sauce,https://www.eatingbirdfood.com/cranberry-sauce/,1636723972,přílohy,unread
Chai Snickerdoodles,https://www.thespiffycookie.com/2021/11/12/chai-snickerdoodles/,1636726356,cukroví|vánoce,unread
Homemade Cream of Chicken Soup,https://lovelylittlekitchen.com/homemade-cream-of-chicken-soup/,1636897403,polévky,unread
Homemade Chicken Nuggets (Baked),https://fedandfit.com/baked-chicken-nuggets/,1637065496,hlavní jídla,unread
Cranberry Orange Bread,https://www.fannetasticfood.com/cranberry-orange-bread/,1637065692,dezerty,unread
Cornbread Chestnut Stuffing,https://www.runningtothekitchen.com/cornbread-chestnut-stuffing/,1637066641,přílohy,unread
Prosciutto Wrapped Stuffed Turkey Breast.,https://www.howsweeteats.com/2021/11/prosciutto-wrapped-turkey-breast/,1637157281,hlavní jídla,unread
Classic Sweet Potato Casserole,https://alexandracooks.com/2021/11/17/classic-sweet-potato-casserole/,1637156217,přílohy,unread
Pastry Wrapped Cranberry Baked Brie.,https://www.halfbakedharvest.com/pastry-wrapped-cranberry-baked-brie/,1637237339,svačiny a chuťovky,unread
How to Make Perfect Mimosas,https://www.eatingbirdfood.com/how-to-make-mimosas/,1637242651,nápoje,unread
Brown Butter Hasselback Potatoes with Caramelized Onions.,https://www.howsweeteats.com/2021/11/hasselback-potatoes/,1637331529,přílohy,unread
Mulled Wine,https://www.eatingbirdfood.com/mulled-wine/,1637329286,nápoje,unread
Make-Ahead Vegan Green Bean Casserole,https://fitnessista.com/make-ahead-vegan-green-bean-casserole/,1637585451,přílohy,unread
Miso Pumpkin Risotto with Crispy Sage,https://minimalistbaker.com/miso-pumpkin-risotto-with-crispy-sage/,1637675628,hlavní jídla|přílohy,unread
Roasted Potatoes in Oven,https://fedandfit.com/oven-roasted-potatoes/,1637847148,přílohy,unread
Vodka Soda,https://www.eatingbirdfood.com/vodka-soda/,1638281734,nápoje,unread
Easy Fig Jam,https://www.eatingbirdfood.com/fig-jam/,1638453215,"marmelády, zavařování",unread
Air Fryer Chicken Thighs,https://fitfoodiefinds.com/air-fryer-chicken-thighs/,1638709266,hlavní jídla,unread
Sourdough Cranberry Bread,https://lovelylittlekitchen.com/sourdough-cranberry-bread/,1638709653,pečivo,unread
Brokolicovo šampiňónové karí,https://akochutimasala.blogspot.com/2021/12/brokolicovo-sampinonove-kari.html,1638800770,hlavní jídla,unread
http://terapiedomova.blogspot.com/2021/12/vanocni-plan-2-tydny-do-vanoc.html?m=1,http://terapiedomova.blogspot.com/2021/12/vanocni-plan-2-tydny-do-vanoc.html?m=1,1638978323,cukroví,unread
Chocolate Peppermint Cookies,https://www.eatingbirdfood.com/chocolate-peppermint-cookies/,1639056049,cukroví|dezerty|vánoce,unread
Recept na skořicové šneky s vla a další dezerty nejen na Vánoce,https://www.vitalia.cz/clanky/recept-na-skoricove-sneky-s-vla-a-dalsi-dezerty/?utm_source=feedly&utm_medium=text&utm_campaign=rss,1639318380,dezerty|snídaně|vánoce,unread
Stovetop Chicken Broccoli and Rice Casserole,https://fitfoodiefinds.com/stovetop-chicken-broccoli-and-rice-casserole-recipe/,1639921096,hlavní jídla,unread
Spicy Lasagna Soup.,https://www.halfbakedharvest.com/spicy-lasagna-soup/,1640094010,polévky,unread
Make This Pink Peppermint Popcorn Over Holiday Break!,https://www.howsweeteats.com/2021/12/peppermint-popcorn/,1640180529,svačiny a chuťovky|vánoce,unread
Easy Vodka Sauce (For Pasta Alla Vodka),https://lexiscleankitchen.com/pasta-alla-vodka-sauce/,1640265946,hlavní jídla,unread
Cinnamon Raisin Almond Butter,https://www.eatingbirdfood.com/not-so-sinful-cinnamon-raisin-almond-butter/,1640265981,"marmelády, zavařování|pomazánky",unread
Air Fryer Brussels Sprouts,https://www.eatingbirdfood.com/air-fryer-brussels-sprouts/,1640524067,přílohy,unread
Best Sautéed Shrimp,https://fitfoodiefinds.com/best-sauteed-shrimp/,1640613557,hlavní jídla,unread
Air Fryer Salmon,https://www.eatingbirdfood.com/air-fryer-salmon/,1640614452,hlavní jídla,unread
Hot Honey Bacon Wrapped Dates.,https://www.howsweeteats.com/2021/12/bacon-wrapped-dates/,1640790651,svačiny a chuťovky,unread
Air Fryer Chicken Breast,https://www.eatingbirdfood.com/air-fryer-chicken-breast/,1640875308,hlavní jídla,unread
Strawberry Pie,https://lilluna.com/strawberry-pie/,1657463660,dezerty,unread
Breakfast Oatmeal Cupcakes To Go,https://chocolatecoveredkatie.com/breakfast-oatmeal-cupcakes-to-go/?utm_source=feedly&utm_medium=rss&utm_campaign=breakfast-oatmeal-cupcakes-to-go,1641135929,snídaně,unread
Crunchy Emerald Kale Salad with Peanut Vinaigrette.,https://www.howsweeteats.com/2022/01/emerald-kale-salad/,1641216213,saláty|svačiny a chuťovky,unread
Detox Soup,https://www.eatingbirdfood.com/detox-soup/,1641216834,polévky,unread
Lighter Creamy Broccoli Cheddar Soup.,https://www.halfbakedharvest.com/lighter-creamy-broccoli-cheddar-soup/,1641393907,polévky,unread
Chocolate Raspberry Cheesecake Turnovers.,https://www.howsweeteats.com/2022/02/raspberry-turnovers/,1644844777,dezerty|snídaně,unread
Sheet Pan Greek Garlic Butter Chicken and Potatoes.,https://www.halfbakedharvest.com/garlic-butter-chicken-and-potatoes/,1645625068,hlavní jídla,unread
Protein Cookies,https://www.eatingbirdfood.com/protein-cookies/,1645719949,dezerty,unread
Cookies and Cream Bars.,https://www.howsweeteats.com/2022/02/cookies-and-cream-bars/,1645791967,dezerty,unread
Lamb Tacos,https://www.runningtothekitchen.com/lamb-tacos/,1645791584,hlavní jídla,unread
Small Batch Thin Mint Brownies,https://fitfoodiefinds.com/small-batch-thin-mint-brownies/,1646598640,dezerty,unread
Galaxy Donuts,https://chocolatecoveredkatie.com/galaxy-donuts/?utm_source=feedly&utm_medium=rss&utm_campaign=galaxy-donuts,1647212343,snídaně,unread
Bakery Blueberry Vanilla Crunch Muffins.,https://www.halfbakedharvest.com/blueberry-vanilla-crunch-muffins/,1647349810,dezerty,unread
Fajita Seasoning,https://lilluna.com/fajita-seasoning/,1647350529,koření,unread
Easy Homemade Naan (Two Ingredient Dough),https://www.slenderkitchen.com/recipe/easy-homemade-naan-two-ingredient-dough,1647613038,pečivo|přílohy,unread
Vegan Red Lentil Curry,https://www.theleangreenbean.com/vegan-red-lentil-curry/,1647697752,hlavní jídla,unread
Spring Couscous Bowls with Lemon Feta Vinaigrette.,https://www.howsweeteats.com/2022/03/spring-couscous-bowls/,1647871188,hlavní jídla,unread
Best Ever Strawberry Spinach Salad with Balsamic Dressing,https://ifoodreal.com/best-ever-strawberry-spinach-salad-with-balsamic-dressing/,1648561044,saláty,unread
Smashed Avocado Toast with Goat Cheese,https://www.fannetasticfood.com/goat-cheese-smashed-avocado-toast/,1648563044,svačiny a chuťovky,unread
Grandma Marie’s Homemade Pizza Dough Recipe,https://fitfoodiefinds.com/homemade-pizza-dough-recipe/,1648993537,hlavní jídla,unread
Easy Hairstyles for Short Hair: Quick Styles You Can Do at Home - Easy Fash,https://nowthaticando.com/home/easy-hairstyles-for-short-hair-quick-styles-you-can-do-at-home,1659706118,kosmetika,unread
Ranch Chicken Meatballs with Broccoli Couscous.,https://www.howsweeteats.com/2022/04/ranch-chicken-meatballs/,1649251506,hlavní jídla,unread
Pork Spare Ribs in the Oven,https://fedandfit.com/pork-spare-ribs-in-oven/,1649339140,hlavní jídla,unread
Carrot-Shaped Pastries,https://abeautifulmess.com/carrot-shaped-pastries/,1649339452,dezerty|velikonoce,unread
Ginger Air Fryer Chicken (stove top option),https://www.cottercrunch.com/ginger-air-fryer-chicken/,1649509660,hlavní jídla,unread
Granola Scones.,https://www.howsweeteats.com/2022/04/granola-scones/,1649424607,snídaně,unread
Lemon Poppy Seed Bread,https://fitfoodiefinds.com/lemon-poppy-seed-bread/,1649509479,snídaně|svačiny a chuťovky,unread
Skillet Pizza Chicken,http://www.theironyou.com/2022/04/skillet-pizza-chicken.html,1649425839,hlavní jídla,unread
Carne Asada Marinade,https://lilluna.com/carne-asada-marinade/,1649426136,hlavní jídla|marinády,unread
What is Nutritional Yeast?,https://www.eatingbirdfood.com/nutritional-yeast/,1649509159,saláty,unread
Chocolate Coconut Easter Cake.,https://www.howsweeteats.com/2022/04/chocolate-coconut-easter-cake/,1649854965,dezerty|velikonoce,unread
Velikonoční beránek,http://zdravejist.blogspot.com/2022/04/velikonocni-beranek.html,1649854883,dezerty|velikonoce,unread
Whole Wheat Penne with Creamy Tomato Sauce,http://www.theironyou.com/2022/04/whole-wheat-penne-with-creamy-tomato.html,1649855027,hlavní jídla,unread
Our Favorite Ranch Dressing Recipe!,https://www.howsweeteats.com/2022/04/ranch-dressing-recipe/,1649940560,přílohy|svačiny a chuťovky,unread
Cheesecake Chimichanga,https://lilluna.com/cheesecake-chimichanga/,1649941776,dezerty,unread
Instant Pot Barbacoa,https://fedandfit.com/instant-pot-barbacoa/,1649942120,hlavní jídla,unread
Chicken Tinga,https://fitfoodiefinds.com/chicken-tinga-recipe/,1650116010,hlavní jídla,unread
Soft & Chewy Molasses Cookies,https://abeautifulmess.com/soft-chewy-molasses-cookies/,1650115427,dezerty,unread
Healthy Carrot Cake Bars (Gluten Free),https://ifoodreal.com/healthy-carrot-cake-bars/,1650116355,dezerty,unread
Fudgy Tahini Date Chocolate Bars,https://minimalistbaker.com/tahini-date-chocolate-bars-honey-mamas-inspired/,1650458576,dezerty,unread
Herby White Bean Tuna Salad.,https://www.howsweeteats.com/2022/04/white-bean-tuna-salad/,1650458708,hlavní jídla|saláty,unread
Instant Pot Whole Chicken,https://www.cottercrunch.com/instant-pot-whole-chicken/,1650719500,hlavní jídla,unread
Giant Chewy Oatmeal Chocolate Chip Cookies.,https://www.halfbakedharvest.com/chewy-oatmeal-chocolate-chip-cookies/,1650629854,dezerty,unread
White Chocolate Lavender Slice and Bake Shortbread.,https://www.howsweeteats.com/2022/04/white-chocolate-lavender-shortbread/,1650629924,dezerty,unread
Cilantro Lime Cauliflower Rice,https://www.eatingbirdfood.com/cilantro-lime-cauliflower-rice/,1650630043,přílohy,unread
Green Curry Chicken Meatballs,https://fitfoodiefinds.com/green-curry-chicken-meatballs/,1650635968,hlavní jídla,unread
Frozen Margarita Pie Bars,https://fitfoodiefinds.com/margarita-pie-bars/,1650715987,dezerty,unread
Grilled Chicken Orzo Salad with Avocado.,https://www.howsweeteats.com/2022/04/grilled-chicken-orzo-salad/,1650889122,hlavní jídla|saláty,unread
Chicken Burrito Bowl,https://www.eatingbirdfood.com/chicken-burrito-bowl/,1650889384,hlavní jídla,unread
Pull Apart French Toast Bake.,https://www.halfbakedharvest.com/pull-apart-french-toast-bake/,1650974115,snídaně,unread
The Best (Vegan) Apple Cake,http://www.theironyou.com/2022/04/the-best-vegan-apple-cake.html,1650978059,dezerty,unread
How to Make Oatmeal on the Stove,https://fedandfit.com/how-to-make-oatmeal-on-the-stove/,1650981895,snídaně,unread
Thick Greek Yogurt Frosting for Cakes and Cupcakes,https://ifoodreal.com/greek-yogurt-frosting/,1650982009,dezerty|polevy,unread
Pimento Cheese Deviled Eggs with Crushed Potato Chips.,https://www.howsweeteats.com/2022/04/pimento-cheese-deviled-eggs/,1651065723,svačiny a chuťovky,unread
Easy Guacamole,https://www.eatingbirdfood.com/guacamole/,1651065669,pomazánky|svačiny a chuťovky,unread
White Chocolate Macadamia Nut Cookies,https://abeautifulmess.com/white-chocolate-macadamia-nut-cookies/,1651147309,dezerty,unread
Cauliflower Tacos,https://www.eatingbirdfood.com/cauliflower-tacos/,1651237086,hlavní jídla,unread
Sheet Pan Shrimp Fajitas,https://www.fannetasticfood.com/sheet-pan-shrimp-fajitas/,1651237720,hlavní jídla,unread
Grand Marnier Margarita,https://fedandfit.com/grand-marnier-margarita/,1651237777,nápoje,unread
Sheet Pan Greek Meatballs and Tzatziki.,https://www.halfbakedharvest.com/sheet-pan-greek-meatballs/,1651496295,hlavní jídla,unread
Smoky Chipotle Layered Taco Dip.,https://www.howsweeteats.com/2022/05/layered-taco-dip/,1651496639,svačiny a chuťovky,unread
King Ranch Chicken Casserole,https://fedandfit.com/king-ranch-casserole/,1651755382,hlavní jídla,unread
Lasagne se špenátem a červenou řepou,http://www.delicious-blog-lucie.cz/2022/05/lasagne-se-spenatem-cervenou-repou.html,1651843217,hlavní jídla,unread
Smoked Salmon,https://fitfoodiefinds.com/smoked-salmon-recipe/,1652012921,hlavní jídla,unread
"Simple, Homemade Guacamole",https://alexandracooks.com/2022/05/08/simple-homemade-guacamole/,1652013675,přílohy|svačiny a chuťovky,unread
Strawberry Yogurt Muffins,https://www.eatingbirdfood.com/strawberry-yogurt-muffins/,1652098697,dezerty,unread
Acai Bowl,https://www.nutmegnanny.com/acai-bowl/,1652099351,snídaně,unread
5 High Protein Meal Prep Recipes,https://fitnessista.com/5-high-protein-meal-prep-recipes/,1652186715,hlavní jídla,unread
Cottage Pie with Beef,https://fedandfit.com/cottage-pie-with-beef/,1652186518,hlavní jídla,unread
Sourdough Croutons,https://www.eatingbirdfood.com/sourdough-croutons/,1652362352,přílohy,unread
Warm BBQ Ranch Chickpea Pitas with Sharp Cheddar.,https://www.howsweeteats.com/2022/05/bbq-chickpea-pitas/,1652877659,hlavní jídla,unread
Italian Chopped Salad,https://www.eatingbirdfood.com/italian-chopped-salad/,1652878165,saláty,unread
Smoked Pulled Pork Tacos,https://fitfoodiefinds.com/smoked-pulled-pork-tacos/,1655472182,hlavní jídla,unread
Chicken Salad with Grapes,https://lilluna.com/chicken-salad-with-grapes/,1655563560,přílohy|saláty,unread
https://www.celostnimedicina.cz/kvety-trnky-jako-lek-ale-i-zaklad-pro-dobry-caj.htm?hmc=28&d=1014558&utm_campaign=yot_email_1014558&utm_source=em_prozdravi&utm_medium=email&yottly_email=982a4ebb-a094-4378-acfe-587ac46fa95b,https://www.celostnimedicina.cz/kvety-trnky-jako-lek-ale-i-zaklad-pro-dobry-caj.htm?hmc=28&d=1014558&utm_campaign=yot_email_1014558&utm_source=em_prozdravi&utm_medium=email&yottly_email=982a4ebb-a094-4378-acfe-587ac46fa95b,1655638341,nápoje,unread
https://www.celostnimedicina.cz/uvarit-si-je-naprosty-zaklad-a-zvladne-to-kazdy.htm?hmc=27&d=1014680&utm_campaign=yot_email_1014680&utm_source=em_prozdravi&utm_medium=email&yottly_email=cc6ae8ff-8963-499d-8192-4e4740b55c9b,https://www.celostnimedicina.cz/uvarit-si-je-naprosty-zaklad-a-zvladne-to-kazdy.htm?hmc=27&d=1014680&utm_campaign=yot_email_1014680&utm_source=em_prozdravi&utm_medium=email&yottly_email=cc6ae8ff-8963-499d-8192-4e4740b55c9b,1655913464,polévky,unread
https://www.celostnimedicina.cz/veggie-burger.htm?hmc=28&d=1014775&utm_campaign=yot_email_1014775&utm_source=em_prozdravi&utm_medium=email&yottly_email=5324b96a-8d98-4618-9fb0-3a115b160ee0,https://www.celostnimedicina.cz/veggie-burger.htm?hmc=28&d=1014775&utm_campaign=yot_email_1014775&utm_source=em_prozdravi&utm_medium=email&yottly_email=5324b96a-8d98-4618-9fb0-3a115b160ee0,1656105028,hlavní jídla,unread
https://www.celostnimedicina.cz/uz-nase-babicky-chystaly-ghi-a-vubec-byly-ve-vsem-sobestacnejsi.htm?hmc=29&d=1014883&utm_campaign=yot_email_1014883&utm_source=em_prozdravi&utm_medium=email&yottly_email=02e49c4a-8d03-4a59-8746-1f48aa27d2f2,https://www.celostnimedicina.cz/uz-nase-babicky-chystaly-ghi-a-vubec-byly-ve-vsem-sobestacnejsi.htm?hmc=29&d=1014883&utm_campaign=yot_email_1014883&utm_source=em_prozdravi&utm_medium=email&yottly_email=02e49c4a-8d03-4a59-8746-1f48aa27d2f2,1656176834,pečivo,unread
https://www.celostnimedicina.cz/cerny-bez-se-nikdy-neomrzi.htm?hmc=26&d=1015463&utm_campaign=yot_email_1015463&utm_source=em_prozdravi&utm_medium=email&yottly_email=3b2b9e34-6f7e-4dce-86e7-ea046ba7198f,https://www.celostnimedicina.cz/cerny-bez-se-nikdy-neomrzi.htm?hmc=26&d=1015463&utm_campaign=yot_email_1015463&utm_source=em_prozdravi&utm_medium=email&yottly_email=3b2b9e34-6f7e-4dce-86e7-ea046ba7198f,1656429255,hlavní jídla|nápoje,unread
https://www.celostnimedicina.cz/maminkam-deti-s-celiakii.htm?hmc=22&d=1015938&utm_campaign=yot_email_1015938&utm_source=em_prozdravi&utm_medium=email&yottly_email=ef97c18c-c185-4d2c-9666-486bfb75680a,https://www.celostnimedicina.cz/maminkam-deti-s-celiakii.htm?hmc=22&d=1015938&utm_campaign=yot_email_1015938&utm_source=em_prozdravi&utm_medium=email&yottly_email=ef97c18c-c185-4d2c-9666-486bfb75680a,1656429404,hlavní jídla|pečivo|snídaně,unread
https://www.celostnimedicina.cz/mirabelky-vubec-nejsou-podradnym-ovocem.htm?hmc=19&d=1016269&utm_campaign=yot_email_1016269&utm_source=em_prozdravi&utm_medium=email&yottly_email=e8519f04-a0d4-4e52-a6b8-0c1651a19f7c,https://www.celostnimedicina.cz/mirabelky-vubec-nejsou-podradnym-ovocem.htm?hmc=19&d=1016269&utm_campaign=yot_email_1016269&utm_source=em_prozdravi&utm_medium=email&yottly_email=e8519f04-a0d4-4e52-a6b8-0c1651a19f7c,1656430592,"marmelády, zavařování",unread
https://www.celostnimedicina.cz/jak-zpracovat-mesicek-lekarsky.htm?hmc=19&d=1016325&utm_campaign=yot_email_1016325&utm_source=em_prozdravi&utm_medium=email&yottly_email=75384fe0-491b-411f-97f0-13fcb7c43827,https://www.celostnimedicina.cz/jak-zpracovat-mesicek-lekarsky.htm?hmc=19&d=1016325&utm_campaign=yot_email_1016325&utm_source=em_prozdravi&utm_medium=email&yottly_email=75384fe0-491b-411f-97f0-13fcb7c43827,1656430677,kosmetika,unread
https://www.celostnimedicina.cz/jak-vyuzit-lecivych-ucinku-krenu-selskeho.htm?hmc=24&d=1017394&utm_campaign=yot_email_1017394&utm_source=em_prozdravi&utm_medium=email&yottly_email=4fe021df-4d7c-4c7b-870e-1721632e9635,https://www.celostnimedicina.cz/jak-vyuzit-lecivych-ucinku-krenu-selskeho.htm?hmc=24&d=1017394&utm_campaign=yot_email_1017394&utm_source=em_prozdravi&utm_medium=email&yottly_email=4fe021df-4d7c-4c7b-870e-1721632e9635,1656431985,kosmetika,unread
https://www.celostnimedicina.cz/maliny-cevam-primo-na-miru.htm?utm_campaign=1020998&utm_medium=email&utm_source=em_prozdravi&d=1020998,https://www.celostnimedicina.cz/maliny-cevam-primo-na-miru.htm?utm_campaign=1020998&utm_medium=email&utm_source=em_prozdravi&d=1020998,1656493177,nápoje,unread
https://www.celostnimedicina.cz/nakladane-zeli-je-v-zime-zaklad.htm?utm_campaign=1021504&utm_medium=email&utm_source=em_prozdravi&d=1021504,https://www.celostnimedicina.cz/nakladane-zeli-je-v-zime-zaklad.htm?utm_campaign=1021504&utm_medium=email&utm_source=em_prozdravi&d=1021504,1656493497,přílohy,unread
https://www.celostnimedicina.cz/brslice-kozi-noha-bylinka-vhodna-pri-dnovem-onemocneni.htm?d=1022622&utm_source=em_prozdravi&utm_medium=email&utm_campaign=1022622,https://www.celostnimedicina.cz/brslice-kozi-noha-bylinka-vhodna-pri-dnovem-onemocneni.htm?d=1022622&utm_source=em_prozdravi&utm_medium=email&utm_campaign=1022622,1656500836,přílohy|saláty,unread
https://happybaby.cz/velikonoce/velikonocni-jidase/?sid=3b26520bfeb54cfaaf22e106393fceab&t=n,https://happybaby.cz/velikonoce/velikonocni-jidase/?sid=3b26520bfeb54cfaaf22e106393fceab&t=n,1656680060,dezerty|pečivo|velikonoce,unread
https://happybaby.cz/vyziva_a_zdravi/recepty/budapestska-pomazanka-s-medvedim-cesnekem/?sid=757a0146d51e43b38b2c127ae57bd58a&t=n,https://happybaby.cz/vyziva_a_zdravi/recepty/budapestska-pomazanka-s-medvedim-cesnekem/?sid=757a0146d51e43b38b2c127ae57bd58a&t=n,1656680312,pomazánky,unread
https://happybaby.cz/zena/bezovy-sirup/?sid=0d9aaaf5c3634e62a837008f4a301c14&t=n,https://happybaby.cz/zena/bezovy-sirup/?sid=0d9aaaf5c3634e62a837008f4a301c14&t=n,1656855983,nápoje,unread
https://happybaby.cz/vyziva_a_zdravi/recepty/dynovy-sirup-a-latte/?sid=7daf89231d65451d86e9943529635c06&t=n,https://happybaby.cz/vyziva_a_zdravi/recepty/dynovy-sirup-a-latte/?sid=7daf89231d65451d86e9943529635c06&t=n,1656963701,nápoje,unread
https://happybaby.cz/zena/bozi-milosti-tradicni-velikonocni-recept/?utm_source=SmartEmailing&utm_medium=email&sid=f4d5c772dcd4453ca9558c64c6249b2a&t=m,https://happybaby.cz/zena/bozi-milosti-tradicni-velikonocni-recept/?utm_source=SmartEmailing&utm_medium=email&sid=f4d5c772dcd4453ca9558c64c6249b2a&t=m,1657202368,dezerty|velikonoce,unread
https://happybaby.cz/vyziva_a_zdravi/recepty/nakyp-s-medvedim-cesnekem/?utm_source=SmartEmailing&utm_medium=email&utm_campaign=Babylove&sid=e17615a3eeab4ecebe9e7cc57dd0c38b&t=m,https://happybaby.cz/vyziva_a_zdravi/recepty/nakyp-s-medvedim-cesnekem/?utm_source=SmartEmailing&utm_medium=email&utm_campaign=Babylove&sid=e17615a3eeab4ecebe9e7cc57dd0c38b&t=m,1657203544,přílohy|svačiny a chuťovky,unread
Recipe for Ice Cream Sandwiches,https://elanaspantry.com/recipe-for-ice-cream-sandwichs/,1657463492,dezerty,unread
Chocolate Zucchini Bread,https://fitfoodiefinds.com/chocolate-zucchini-bread/,1657464113,dezerty|svačiny a chuťovky,unread
Křupavý vepřový bůček,https://megvkuchyni.cz/recepty/hlavni-jidla/z-veproveho-masa/krupavy-veprovy-bucek/,1657629625,hlavní jídla,unread
Watermelon Rind Salad with Feta & Arugula,https://www.fannetasticfood.com/feta-watermelon-rind-salad/,1657629746,saláty,unread
"Bistro N: Mexická polévka z trojplechovčí, co je výborná, když je člověk ne",https://denikn.cz/906765/bistro-n-mexicka-polevka-z-trojplechovci-co-je-vyborna-kdyz-je-clovek-nemocny/,1657974926,polévky,unread
Crockpot Spanish Rice,https://lilluna.com/crockpot-spanish-rice/,1658062633,přílohy,unread
Hamburger Recipe,https://lilluna.com/hamburger-recipe/,1658062689,hlavní jídla,unread
Cowboy Cookies,https://abeautifulmess.com/cowboy-cookies/,1658062537,dezerty,unread
Tomato Peach Crostini with Hot Bacon Dressing.,https://www.halfbakedharvest.com/tomato-peach-crostini/,1658233442,svačiny a chuťovky,unread
Easy Weekday Frittata for Kids,https://www.ahealthysliceoflife.com/easy-weekday-frittata-for-kids/,1658234481,snídaně,unread
Cucumber Mint Margaritas.,https://www.howsweeteats.com/2022/07/cucumber-mint-margarita/,1658408540,nápoje,unread
Homemade Pancakes – Without Milk,https://abeautifulmess.com/homemade-pancakes-without-milk/,1658497237,snídaně,unread
Zucchini Corn Fritters with Lemon Basil Aioli.,https://www.howsweeteats.com/2022/07/zucchini-corn-fritters/,1658928785,přílohy,unread
Vegan Tiramisu Pudding Cups,https://minimalistbaker.com/vegan-tiramisu-pudding/,1659011088,dezerty,unread
Creamy Chilled Queso Dip.,https://www.howsweeteats.com/2022/07/creamy-chilled-queso/,1659010940,svačiny a chuťovky,unread
Dirt Cake With Worms,https://lilluna.com/dirt-cake-with-worms/,1659193146,dezerty,unread
Overnight Oats – Basic Ratio   15 Recipes,https://abeautifulmess.com/overnight-oats-basic-ratio/,1659190313,snídaně,unread
Mango Frosé.,https://www.howsweeteats.com/2022/08/mango-frose/,1659618397,nápoje,unread
https://nowthaticando.com/home/30-easy-hairstyles-for-moms-with-long-hair-besides-a-ponytail,https://nowthaticando.com/home/30-easy-hairstyles-for-moms-with-long-hair-besides-a-ponytail,1659717458,kosmetika,unread
Creamed Corn,https://thecookingjar.com/creamed-corn/,1659881289,přílohy,unread
BBQ Chicken Salad,https://lilluna.com/bbq-chicken-salad/,1660398080,hlavní jídla|saláty,unread
Raspberry Thyme Negroni Sour.,https://www.halfbakedharvest.com/negroni-sour/,1660396045,nápoje,unread
Vegan Panna Cotta with Mixed Berries,https://minimalistbaker.com/vegan-panna-cotta-with-mixed-berries/,1660658938,dezerty,unread
Tater Tot Waffles,https://www.theleangreenbean.com/tater-tot-waffles/,1660658385,snídaně,unread
Sheet Pan Totchos,https://abeautifulmess.com/sheet-pan-totchos/,1660658745,hlavní jídla,unread
Cheesy Pesto Avocado Bacon Breakfast Burrito.,https://www.halfbakedharvest.com/avocado-bacon-breakfast-burrito/,1661346665,snídaně,unread
Weeknight Taco Stuffed Avocados.,https://www.howsweeteats.com/2022/08/weeknight-taco-stuffed-avocados/,1661430336,hlavní jídla,unread
Pumpkin Mousse Pie,https://fedandfit.com/pumpkin-mousse-pie/,1661431074,dezerty,unread
Cornbread Casserole,https://lilluna.com/cornbread-casserole/,1661694069,přílohy,unread
Fluffy Banana Chickpea Muffins (kid-friendly!),https://www.hummusapien.com/chickpea-muffins/,1661777865,děti|dezerty|svačiny a chuťovky,unread
Fudge Frosted Chocolate Olive Oil Sheet Cake.,https://www.halfbakedharvest.com/chocolate-olive-oil-sheet-cake/,1662128339,dezerty,unread
Easy Broccoli Salad,https://abeautifulmess.com/easy-broccoli-salad/,1662128830,saláty,unread
Crispy Baked Tofu Nuggets,https://minimalistbaker.com/crispy-baked-tofu-nuggets/,1662490856,hlavní jídla|svačiny a chuťovky,unread
Broccoli Cheese Casserole with Orzo,https://fitfoodiefinds.com/broccoli-cheese-casserole-with-orzo/,1662852803,přílohy,unread
Simple Cucumber Salad,https://abeautifulmess.com/simple-cucumber-salad/,1662852383,saláty,unread
Simple Baked Spaghetti Squash,https://fitfoodiefinds.com/simple-baked-spaghetti-squash/,1663506799,přílohy,unread
Linguine s kuracím ragú,https://akochutimasala.blogspot.com/2022/09/linguine-s-kuracim-ragu-alebo-ako.html,1663511687,hlavní jídla,unread
Shrimp Scampi Sheet Pan Meal,https://www.eatingbirdfood.com/shrimp-scampi-sheet-pan-meal/,1663597891,hlavní jídla,unread
Fluffy Gluten-Free Focaccia Bread,https://minimalistbaker.com/fluffy-gluten-free-focaccia-bread/,1663855884,pečivo|přílohy,unread
Slow Cooker Barbacoa,https://lilluna.com/slow-cooker-barbacoa/,1663856004,hlavní jídla,unread
Mini Ranch Pretzels with Buffalo Cheese Sauce.,https://www.halfbakedharvest.com/ranch-pretzels/,1663854320,svačiny a chuťovky,unread
Pumpkin Chai Crinkle Cookies.,https://www.howsweeteats.com/2022/09/pumpkin-chai-crinkle-cookies/,1663936726,dezerty,unread
Dýňovo-kakaová bábovka,https://mamapecedoma.com/2022/09/25/dynovo-kakaova-babovka/,1664112328,dezerty,unread
Simple Pork Noodles,https://fitfoodiefinds.com/simple-pork-noodles/,1664111762,hlavní jídla,unread
Chili Crisp Butternut Squash Dumplings in Ginger Soy Broth.,https://www.halfbakedharvest.com/butternut-squash-dumplings/,1664195349,hlavní jídla,unread
Red Chilaquiles,https://www.eatingbirdfood.com/red-chilaquiles/,1664195453,hlavní jídla|snídaně,unread
Caramel Cider Crush.,https://www.howsweeteats.com/2022/09/apple-cider-cocktail/,1664456954,nápoje,unread
Thai Peanut Chicken Thighs,https://api.follow.it/track-rss-story-click/v3/rEWKlIZB07jQQBb0dUqXo27fhEn5oRuR,1664454085,hlavní jídla,unread
Easy Homemade Mayo Recipe,https://fedandfit.com/homemade-mayo/,1664457193,přílohy,unread
Pumpkin Cheesecake Baked Oatmeal.,https://www.howsweeteats.com/2022/09/pumpkin-cheesecake-baked-oatmeal/,1664543161,snídaně,unread
Smoky Sanderson Sister’s Smash.,https://www.halfbakedharvest.com/smoky-sanderson-sisters-smash/,1664629290,nápoje,unread
Oreo Buckeyes,https://www.thespiffycookie.com/2022/10/01/oreo-buckeyes/?utm_source=feedly&utm_medium=rss&utm_campaign=oreo-buckeyes,1664630019,dezerty,unread
Pumpkin Spice Hot Chocolate,https://www.hummusapien.com/pumpkin-spice-hot-chocolate/,1666194512,nápoje,unread
Edible Bottle Cake Topper – 21st Birthday Cake Idea,https://abeautifulmess.com/edible-bottle-cake-topper-21st-birthday-cake-idea/,1666195006,dezerty,unread
https://wellnessmama.com/recipes/korean-chicken-wings-gochujang-sauce/#wprm-recipe-container-446501,https://wellnessmama.com/recipes/korean-chicken-wings-gochujang-sauce/#wprm-recipe-container-446501,1666661202,hlavní jídla,unread
Sweet & Sour Sauce,https://abeautifulmess.com/sweet-sour-sauce/,1667662017,hlavní jídla,unread
Dairy Free Pumpkin Bisque,https://elanaspantry.com/dairy-free-pumpkin-bisque/,1667661916,polévky,unread
Classic Vegan Gluten-Free Chocolate Chip Cookies,https://minimalistbaker.com/vegan-gluten-free-chocolate-chip-cookies/,1669966570,dezerty,unread
Soft & Chewy Gingerbread Cookies,https://abeautifulmess.com/soft-chewy-gingerbread-cookies/,1669966125,cukroví|dezerty|vánoce,unread
Italian Herb Tofu & Winter Vegetable Sheet Pan Meal,https://minimalistbaker.com/italian-tofu-veggie-sheet-pan-meal/,1669966399,hlavní jídla,unread
https://www.yogajournal.com/lifestyle/stay-balanced-with-ayurveda/?_hsmi=90188624&_hsenc=p2ANqtz--jabbqicvl5dXE3RawqqPIHrmaJg1wpllb2cJHiUDc7_TWNAossh5q9XmpXOcFMhmCvvoCZPwg7FCuo2sBFP0dENyivw&utm_campaign=YOG%20-%20NL%20-%20Practice%20Life%20&utm_medium=email&utm_content=90188624&utm_source=hs_email,https://www.yogajournal.com/lifestyle/stay-balanced-with-ayurveda/?_hsmi=90188624&_hsenc=p2ANqtz--jabbqicvl5dXE3RawqqPIHrmaJg1wpllb2cJHiUDc7_TWNAossh5q9XmpXOcFMhmCvvoCZPwg7FCuo2sBFP0dENyivw&utm_campaign=YOG%20-%20NL%20-%20Practice%20Life%20&utm_medium=email&utm_content=90188624&utm_source=hs_email,1674183394,saláty,unread
https://www.yogajournal.com/recipes/immunity-boosting-yogurt-granola-berry-breakfast-popsicle/?_hsmi=91223079&_hsenc=p2ANqtz-_9rOC33Vd7ByHpz1pOe8hDSBMwwVrCctmLpQ3RCnfJ7kOr-inaIX_tkPSDkrVjFJxSe6XzlItuXx2LkiunF0MSQLUH9w&utm_campaign=YOG%20-%20NL%20-%20Practice%20Life%20&utm_medium=email&utm_content=91223079&utm_source=hs_email,https://www.yogajournal.com/recipes/immunity-boosting-yogurt-granola-berry-breakfast-popsicle/?_hsmi=91223079&_hsenc=p2ANqtz-_9rOC33Vd7ByHpz1pOe8hDSBMwwVrCctmLpQ3RCnfJ7kOr-inaIX_tkPSDkrVjFJxSe6XzlItuXx2LkiunF0MSQLUH9w&utm_campaign=YOG%20-%20NL%20-%20Practice%20Life%20&utm_medium=email&utm_content=91223079&utm_source=hs_email,1674335813,snídaně,unread
https://www.yogajournal.com/recipes/roasted-rainbow-cauliflower-turmeric-tahini-dressing/?utm_campaign=YOG%20-%20NL%20-%20Practice%20Life%20&utm_medium=email&_hsmi=139472900&_hsenc=p2ANqtz--p32OXR40XmOWW8nS8x0Bl0xo2lP80mbBmuZpEapBw3Zmjur-PQMB55YiIj6BjbBGmKNSo-VRrdfDEuliwy2GlRH6HGQ&utm_content=139462134&utm_source=hs_email,https://www.yogajournal.com/recipes/roasted-rainbow-cauliflower-turmeric-tahini-dressing/?utm_campaign=YOG%20-%20NL%20-%20Practice%20Life%20&utm_medium=email&_hsmi=139472900&_hsenc=p2ANqtz--p32OXR40XmOWW8nS8x0Bl0xo2lP80mbBmuZpEapBw3Zmjur-PQMB55YiIj6BjbBGmKNSo-VRrdfDEuliwy2GlRH6HGQ&utm_content=139462134&utm_source=hs_email,1675151444,saláty,unread
https://www.nila.cz/blog/archiv/navstevy/u-petry-na-podhoracku/,https://www.nila.cz/blog/archiv/navstevy/u-petry-na-podhoracku/,1677999408,dezerty|nápoje,unread
https://www.nila.cz/blog/archiv/navstevy/zivot-mezi-vinicemi/?utm_source=newsletter&utm_medium=email&utm_campaign=23_10_2022&utm_id=email,https://www.nila.cz/blog/archiv/navstevy/zivot-mezi-vinicemi/?utm_source=newsletter&utm_medium=email&utm_campaign=23_10_2022&utm_id=email,1678251063,dezerty,unread
Chia — SKRYTÉ,https://mariehelen.cz/doplnujici-info/chia-skryte/,1709289298,snídaně,unread
https://mariehelen.cz/doplnujici-info/vanocni-cukrovi-skryte/,https://mariehelen.cz/doplnujici-info/vanocni-cukrovi-skryte/,1709303463,cukroví,unread
Buttermilk Biscuits,https://thecozycook.com/buttermilk-biscuit-recipe/,1738187931,přílohy,unread
Instant Pot Sesame-Orange Chicken | Against All Grain - Delectable paleo recipes to eat & feel great,https://againstallgrain.com/2017/11/29/instantpot-orange-sesame-chicken-recipe/,1738227659,hlavní jídla,unread
Tex-Mex Ground Beef and Rice Skillet,https://masonfit.com/tex-mex-ground-beef-and-rice-skillet/,1738270479,hlavní jídla,unread
Corn Chowder,https://tastesbetterfromscratch.com/corn-chowder-with-chilies/,1738317213,polévky,unread
Beef Stew with Carrots & Potatoes,https://www.onceuponachef.com/recipes/beef-stew-with-carrots-potatoes.html#tabrecipe,1738317565,hlavní jídla,unread
Honey Sriracha Ground Chicken and Broccoli,https://www.bigoven.com/recipe/honey-sriracha-ground-chicken-and-broccoli/2810404,1738354870,hlavní jídla,unread
Egg Bites with Bacon & Gruyère,https://www.onceuponachef.com/recipes/bacon-gruyere-egg-bites.html,1738444917,snídaně,unread
https://www.parents.com/recipes/scoop-on-food/20-back-to-school-breakfasts/?hid=7fc5bec401b24ff3a26036858b084e894e3c01cb&did=16070248-20250108&utm_source=parents&utm_medium=email&utm_campaign=parents-daily_newsletter&utm_content=010825&lctg=7fc5bec401b24ff3a26036858b084e894e3c01cb&lr_input=cfa479f53879bf3e1fa19957ba2b66e6fc7478ef691cb98bf0dd2bb834f0db97,https://www.parents.com/recipes/scoop-on-food/20-back-to-school-breakfasts/?hid=7fc5bec401b24ff3a26036858b084e894e3c01cb&did=16070248-20250108&utm_source=parents&utm_medium=email&utm_campaign=parents-daily_newsletter&utm_content=010825&lctg=7fc5bec401b24ff3a26036858b084e894e3c01cb&lr_input=cfa479f53879bf3e1fa19957ba2b66e6fc7478ef691cb98bf0dd2bb834f0db97,1738962361,snídaně,unread
Mississippi Pot Roast {The BEST Pot Roast EVER},https://belleofthekitchen.com/mississippi-pot-roast/,1743433616,,unread
This Vibrant Salmon Salad with Citrus & Avocado Salad Tastes Like Spring,https://camillestyles.com/food/salmon-salad/,1743755248,,unread
"This Salty Dog Cocktail is Sweet, Tart, and Easy—Make It for Your Main Squeeze This Valentine’s",https://camillestyles.com/food/grapefruit-vodka-cocktail/,1745442060,,unread
Stovetop Meatless Lentil Soup (Tastes Like Sausage!),https://www.kitchenstewardship.com/meatless-lentil-soup/,1745610141,,unread
My Super Greens Frittata Is Basically Spring on a Plate,https://camillestyles.com/food/super-greens-frittata/,1745610284,,unread
"This Gut-Healthy, Protein-Packed Breakfast Is My Current Morning Staple",https://camillestyles.com/food/recipes/breakfast/berry-yogurt-parfait/,1745610331,,unread
This Genius Trick for Lemon Poppy Seed Muffins Makes This Recipe the Best You’ve Ever Tasted,https://camillestyles.com/food/lemon-poppy-seed-muffins/,1745610343,,unread
Lemon Blueberry Muffins (Grain Free),https://wellnessmama.com/recipes/breakfast/lemon-blueberry-muffins/,1745611416,,unread
"Best Easy Egg Roll in a Bowl: A Flavorful, Healthy Meal",https://wellnessmama.com/recipes/egg-roll-bowl/,1747054560,,unread
https://wellnessmama.com/recipes/beet-gummies/,https://wellnessmama.com/recipes/beet-gummies/,1747054578,,unread
https://www.mamanatural.com/quinoa-tabbouleh/?utm_source=ONTRAPORT-email-campaign&utm_medium=ONTRAPORT-email-campaign&utm_term=&utm_content=%F0%9F%98%8B+Try+this+delicious+gluten-free+dish&utm_campaign=2025+MN+BP+BRAINPOWER+%F0%9F%A7%A0%E2%9A%A1+Emails,https://www.mamanatural.com/quinoa-tabbouleh/?utm_source=ONTRAPORT-email-campaign&utm_medium=ONTRAPORT-email-campaign&utm_term=&utm_content=%F0%9F%98%8B+Try+this+delicious+gluten-free+dish&utm_campaign=2025+MN+BP+BRAINPOWER+%F0%9F%A7%A0%E2%9A%A1+Emails,1747225821,,unread
Homemade Curry Powder Recipe (Mild & Not Too Spicy),https://wellnessmama.com/recipes/curry-powder-recipe/,1748021821,,unread
https://wellnessmama.com/recipes/apple-cinnamon-muffins/?utm_source=convertkit&utm_medium=email&utm_campaign=Weekly+Recap+From+Wellness+Mama+%F0%9F%90%B0%F0%9F%8D%8E%F0%9F%A5%9A%F0%9F%8C%BF+++++-+17334472,https://wellnessmama.com/recipes/apple-cinnamon-muffins/?utm_source=convertkit&utm_medium=email&utm_campaign=Weekly+Recap+From+Wellness+Mama+%F0%9F%90%B0%F0%9F%8D%8E%F0%9F%A5%9A%F0%9F%8C%BF+++++-+17334472,1748169546,dezerty,unread
https://wellnessmama.com/recipes/homemade-stevia-extract/?utm_source=convertkit&utm_medium=email&utm_campaign=Weekly+Recap+From+Wellness+Mama+%F0%9F%90%B0%F0%9F%8D%8E%F0%9F%A5%9A%F0%9F%8C%BF+++++-+17334472,https://wellnessmama.com/recipes/homemade-stevia-extract/?utm_source=convertkit&utm_medium=email&utm_campaign=Weekly+Recap+From+Wellness+Mama+%F0%9F%90%B0%F0%9F%8D%8E%F0%9F%A5%9A%F0%9F%8C%BF+++++-+17334472,1748169591,,unread
